id,module,name,file,doc,markers,status,message,duration
butter/mas/tests/api_test.py::TestHttpClientApiMethods::testGetAvailableSounds,butter.mas.tests.api_test,testGetAvailableSounds,butter/mas/tests/clients/client_test.py,,,passed,,0.011522181332111359
butter/mas/tests/clients/client_http_test.py::TestHttpClientApiMethods::testMoveMotorToPosition,butter.mas.tests.clients.client_http_test,testMoveMotorToPosition,butter/mas/tests/clients/client_test.py,,,passed,,0.0035103261470794678
butter/mas/tests/clients/client_http_test.py::TestHttpClientApiMethods::testStopAudio,butter.mas.tests.clients.client_http_test,testStopAudio,butter/mas/tests/clients/client_test.py,,,passed,,0.003645770251750946
butter/mas/tests/api_test.py::TestHttpClientApiMethods::testStopAnimation,butter.mas.tests.api_test,testStopAnimation,butter/mas/tests/clients/client_test.py,,,passed,,0.00442427396774292
butter/mas/tests/clients/client_http_test.py::TestHttpClientApiMethods::testResumeAudio,butter.mas.tests.clients.client_http_test,testResumeAudio,butter/mas/tests/clients/client_test.py,,,passed,,0.0037681981921195984
butter/mas/tests/api_test.py::TestHttpClientApiMethods::testPauseAudio,butter.mas.tests.api_test,testPauseAudio,butter/mas/tests/clients/client_test.py,,,passed,,0.0035087987780570984
butter/mas/tests/clients/client_http_test.py::TestHttpClientApiMethods::testPauseAudio,butter.mas.tests.clients.client_http_test,testPauseAudio,butter/mas/tests/clients/client_test.py,,,passed,,0.0032977834343910217
butter/mas/tests/clients/client_http_test.py::TestHttpClientApiMethods::testGetMotorRegisterRange,butter.mas.tests.clients.client_http_test,testGetMotorRegisterRange,butter/mas/tests/clients/client_test.py,,,passed,,0.0037748441100120544
butter/mas/tests/clients/client_http_test.py::TestHttpClientApiMethods::testStopAnimation,butter.mas.tests.clients.client_http_test,testStopAnimation,butter/mas/tests/clients/client_test.py,,,passed,,0.0042120665311813354
butter/mas/tests/api_test.py::TestHttpClientApiMethods::testResumeAudio,butter.mas.tests.api_test,testResumeAudio,butter/mas/tests/clients/client_test.py,,,passed,,0.0036995410919189453
butter/mas/tests/clients/client_http_test.py::TestHttpClientApiMethods::testGetAvailableHandlers,butter.mas.tests.clients.client_http_test,testGetAvailableHandlers,butter/mas/tests/clients/client_test.py,,,passed,,0.0032856985926628113
butter/mas/tests/api_test.py::TestHttpClientApiMethods::testGetAvailableAnimations,butter.mas.tests.api_test,testGetAvailableAnimations,butter/mas/tests/clients/client_test.py,,,passed,,0.003391936421394348
butter/mas/tests/clients/client_http_test.py::TestHttpClientApiMethods::testGetAvailableSounds,butter.mas.tests.clients.client_http_test,testGetAvailableSounds,butter/mas/tests/clients/client_test.py,,,passed,,0.003963775932788849
butter/mas/tests/clients/client_http_test.py::TestHttpClientApiMethods::testSetMotorRegister,butter.mas.tests.clients.client_http_test,testSetMotorRegister,butter/mas/tests/clients/client_test.py,,,passed,,0.003176182508468628
butter/mas/tests/api_test.py::TestHttpClientApiMethods::testPauseAnimation,butter.mas.tests.api_test,testPauseAnimation,butter/mas/tests/clients/client_test.py,,,passed,,0.0031854063272476196
butter/mas/tests/api_test.py::TestHttpClientApiMethods::testPlayAnimation,butter.mas.tests.api_test,testPlayAnimation,butter/mas/tests/clients/client_test.py,,,passed,,0.003157608211040497
butter/mas/tests/api_test.py::TestHttpClientApiMethods::testGetMotorRegisterRange,butter.mas.tests.api_test,testGetMotorRegisterRange,butter/mas/tests/clients/client_test.py,,,passed,,0.003529265522956848
butter/mas/tests/api_test.py::TestHttpClientApiMethods::testGetAvailableHandlers,butter.mas.tests.api_test,testGetAvailableHandlers,butter/mas/tests/clients/client_test.py,,,passed,,0.0036028027534484863
butter/mas/tests/clients/client_http_test.py::TestHttpClientApiMethods::testResumeAnimation,butter.mas.tests.clients.client_http_test,testResumeAnimation,butter/mas/tests/clients/client_test.py,,,passed,,0.003808848559856415
butter/mas/tests/api_test.py::TestHttpClientApiMethods::testMoveMotorInDirection,butter.mas.tests.api_test,testMoveMotorInDirection,butter/mas/tests/clients/client_test.py,,,passed,,0.003733135759830475
butter/mas/tests/api_test.py::TestHttpClientApiMethods::testGetMotorRegister,butter.mas.tests.api_test,testGetMotorRegister,butter/mas/tests/clients/client_test.py,,,passed,,0.0036358460783958435
butter/mas/tests/clients/client_http_test.py::TestHttpClientApiMethods::testPauseAnimation,butter.mas.tests.clients.client_http_test,testPauseAnimation,butter/mas/tests/clients/client_test.py,,,passed,,0.003260001540184021
butter/mas/tests/api_test.py::TestHttpClientApiMethods::testMoveMotorToPosition,butter.mas.tests.api_test,testMoveMotorToPosition,butter/mas/tests/clients/client_test.py,,,passed,,0.0030717700719833374
butter/mas/tests/clients/client_http_test.py::TestHttpClientApiMethods::testMoveMotorInTime,butter.mas.tests.clients.client_http_test,testMoveMotorInTime,butter/mas/tests/clients/client_test.py,,,passed,,0.0031604692339897156
butter/mas/tests/api_test.py::TestHttpClientApiMethods::testSetMotorRegister,butter.mas.tests.api_test,testSetMotorRegister,butter/mas/tests/clients/client_test.py,,,passed,,0.003533594310283661
butter/mas/tests/api_test.py::TestHttpClientApiMethods::testStopAudio,butter.mas.tests.api_test,testStopAudio,butter/mas/tests/clients/client_test.py,,,passed,,0.003977321088314056
butter/mas/tests/api_test.py::TestHttpClientApiMethods::testGetAvailableMotorRegisters,butter.mas.tests.api_test,testGetAvailableMotorRegisters,butter/mas/tests/clients/client_test.py,,,passed,,0.004797801375389099
butter/mas/tests/clients/client_http_test.py::TestHttpClientApiMethods::testGetAvailableMotorRegisters,butter.mas.tests.clients.client_http_test,testGetAvailableMotorRegisters,butter/mas/tests/clients/client_test.py,,,passed,,0.004787951707839966
butter/mas/tests/api_test.py::TestHttpClientApiMethods::testResumeAnimation,butter.mas.tests.api_test,testResumeAnimation,butter/mas/tests/clients/client_test.py,,,passed,,0.007098965346813202
butter/mas/tests/clients/client_http_test.py::TestHttpClientApiMethods::testMoveMotorInDirection,butter.mas.tests.clients.client_http_test,testMoveMotorInDirection,butter/mas/tests/clients/client_test.py,,,passed,,0.004142850637435913
butter/mas/tests/clients/client_http_test.py::TestHttpClientApiMethods::testPlayAnimation,butter.mas.tests.clients.client_http_test,testPlayAnimation,butter/mas/tests/clients/client_test.py,,,passed,,0.003345005214214325
butter/mas/tests/clients/client_http_test.py::TestHttpClientApiMethods::testPlayAudio,butter.mas.tests.clients.client_http_test,testPlayAudio,butter/mas/tests/clients/client_test.py,,,passed,,0.003066450357437134
butter/mas/tests/api_test.py::TestHttpClientApiMethods::testPlayAudio,butter.mas.tests.api_test,testPlayAudio,butter/mas/tests/clients/client_test.py,,,passed,,0.003575429320335388
butter/mas/tests/clients/client_http_test.py::TestHttpClientApiMethods::testGetMotorRegister,butter.mas.tests.clients.client_http_test,testGetMotorRegister,butter/mas/tests/clients/client_test.py,,,passed,,0.0031493008136749268
butter/mas/tests/clients/client_http_test.py::TestHttpClientApiMethods::testGetAvailableAnimations,butter.mas.tests.clients.client_http_test,testGetAvailableAnimations,butter/mas/tests/clients/client_test.py,,,passed,,0.0038515329360961914
butter/mas/tests/api_test.py::TestHttpClientApiMethods::testMoveMotorInTime,butter.mas.tests.api_test,testMoveMotorInTime,butter/mas/tests/clients/client_test.py,,,passed,,0.003066807985305786
