id,module,name,file,doc,markers,status,message,duration
butter/mas/tests/api_test.py::TestHttpClientApiMethods::testMoveMotorInTime,butter.mas.tests.api_test,testMoveMotorInTime,butter/mas/tests/clients/client_test.py,,,passed,,0.006753712892532349
butter/mas/tests/clients/client_http_test.py::TestHttpClientApiMethods::testMoveMotorToPosition,butter.mas.tests.clients.client_http_test,testMoveMotorToPosition,butter/mas/tests/clients/client_test.py,,,passed,,0.003275372087955475
butter/mas/tests/clients/client_http_test.py::TestHttpClientApiMethods::testGetAvailableSounds,butter.mas.tests.clients.client_http_test,testGetAvailableSounds,butter/mas/tests/clients/client_test.py,,,passed,,0.003163263201713562
butter/mas/tests/api_test.py::TestHttpClientApiMethods::testGetMotorRegister,butter.mas.tests.api_test,testGetMotorRegister,butter/mas/tests/clients/client_test.py,,,passed,,0.0033382922410964966
butter/mas/tests/api_test.py::TestHttpClientApiMethods::testPauseAnimation,butter.mas.tests.api_test,testPauseAnimation,butter/mas/tests/clients/client_test.py,,,passed,,0.0032995417714118958
butter/mas/tests/clients/client_http_test.py::TestHttpClientApiMethods::testGetMotorRegisterRange,butter.mas.tests.clients.client_http_test,testGetMotorRegisterRange,butter/mas/tests/clients/client_test.py,,,passed,,0.00316445529460907
butter/mas/tests/api_test.py::TestHttpClientApiMethods::testGetAvailableMotorRegisters,butter.mas.tests.api_test,testGetAvailableMotorRegisters,butter/mas/tests/clients/client_test.py,,,passed,,0.0036593154072761536
butter/mas/tests/api_test.py::TestHttpClientApiMethods::testPlayAnimation,butter.mas.tests.api_test,testPlayAnimation,butter/mas/tests/clients/client_test.py,,,passed,,0.004439644515514374
butter/mas/tests/clients/client_http_test.py::TestHttpClientApiMethods::testResumeAnimation,butter.mas.tests.clients.client_http_test,testResumeAnimation,butter/mas/tests/clients/client_test.py,,,passed,,0.003671683371067047
butter/mas/tests/api_test.py::TestHttpClientApiMethods::testGetAvailableSounds,butter.mas.tests.api_test,testGetAvailableSounds,butter/mas/tests/clients/client_test.py,,,passed,,0.0030260905623435974
butter/mas/tests/api_test.py::TestHttpClientApiMethods::testResumeAnimation,butter.mas.tests.api_test,testResumeAnimation,butter/mas/tests/clients/client_test.py,,,passed,,0.0030363574624061584
butter/mas/tests/api_test.py::TestHttpClientApiMethods::testMoveMotorInDirection,butter.mas.tests.api_test,testMoveMotorInDirection,butter/mas/tests/clients/client_test.py,,,passed,,0.003391735255718231
butter/mas/tests/api_test.py::TestHttpClientApiMethods::testSetMotorRegister,butter.mas.tests.api_test,testSetMotorRegister,butter/mas/tests/clients/client_test.py,,,passed,,0.003292262554168701
butter/mas/tests/clients/client_http_test.py::TestHttpClientApiMethods::testResumeAudio,butter.mas.tests.clients.client_http_test,testResumeAudio,butter/mas/tests/clients/client_test.py,,,passed,,0.002940453588962555
butter/mas/tests/api_test.py::TestHttpClientApiMethods::testResumeAudio,butter.mas.tests.api_test,testResumeAudio,butter/mas/tests/clients/client_test.py,,,passed,,0.00305388867855072
butter/mas/tests/clients/client_http_test.py::TestHttpClientApiMethods::testStopAnimation,butter.mas.tests.clients.client_http_test,testStopAnimation,butter/mas/tests/clients/client_test.py,,,passed,,0.003018125891685486
butter/mas/tests/clients/client_http_test.py::TestHttpClientApiMethods::testMoveMotorInDirection,butter.mas.tests.clients.client_http_test,testMoveMotorInDirection,butter/mas/tests/clients/client_test.py,,,passed,,0.003594145178794861
butter/mas/tests/api_test.py::TestHttpClientApiMethods::testStopAnimation,butter.mas.tests.api_test,testStopAnimation,butter/mas/tests/clients/client_test.py,,,passed,,0.005012087523937225
butter/mas/tests/clients/client_http_test.py::TestHttpClientApiMethods::testPlayAudio,butter.mas.tests.clients.client_http_test,testPlayAudio,butter/mas/tests/clients/client_test.py,,,passed,,0.0037416666746139526
butter/mas/tests/api_test.py::TestHttpClientApiMethods::testGetAvailableAnimations,butter.mas.tests.api_test,testGetAvailableAnimations,butter/mas/tests/clients/client_test.py,,,passed,,0.0030730217695236206
butter/mas/tests/clients/client_http_test.py::TestHttpClientApiMethods::testSetMotorRegister,butter.mas.tests.clients.client_http_test,testSetMotorRegister,butter/mas/tests/clients/client_test.py,,,passed,,0.003584645688533783
butter/mas/tests/clients/client_http_test.py::TestHttpClientApiMethods::testGetAvailableAnimations,butter.mas.tests.clients.client_http_test,testGetAvailableAnimations,butter/mas/tests/clients/client_test.py,,,passed,,0.0030509531497955322
butter/mas/tests/api_test.py::TestHttpClientApiMethods::testStopAudio,butter.mas.tests.api_test,testStopAudio,butter/mas/tests/clients/client_test.py,,,passed,,0.0038277804851531982
butter/mas/tests/clients/client_http_test.py::TestHttpClientApiMethods::testGetMotorRegister,butter.mas.tests.clients.client_http_test,testGetMotorRegister,butter/mas/tests/clients/client_test.py,,,passed,,0.0037968382239341736
butter/mas/tests/clients/client_http_test.py::TestHttpClientApiMethods::testGetAvailableHandlers,butter.mas.tests.clients.client_http_test,testGetAvailableHandlers,butter/mas/tests/clients/client_test.py,,,passed,,0.0033856555819511414
butter/mas/tests/clients/client_http_test.py::TestHttpClientApiMethods::testPauseAudio,butter.mas.tests.clients.client_http_test,testPauseAudio,butter/mas/tests/clients/client_test.py,,,passed,,0.002953656017780304
butter/mas/tests/api_test.py::TestHttpClientApiMethods::testPlayAudio,butter.mas.tests.api_test,testPlayAudio,butter/mas/tests/clients/client_test.py,,,passed,,0.002932630479335785
butter/mas/tests/clients/client_http_test.py::TestHttpClientApiMethods::testPlayAnimation,butter.mas.tests.clients.client_http_test,testPlayAnimation,butter/mas/tests/clients/client_test.py,,,passed,,0.0030568987131118774
butter/mas/tests/api_test.py::TestHttpClientApiMethods::testGetAvailableHandlers,butter.mas.tests.api_test,testGetAvailableHandlers,butter/mas/tests/clients/client_test.py,,,passed,,0.00397104024887085
butter/mas/tests/api_test.py::TestHttpClientApiMethods::testMoveMotorToPosition,butter.mas.tests.api_test,testMoveMotorToPosition,butter/mas/tests/clients/client_test.py,,,passed,,0.003053121268749237
butter/mas/tests/api_test.py::TestHttpClientApiMethods::testGetMotorRegisterRange,butter.mas.tests.api_test,testGetMotorRegisterRange,butter/mas/tests/clients/client_test.py,,,passed,,0.0029625296592712402
butter/mas/tests/api_test.py::TestHttpClientApiMethods::testPauseAudio,butter.mas.tests.api_test,testPauseAudio,butter/mas/tests/clients/client_test.py,,,passed,,0.0035952627658843994
butter/mas/tests/clients/client_http_test.py::TestHttpClientApiMethods::testMoveMotorInTime,butter.mas.tests.clients.client_http_test,testMoveMotorInTime,butter/mas/tests/clients/client_test.py,,,passed,,0.0034086331725120544
butter/mas/tests/clients/client_http_test.py::TestHttpClientApiMethods::testStopAudio,butter.mas.tests.clients.client_http_test,testStopAudio,butter/mas/tests/clients/client_test.py,,,passed,,0.0030566081404685974
butter/mas/tests/clients/client_http_test.py::TestHttpClientApiMethods::testGetAvailableMotorRegisters,butter.mas.tests.clients.client_http_test,testGetAvailableMotorRegisters,butter/mas/tests/clients/client_test.py,,,passed,,0.002927258610725403
butter/mas/tests/clients/client_http_test.py::TestHttpClientApiMethods::testPauseAnimation,butter.mas.tests.clients.client_http_test,testPauseAnimation,butter/mas/tests/clients/client_test.py,,,passed,,0.002860136330127716
