id,module,name,file,doc,markers,status,message,duration
butter/mas/tests/api_test.py::TestHttpClientApiMethods::testMoveMotorInDirection,butter.mas.tests.api_test,testMoveMotorInDirection,butter/mas/tests/clients/client_test.py,,,passed,,0.008894644677639008
butter/mas/tests/api_test.py::TestHttpClientApiMethods::testPauseAudio,butter.mas.tests.api_test,testPauseAudio,butter/mas/tests/clients/client_test.py,,,passed,,0.004208236932754517
butter/mas/tests/clients/client_http_test.py::TestHttpClientApiMethods::testMoveMotorToPosition,butter.mas.tests.clients.client_http_test,testMoveMotorToPosition,butter/mas/tests/clients/client_test.py,,,passed,,0.0032677501440048218
butter/mas/tests/api_test.py::TestHttpClientApiMethods::testGetMotorRegister,butter.mas.tests.api_test,testGetMotorRegister,butter/mas/tests/clients/client_test.py,,,passed,,0.0037868469953536987
butter/mas/tests/api_test.py::TestHttpClientApiMethods::testGetAvailableAnimations,butter.mas.tests.api_test,testGetAvailableAnimations,butter/mas/tests/clients/client_test.py,,,passed,,0.0036882981657981873
butter/mas/tests/api_test.py::TestHttpClientApiMethods::testResumeAnimation,butter.mas.tests.api_test,testResumeAnimation,butter/mas/tests/clients/client_test.py,,,passed,,0.003442719578742981
butter/mas/tests/clients/client_http_test.py::TestHttpClientApiMethods::testStopAnimation,butter.mas.tests.clients.client_http_test,testStopAnimation,butter/mas/tests/clients/client_test.py,,,passed,,0.0032437965273857117
butter/mas/tests/clients/client_http_test.py::TestHttpClientApiMethods::testPlayAnimation,butter.mas.tests.clients.client_http_test,testPlayAnimation,butter/mas/tests/clients/client_test.py,,,passed,,0.00495244562625885
butter/mas/tests/api_test.py::TestHttpClientApiMethods::testStopAnimation,butter.mas.tests.api_test,testStopAnimation,butter/mas/tests/clients/client_test.py,,,passed,,0.005009859800338745
butter/mas/tests/api_test.py::TestHttpClientApiMethods::testPlayAudio,butter.mas.tests.api_test,testPlayAudio,butter/mas/tests/clients/client_test.py,,,passed,,0.0030485764145851135
butter/mas/tests/api_test.py::TestHttpClientApiMethods::testGetAvailableSounds,butter.mas.tests.api_test,testGetAvailableSounds,butter/mas/tests/clients/client_test.py,,,passed,,0.0031805261969566345
butter/mas/tests/api_test.py::TestHttpClientApiMethods::testGetMotorRegisterRange,butter.mas.tests.api_test,testGetMotorRegisterRange,butter/mas/tests/clients/client_test.py,,,passed,,0.003774210810661316
butter/mas/tests/api_test.py::TestHttpClientApiMethods::testGetAvailableHandlers,butter.mas.tests.api_test,testGetAvailableHandlers,butter/mas/tests/clients/client_test.py,,,passed,,0.0035611093044281006
butter/mas/tests/clients/client_http_test.py::TestHttpClientApiMethods::testGetMotorRegister,butter.mas.tests.clients.client_http_test,testGetMotorRegister,butter/mas/tests/clients/client_test.py,,,passed,,0.003872975707054138
butter/mas/tests/api_test.py::TestHttpClientApiMethods::testGetAvailableMotorRegisters,butter.mas.tests.api_test,testGetAvailableMotorRegisters,butter/mas/tests/clients/client_test.py,,,passed,,0.0032364055514335632
butter/mas/tests/clients/client_http_test.py::TestHttpClientApiMethods::testPauseAnimation,butter.mas.tests.clients.client_http_test,testPauseAnimation,butter/mas/tests/clients/client_test.py,,,passed,,0.0030614957213401794
butter/mas/tests/clients/client_http_test.py::TestHttpClientApiMethods::testResumeAnimation,butter.mas.tests.clients.client_http_test,testResumeAnimation,butter/mas/tests/clients/client_test.py,,,passed,,0.004847817122936249
butter/mas/tests/clients/client_http_test.py::TestHttpClientApiMethods::testStopAudio,butter.mas.tests.clients.client_http_test,testStopAudio,butter/mas/tests/clients/client_test.py,,,passed,,0.005501575767993927
butter/mas/tests/api_test.py::TestHttpClientApiMethods::testResumeAudio,butter.mas.tests.api_test,testResumeAudio,butter/mas/tests/clients/client_test.py,,,passed,,0.003981307148933411
butter/mas/tests/api_test.py::TestHttpClientApiMethods::testMoveMotorToPosition,butter.mas.tests.api_test,testMoveMotorToPosition,butter/mas/tests/clients/client_test.py,,,passed,,0.005410358309745789
butter/mas/tests/clients/client_http_test.py::TestHttpClientApiMethods::testSetMotorRegister,butter.mas.tests.clients.client_http_test,testSetMotorRegister,butter/mas/tests/clients/client_test.py,,,passed,,0.005384370684623718
butter/mas/tests/clients/client_http_test.py::TestHttpClientApiMethods::testGetAvailableAnimations,butter.mas.tests.clients.client_http_test,testGetAvailableAnimations,butter/mas/tests/clients/client_test.py,,,passed,,0.004143066704273224
butter/mas/tests/api_test.py::TestHttpClientApiMethods::testStopAudio,butter.mas.tests.api_test,testStopAudio,butter/mas/tests/clients/client_test.py,,,passed,,0.004561863839626312
butter/mas/tests/clients/client_http_test.py::TestHttpClientApiMethods::testPauseAudio,butter.mas.tests.clients.client_http_test,testPauseAudio,butter/mas/tests/clients/client_test.py,,,passed,,0.00461801141500473
butter/mas/tests/clients/client_http_test.py::TestHttpClientApiMethods::testGetAvailableHandlers,butter.mas.tests.clients.client_http_test,testGetAvailableHandlers,butter/mas/tests/clients/client_test.py,,,passed,,0.004468761384487152
butter/mas/tests/clients/client_http_test.py::TestHttpClientApiMethods::testGetAvailableMotorRegisters,butter.mas.tests.clients.client_http_test,testGetAvailableMotorRegisters,butter/mas/tests/clients/client_test.py,,,passed,,0.003369934856891632
butter/mas/tests/clients/client_http_test.py::TestHttpClientApiMethods::testMoveMotorInDirection,butter.mas.tests.clients.client_http_test,testMoveMotorInDirection,butter/mas/tests/clients/client_test.py,,,passed,,0.004289679229259491
butter/mas/tests/api_test.py::TestHttpClientApiMethods::testPlayAnimation,butter.mas.tests.api_test,testPlayAnimation,butter/mas/tests/clients/client_test.py,,,passed,,0.0034312009811401367
butter/mas/tests/clients/client_http_test.py::TestHttpClientApiMethods::testResumeAudio,butter.mas.tests.clients.client_http_test,testResumeAudio,butter/mas/tests/clients/client_test.py,,,passed,,0.004385650157928467
butter/mas/tests/clients/client_http_test.py::TestHttpClientApiMethods::testGetMotorRegisterRange,butter.mas.tests.clients.client_http_test,testGetMotorRegisterRange,butter/mas/tests/clients/client_test.py,,,passed,,0.003685370087623596
butter/mas/tests/api_test.py::TestHttpClientApiMethods::testMoveMotorInTime,butter.mas.tests.api_test,testMoveMotorInTime,butter/mas/tests/clients/client_test.py,,,passed,,0.003101654350757599
butter/mas/tests/api_test.py::TestHttpClientApiMethods::testSetMotorRegister,butter.mas.tests.api_test,testSetMotorRegister,butter/mas/tests/clients/client_test.py,,,passed,,0.003302954137325287
butter/mas/tests/clients/client_http_test.py::TestHttpClientApiMethods::testMoveMotorInTime,butter.mas.tests.clients.client_http_test,testMoveMotorInTime,butter/mas/tests/clients/client_test.py,,,passed,,0.003607146441936493
butter/mas/tests/clients/client_http_test.py::TestHttpClientApiMethods::testPlayAudio,butter.mas.tests.clients.client_http_test,testPlayAudio,butter/mas/tests/clients/client_test.py,,,passed,,0.0031240135431289673
butter/mas/tests/clients/client_http_test.py::TestHttpClientApiMethods::testGetAvailableSounds,butter.mas.tests.clients.client_http_test,testGetAvailableSounds,butter/mas/tests/clients/client_test.py,,,passed,,0.0030302777886390686
butter/mas/tests/api_test.py::TestHttpClientApiMethods::testPauseAnimation,butter.mas.tests.api_test,testPauseAnimation,butter/mas/tests/clients/client_test.py,,,passed,,0.0032989829778671265
