id,module,name,file,doc,markers,status,message,duration
butter/mas/tests/clients/client_http_test.py::TestHttpClientApiMethods::testResumeAnimation,butter.mas.tests.clients.client_http_test,testResumeAnimation,butter/mas/tests/clients/client_test.py,,,failed,AttributeError: 'TestHttpClientApiMethods' object has no attribute 'client',0.0007926896214485168
butter/mas/tests/api_test.py::TestHttpClientApiMethods::testSetMotorRegister,butter.mas.tests.api_test,testSetMotorRegister,butter/mas/tests/clients/client_test.py,,,passed,,0.012898989021778107
butter/mas/tests/clients/client_http_test.py::TestHttpClientApiMethods::testPlayAnimation,butter.mas.tests.clients.client_http_test,testPlayAnimation,butter/mas/tests/clients/client_test.py,,,passed,,0.005422085523605347
butter/mas/tests/clients/client_http_test.py::TestHttpClientApiMethods::testGetMotorRegisterRange,butter.mas.tests.clients.client_http_test,testGetMotorRegisterRange,butter/mas/tests/clients/client_test.py,,,passed,,0.004312306642532349
butter/mas/tests/clients/client_http_test.py::TestHttpClientApiMethods::testMoveMotorInTime,butter.mas.tests.clients.client_http_test,testMoveMotorInTime,butter/mas/tests/clients/client_test.py,,,passed,,0.0034006088972091675
butter/mas/tests/api_test.py::TestHttpClientApiMethods::testGetMotorRegisterRange,butter.mas.tests.api_test,testGetMotorRegisterRange,butter/mas/tests/clients/client_test.py,,,passed,,0.003253929316997528
butter/mas/tests/clients/client_http_test.py::TestHttpClientApiMethods::testStopAnimation,butter.mas.tests.clients.client_http_test,testStopAnimation,butter/mas/tests/clients/client_test.py,,,passed,,0.002937726676464081
butter/mas/tests/api_test.py::TestHttpClientApiMethods::testStopAudio,butter.mas.tests.api_test,testStopAudio,butter/mas/tests/clients/client_test.py,,,passed,,0.0031090006232261658
butter/mas/tests/clients/client_http_test.py::TestHttpClientApiMethods::testPauseAudio,butter.mas.tests.clients.client_http_test,testPauseAudio,butter/mas/tests/clients/client_test.py,,,passed,,0.0030852481722831726
butter/mas/tests/clients/client_http_test.py::TestHttpClientApiMethods::testGetAvailableMotorRegisters,butter.mas.tests.clients.client_http_test,testGetAvailableMotorRegisters,butter/mas/tests/clients/client_test.py,,,passed,,0.0033380910754203796
butter/mas/tests/api_test.py::TestHttpClientApiMethods::testPauseAnimation,butter.mas.tests.api_test,testPauseAnimation,butter/mas/tests/clients/client_test.py,,,passed,,0.0031055063009262085
butter/mas/tests/api_test.py::TestHttpClientApiMethods::testGetAvailableSounds,butter.mas.tests.api_test,testGetAvailableSounds,butter/mas/tests/clients/client_test.py,,,passed,,0.0029129385948181152
butter/mas/tests/clients/client_http_test.py::TestHttpClientApiMethods::testMoveMotorInDirection,butter.mas.tests.clients.client_http_test,testMoveMotorInDirection,butter/mas/tests/clients/client_test.py,,,passed,,0.00431978702545166
butter/mas/tests/api_test.py::TestHttpClientApiMethods::testGetAvailableMotorRegisters,butter.mas.tests.api_test,testGetAvailableMotorRegisters,butter/mas/tests/clients/client_test.py,,,passed,,0.004707075655460358
butter/mas/tests/api_test.py::TestHttpClientApiMethods::testResumeAnimation,butter.mas.tests.api_test,testResumeAnimation,butter/mas/tests/clients/client_test.py,,,passed,,0.0030950233340263367
butter/mas/tests/api_test.py::TestHttpClientApiMethods::testMoveMotorInDirection,butter.mas.tests.api_test,testMoveMotorInDirection,butter/mas/tests/clients/client_test.py,,,passed,,0.003998979926109314
butter/mas/tests/clients/client_http_test.py::TestHttpClientApiMethods::testResumeAudio,butter.mas.tests.clients.client_http_test,testResumeAudio,butter/mas/tests/clients/client_test.py,,,passed,,0.005624853074550629
butter/mas/tests/clients/client_http_test.py::TestHttpClientApiMethods::testGetMotorRegister,butter.mas.tests.clients.client_http_test,testGetMotorRegister,butter/mas/tests/clients/client_test.py,,,passed,,0.00703805685043335
butter/mas/tests/clients/client_http_test.py::TestHttpClientApiMethods::testGetAvailableAnimations,butter.mas.tests.clients.client_http_test,testGetAvailableAnimations,butter/mas/tests/clients/client_test.py,,,passed,,0.0037411004304885864
butter/mas/tests/clients/client_http_test.py::TestHttpClientApiMethods::testSetMotorRegister,butter.mas.tests.clients.client_http_test,testSetMotorRegister,butter/mas/tests/clients/client_test.py,,,passed,,0.003427281975746155
butter/mas/tests/clients/client_http_test.py::TestHttpClientApiMethods::testGetAvailableSounds,butter.mas.tests.clients.client_http_test,testGetAvailableSounds,butter/mas/tests/clients/client_test.py,,,passed,,0.0038070380687713623
butter/mas/tests/clients/client_http_test.py::TestHttpClientApiMethods::testPlayAudio,butter.mas.tests.clients.client_http_test,testPlayAudio,butter/mas/tests/clients/client_test.py,,,passed,,0.0058415234088897705
butter/mas/tests/api_test.py::TestHttpClientApiMethods::testResumeAudio,butter.mas.tests.api_test,testResumeAudio,butter/mas/tests/clients/client_test.py,,,passed,,0.0046129897236824036
butter/mas/tests/api_test.py::TestHttpClientApiMethods::testGetAvailableAnimations,butter.mas.tests.api_test,testGetAvailableAnimations,butter/mas/tests/clients/client_test.py,,,passed,,0.0051765888929367065
butter/mas/tests/api_test.py::TestHttpClientApiMethods::testMoveMotorToPosition,butter.mas.tests.api_test,testMoveMotorToPosition,butter/mas/tests/clients/client_test.py,,,passed,,0.004307977855205536
butter/mas/tests/clients/client_http_test.py::TestHttpClientApiMethods::testMoveMotorToPosition,butter.mas.tests.clients.client_http_test,testMoveMotorToPosition,butter/mas/tests/clients/client_test.py,,,passed,,0.004728943109512329
butter/mas/tests/api_test.py::TestHttpClientApiMethods::testStopAnimation,butter.mas.tests.api_test,testStopAnimation,butter/mas/tests/clients/client_test.py,,,passed,,0.0035456717014312744
butter/mas/tests/api_test.py::TestHttpClientApiMethods::testGetMotorRegister,butter.mas.tests.api_test,testGetMotorRegister,butter/mas/tests/clients/client_test.py,,,passed,,0.003111220896244049
butter/mas/tests/api_test.py::TestHttpClientApiMethods::testPlayAnimation,butter.mas.tests.api_test,testPlayAnimation,butter/mas/tests/clients/client_test.py,,,passed,,0.003651350736618042
butter/mas/tests/api_test.py::TestHttpClientApiMethods::testPlayAudio,butter.mas.tests.api_test,testPlayAudio,butter/mas/tests/clients/client_test.py,,,passed,,0.004441522061824799
butter/mas/tests/clients/client_http_test.py::TestHttpClientApiMethods::testPauseAnimation,butter.mas.tests.clients.client_http_test,testPauseAnimation,butter/mas/tests/clients/client_test.py,,,passed,,0.0031780675053596497
butter/mas/tests/clients/client_http_test.py::TestHttpClientApiMethods::testGetAvailableHandlers,butter.mas.tests.clients.client_http_test,testGetAvailableHandlers,butter/mas/tests/clients/client_test.py,,,passed,,0.0043999552726745605
butter/mas/tests/api_test.py::TestHttpClientApiMethods::testGetAvailableHandlers,butter.mas.tests.api_test,testGetAvailableHandlers,butter/mas/tests/clients/client_test.py,,,passed,,0.0041494220495224
butter/mas/tests/api_test.py::TestHttpClientApiMethods::testPauseAudio,butter.mas.tests.api_test,testPauseAudio,butter/mas/tests/clients/client_test.py,,,passed,,0.004411272704601288
butter/mas/tests/api_test.py::TestHttpClientApiMethods::testMoveMotorInTime,butter.mas.tests.api_test,testMoveMotorInTime,butter/mas/tests/clients/client_test.py,,,passed,,0.0033936873078346252
butter/mas/tests/clients/client_http_test.py::TestHttpClientApiMethods::testStopAudio,butter.mas.tests.clients.client_http_test,testStopAudio,butter/mas/tests/clients/client_test.py,,,passed,,0.003123179078102112
