id,module,name,file,doc,markers,status,message,duration
tests/test_snls.py::Balland09Parsing::test_jd_time_format,tests.test_snls,test_jd_time_format,../../../../ifix/datavol/Repo/SNData/tests/test_snls.py,,,skipped,Skipped: Balland09 data tables do not have dates,0.0006199423223733902
tests/test_snls.py::Balland09Parsing::test_standard_column_names,tests.test_snls,test_standard_column_names,../../../../ifix/datavol/Repo/SNData/tests/test_snls.py,"Test columns required by sncosmo are included in formatted tables

        Columns checked to exist include:
            'phase', 'band', 'flux'",,passed,,0.4496504319831729
tests/test_sweetspot.py::DR1Parsing::test_has_33_objids,tests.test_sweetspot,test_has_33_objids,../../../../ifix/datavol/Repo/SNData/tests/test_sweetspot.py,Test the data release includes all 33 objects,,passed,,0.001772576943039894
tests/test_combined_datasets.py::MapReduction::test_single_value_sets,tests.test_combined_datasets,test_single_value_sets,../../../../ifix/datavol/Repo/SNData/tests/test_combined_datasets.py,Test _reduce_id_mapping removes empty of length 1,,passed,,0.0005426853895187378
tests/test_combined_datasets.py::CombinedDataParsing::test_join_id_string_error,tests.test_combined_datasets,test_join_id_string_error,../../../../ifix/datavol/Repo/SNData/tests/test_combined_datasets.py,Test joining object ids as strings raises an error,,passed,,0.0006377976387739182
tests/test_combined_datasets.py::MapReduction::test_empty_sets,tests.test_combined_datasets,test_empty_sets,../../../../ifix/datavol/Repo/SNData/tests/test_combined_datasets.py,Test _reduce_id_mapping removes empty sets,,passed,,0.0005386583507061005
tests/test_combined_datasets.py::CombinedDataParsing::test_id_joining,tests.test_combined_datasets,test_id_joining,../../../../ifix/datavol/Repo/SNData/tests/test_combined_datasets.py,Test correct data is returned after joining / separating IDs,,passed,,1.646747523918748
tests/test_combined_datasets.py::CombinedDataStringIDs::test_duplicate_obj_id_strings,tests.test_combined_datasets,test_duplicate_obj_id_strings,../../../../ifix/datavol/Repo/SNData/tests/test_combined_datasets.py,Test an error is raised for non unique string Ids,,passed,,0.009473687969148159
tests/test_combined_datasets.py::CombinedDataStringIDs::test_obj_id_as_str,tests.test_combined_datasets,test_obj_id_as_str,../../../../ifix/datavol/Repo/SNData/tests/test_combined_datasets.py,Test returned data is the same for obj_ids as strings and tuples,,passed,,0.5418319338932633
tests/test_combined_datasets.py::CombinedDataParsing::test_bad_table_id_err,tests.test_combined_datasets,test_bad_table_id_err,../../../../ifix/datavol/Repo/SNData/tests/test_combined_datasets.py,Test an InvalidObjId exception is raised for a made up Id,,passed,,0.0006562052294611931
tests/test_combined_datasets.py::MapReduction::test_joining,tests.test_combined_datasets,test_joining,../../../../ifix/datavol/Repo/SNData/tests/test_combined_datasets.py,Test _reduce_id_mapping correctly joins sets,,passed,,0.0005342382937669754
tests/test_exceptions.py::NonEmptyDefaultMessage::runTest,tests.test_exceptions,runTest,../../../../ifix/datavol/Repo/SNData/tests/test_exceptions.py,,,passed,,0.0005864761769771576
tests/test_sdss.py::Sako18Parsing::test_no_empty_ids,tests.test_sdss,test_no_empty_ids,tests/data_parsing_template_tests.py,Test no object Ids are empty strings,,passed,,4.5919357761740685
tests/test_sdss.py::Sako18Parsing::test_cache_not_mutated,tests.test_sdss,test_cache_not_mutated,tests/data_parsing_template_tests.py,Test mutating returned tables does not mutate them in the cache,,passed,,0.2039272002875805
tests/test_loss.py::Ganeshalingam13Parsing::test_bad_table_id_err,tests.test_loss,test_bad_table_id_err,tests/data_parsing_template_tests.py,Test an InvalidObjId exception is raised for a made up Id,,passed,,0.0009063640609383583
tests/test_snls.py::Balland09Parsing::test_no_empty_data_tables,tests.test_snls,test_no_empty_data_tables,tests/data_parsing_template_tests.py,"Test for empty tables in ``iter_data``

        Args:
            lim: Maximum number of tables to check (default: 25)",,passed,,4.876277056522667
tests/test_des.py::SN3YRParsing::test_standard_column_names,tests.test_des,test_standard_column_names,tests/data_parsing_template_tests.py,"Test columns required by sncosmo are included in formatted tables

        Columns checked to exist include:
            'time', 'band', 'flux', 'fluxerr', 'zp', 'zpsys'",,passed,,0.06324723176658154
tests/test_essence.py::Narayan16Parsing::test_unique_ids,tests.test_essence,test_unique_ids,tests/data_parsing_template_tests.py,Test all object Ids are unique,,passed,,0.011453385464847088
tests/test_des.py::SN3YRParsing::test_no_empty_ids,tests.test_des,test_no_empty_ids,tests/data_parsing_template_tests.py,Test no object Ids are empty strings,,passed,,0.0040075452998280525
tests/test_snls.py::Balland09Parsing::test_bad_table_id_err,tests.test_snls,test_bad_table_id_err,tests/data_parsing_template_tests.py,Test an InvalidObjId exception is raised for a made up Id,,passed,,0.0010959785431623459
tests/test_csp.py::DR1Parsing::test_jd_time_format,tests.test_csp,test_jd_time_format,tests/data_parsing_template_tests.py,"Test time values are specified as julian dates when formatting
        for sncosmo.",,passed,,0.4297018265351653
tests/test_sdss.py::Sako18Parsing::test_no_empty_data_tables,tests.test_sdss,test_no_empty_data_tables,tests/data_parsing_template_tests.py,"Test for empty tables in ``iter_data``

        Args:
            lim: Maximum number of tables to check (default: 25)",,passed,,12.90840713866055
tests/test_sweetspot.py::DR1Parsing::test_no_empty_data_tables,tests.test_sweetspot,test_no_empty_data_tables,tests/data_parsing_template_tests.py,"Test for empty tables in ``iter_data``

        Args:
            lim: Maximum number of tables to check (default: 25)",,passed,,0.5402173791080713
tests/test_sweetspot.py::DR1Parsing::test_standard_column_names,tests.test_sweetspot,test_standard_column_names,tests/data_parsing_template_tests.py,"Test columns required by sncosmo are included in formatted tables

        Columns checked to exist include:
            'time', 'band', 'flux', 'fluxerr', 'zp', 'zpsys'",,passed,,0.01986618898808956
tests/test_jla.py::Betoule14Parsing::test_no_empty_data_tables,tests.test_jla,test_no_empty_data_tables,tests/data_parsing_template_tests.py,"Test for empty tables in ``iter_data``

        Args:
            lim: Maximum number of tables to check (default: 25)",,passed,,0.8221648847684264
tests/test_sdss.py::Sako18SpecParsing::test_unique_ids,tests.test_sdss,test_unique_ids,tests/data_parsing_template_tests.py,Test all object Ids are unique,,passed,,0.07353387214243412
tests/test_combined_datasets.py::CombinedDataParsing::test_cache_not_mutated,tests.test_combined_datasets,test_cache_not_mutated,tests/data_parsing_template_tests.py,Test mutating returned tables does not mutate them in the cache,,passed,,0.06441134214401245
tests/test_des.py::SN3YRParsing::test_comments_not_in_metadata,tests.test_des,test_comments_not_in_metadata,tests/data_parsing_template_tests.py,Test there is no 'comments' key in the  data table metadata,,passed,,0.05604747589677572
tests/test_snls.py::Balland09Parsing::test_cache_not_mutated,tests.test_snls,test_cache_not_mutated,tests/data_parsing_template_tests.py,Test mutating returned tables does not mutate them in the cache,,passed,,0.022811228409409523
tests/test_sdss.py::Sako18SpecParsing::test_no_empty_data_tables,tests.test_sdss,test_no_empty_data_tables,tests/data_parsing_template_tests.py,"Test for empty tables in ``iter_data``

        Args:
            lim: Maximum number of tables to check (default: 25)",,passed,,16.992730827070773
tests/test_sdss.py::Sako18Parsing::test_ids_are_sorted,tests.test_sdss,test_ids_are_sorted,tests/data_parsing_template_tests.py,Test ``get_available_ids`` returns sorted ids,,passed,,4.843559606000781
tests/test_sdss.py::Sako18Parsing::test_bad_table_id_err,tests.test_sdss,test_bad_table_id_err,tests/data_parsing_template_tests.py,Test an InvalidObjId exception is raised for a made up Id,,passed,,0.0009373947978019714
tests/test_sdss.py::Sako18SpecParsing::test_bad_table_id_err,tests.test_sdss,test_bad_table_id_err,tests/data_parsing_template_tests.py,Test an InvalidObjId exception is raised for a made up Id,,passed,,0.0007764995098114014
tests/test_essence.py::Narayan16Parsing::test_ids_are_sorted,tests.test_essence,test_ids_are_sorted,tests/data_parsing_template_tests.py,Test ``get_available_ids`` returns sorted ids,,passed,,0.011917873285710812
tests/test_csp.py::DR3Parsing::test_jd_time_format,tests.test_csp,test_jd_time_format,tests/data_parsing_template_tests.py,"Test time values are specified as julian dates when formatting
        for sncosmo.",,passed,,0.2509398190304637
tests/test_jla.py::Betoule14Parsing::test_paper_tables_are_parsed,tests.test_jla,test_paper_tables_are_parsed,tests/data_parsing_template_tests.py,"Test no errors are raised by ``load_table`` when parsing any of the
        table numbers returned by ``get_available_tables``",,passed,,0.09400867111980915
tests/test_sdss.py::Sako18Parsing::test_standard_column_names,tests.test_sdss,test_standard_column_names,tests/data_parsing_template_tests.py,"Test columns required by sncosmo are included in formatted tables

        Columns checked to exist include:
            'time', 'band', 'flux', 'fluxerr', 'zp', 'zpsys'",,passed,,5.052628280594945
tests/test_csp.py::DR1Parsing::test_cache_not_mutated,tests.test_csp,test_cache_not_mutated,tests/data_parsing_template_tests.py,Test mutating returned tables does not mutate them in the cache,,passed,,0.04372661467641592
tests/test_sweetspot.py::DR1Parsing::test_minimal_metadata_keys,tests.test_sweetspot,test_minimal_metadata_keys,tests/data_parsing_template_tests.py,"Test data table metadata has the expected minimum data
        ('obj_id', 'ra', 'dec', 'z', 'z_err')",,passed,,0.06286070868372917
tests/test_sweetspot.py::DR1Parsing::test_jd_time_format,tests.test_sweetspot,test_jd_time_format,tests/data_parsing_template_tests.py,"Test time values are specified as julian dates when formatting
        for sncosmo.",,passed,,0.02220915909856558
tests/test_des.py::SN3YRParsing::test_unique_ids,tests.test_des,test_unique_ids,tests/data_parsing_template_tests.py,Test all object Ids are unique,,passed,,0.004633395932614803
tests/test_loss.py::Ganeshalingam13Parsing::test_no_empty_ids,tests.test_loss,test_no_empty_ids,tests/data_parsing_template_tests.py,Test no object Ids are empty strings,,passed,,0.5718099931254983
tests/test_snls.py::Balland09Parsing::test_ids_are_sorted,tests.test_snls,test_ids_are_sorted,tests/data_parsing_template_tests.py,Test ``get_available_ids`` returns sorted ids,,passed,,0.018279352225363255
tests/test_csp.py::DR3Parsing::test_no_empty_ids,tests.test_csp,test_no_empty_ids,tests/data_parsing_template_tests.py,Test no object Ids are empty strings,,passed,,0.0024585723876953125
tests/test_combined_datasets.py::CombinedDataParsing::test_sncosmo_registered_band_names,tests.test_combined_datasets,test_sncosmo_registered_band_names,tests/data_parsing_template_tests.py,Test registered bands do have the correct name,,passed,,0.0987998666241765
tests/test_sweetspot.py::DR1Parsing::test_paper_tables_are_parsed,tests.test_sweetspot,test_paper_tables_are_parsed,tests/data_parsing_template_tests.py,"Test no errors are raised by ``load_table`` when parsing any of the
        table numbers returned by ``get_available_tables``",,passed,,0.04766613710671663
tests/test_des.py::SN3YRParsing::test_sncosmo_registered_band_names,tests.test_des,test_sncosmo_registered_band_names,tests/data_parsing_template_tests.py,Test registered bands do have the correct name,,passed,,0.0010063759982585907
tests/test_jla.py::Betoule14Parsing::test_cache_not_mutated,tests.test_jla,test_cache_not_mutated,tests/data_parsing_template_tests.py,Test mutating returned tables does not mutate them in the cache,,passed,,0.007352537475526333
tests/test_combined_datasets.py::CombinedDataParsing::test_paper_tables_are_parsed,tests.test_combined_datasets,test_paper_tables_are_parsed,tests/data_parsing_template_tests.py,"Test no errors are raised by ``load_table`` when parsing any of the
        table numbers returned by ``get_available_tables``",,passed,,0.8083894066512585
tests/test_csp.py::DR1Parsing::test_paper_tables_are_parsed,tests.test_csp,test_paper_tables_are_parsed,tests/data_parsing_template_tests.py,"Test no errors are raised by ``load_table`` when parsing any of the
        table numbers returned by ``get_available_tables``",,passed,,0.18831926863640547
tests/test_des.py::SN3YRParsing::test_no_duplicate_aliases,tests.test_des,test_no_duplicate_aliases,tests/data_parsing_template_tests.py,Test column names do not have duplicate sncosmo aliases,,passed,,0.059193012304604053
tests/test_essence.py::Narayan16Parsing::test_minimal_metadata_keys,tests.test_essence,test_minimal_metadata_keys,tests/data_parsing_template_tests.py,"Test data table metadata has the expected minimum data
        ('obj_id', 'ra', 'dec', 'z', 'z_err')",,passed,,0.09824876766651869
tests/test_snls.py::Balland09Parsing::test_comments_not_in_metadata,tests.test_snls,test_comments_not_in_metadata,tests/data_parsing_template_tests.py,Test there is no 'comments' key in the  data table metadata,,passed,,0.21921249106526375
tests/test_sdss.py::Sako18Parsing::test_comments_not_in_metadata,tests.test_sdss,test_comments_not_in_metadata,tests/data_parsing_template_tests.py,Test there is no 'comments' key in the  data table metadata,,passed,,5.676737020723522
tests/test_loss.py::Ganeshalingam13Parsing::test_standard_column_names,tests.test_loss,test_standard_column_names,tests/data_parsing_template_tests.py,"Test columns required by sncosmo are included in formatted tables

        Columns checked to exist include:
            'time', 'band', 'flux', 'fluxerr', 'zp', 'zpsys'",,passed,,0.8036324679851532
tests/test_sweetspot.py::DR1Parsing::test_bad_table_id_err,tests.test_sweetspot,test_bad_table_id_err,tests/data_parsing_template_tests.py,Test an InvalidObjId exception is raised for a made up Id,,passed,,0.0009126309305429459
tests/test_sdss.py::Sako18SpecParsing::test_minimal_metadata_keys,tests.test_sdss,test_minimal_metadata_keys,tests/data_parsing_template_tests.py,"Test data table metadata has the expected minimum data
        ('obj_id', 'ra', 'dec', 'z', 'z_err')",,passed,,5.33493291772902
tests/test_jla.py::Betoule14Parsing::test_sncosmo_registered_band_names,tests.test_jla,test_sncosmo_registered_band_names,tests/data_parsing_template_tests.py,Test registered bands do have the correct name,,passed,,2.293836886063218
tests/test_sdss.py::Sako18Parsing::test_get_zp,tests.test_sdss,test_get_zp,tests/data_parsing_template_tests.py,Test that ``sndata.get_zp`` returns the correct zero point,,passed,,0.004112710244953632
tests/test_csp.py::DR3Parsing::test_paper_tables_are_parsed,tests.test_csp,test_paper_tables_are_parsed,tests/data_parsing_template_tests.py,"Test no errors are raised by ``load_table`` when parsing any of the
        table numbers returned by ``get_available_tables``",,passed,,0.6977687329053879
tests/test_sweetspot.py::DR1Parsing::test_ids_are_sorted,tests.test_sweetspot,test_ids_are_sorted,tests/data_parsing_template_tests.py,Test ``get_available_ids`` returns sorted ids,,passed,,0.0012088324874639511
tests/test_sweetspot.py::DR1Parsing::test_cache_not_mutated,tests.test_sweetspot,test_cache_not_mutated,tests/data_parsing_template_tests.py,Test mutating returned tables does not mutate them in the cache,,passed,,0.0481770895421505
tests/test_csp.py::DR1Parsing::test_ids_are_sorted,tests.test_csp,test_ids_are_sorted,tests/data_parsing_template_tests.py,Test ``get_available_ids`` returns sorted ids,,passed,,0.03549741022288799
tests/test_csp.py::DR3Parsing::test_standard_column_names,tests.test_csp,test_standard_column_names,tests/data_parsing_template_tests.py,"Test columns required by sncosmo are included in formatted tables

        Columns checked to exist include:
            'time', 'band', 'flux', 'fluxerr', 'zp', 'zpsys'",,passed,,0.24694105237722397
tests/test_combined_datasets.py::CombinedDataParsing::test_no_empty_data_tables,tests.test_combined_datasets,test_no_empty_data_tables,tests/data_parsing_template_tests.py,"Test for empty tables in ``iter_data``

        Args:
            lim: Maximum number of tables to check (default: 25)",,passed,,1.397652793675661
tests/test_combined_datasets.py::CombinedDataParsing::test_no_duplicate_aliases,tests.test_combined_datasets,test_no_duplicate_aliases,tests/data_parsing_template_tests.py,Test column names do not have duplicate sncosmo aliases,,passed,,0.07229666318744421
tests/test_essence.py::Narayan16Parsing::test_jd_time_format,tests.test_essence,test_jd_time_format,tests/data_parsing_template_tests.py,"Test time values are specified as julian dates when formatting
        for sncosmo.",,passed,,0.10147796291857958
tests/test_combined_datasets.py::CombinedDataParsing::test_no_empty_ids,tests.test_combined_datasets,test_no_empty_ids,tests/data_parsing_template_tests.py,Test no object Ids are empty strings,,passed,,0.006582026369869709
tests/test_snls.py::Balland09Parsing::test_minimal_metadata_keys,tests.test_snls,test_minimal_metadata_keys,tests/data_parsing_template_tests.py,"Test data table metadata has the expected minimum data
        ('obj_id', 'ra', 'dec', 'z', 'z_err')",,passed,,0.2243940643966198
tests/test_combined_datasets.py::CombinedDataParsing::test_get_zp,tests.test_combined_datasets,test_get_zp,tests/data_parsing_template_tests.py,Test that ``sndata.get_zp`` returns the correct zero point,,passed,,0.003327973186969757
tests/test_essence.py::Narayan16Parsing::test_no_empty_data_tables,tests.test_essence,test_no_empty_data_tables,tests/data_parsing_template_tests.py,"Test for empty tables in ``iter_data``

        Args:
            lim: Maximum number of tables to check (default: 25)",,passed,,1.4199751066043973
tests/test_jla.py::Betoule14Parsing::test_no_empty_ids,tests.test_jla,test_no_empty_ids,tests/data_parsing_template_tests.py,Test no object Ids are empty strings,,passed,,0.01666310615837574
tests/test_jla.py::Betoule14Parsing::test_unique_ids,tests.test_jla,test_unique_ids,tests/data_parsing_template_tests.py,Test all object Ids are unique,,passed,,0.014373605139553547
tests/test_sdss.py::Sako18SpecParsing::test_jd_time_format,tests.test_sdss,test_jd_time_format,tests/data_parsing_template_tests.py,"Test time values are specified as julian dates when formatting
        for sncosmo.",,passed,,5.269970867782831
tests/test_des.py::SN3YRParsing::test_ids_are_sorted,tests.test_des,test_ids_are_sorted,tests/data_parsing_template_tests.py,Test ``get_available_ids`` returns sorted ids,,passed,,0.004686395637691021
tests/test_essence.py::Narayan16Parsing::test_comments_not_in_metadata,tests.test_essence,test_comments_not_in_metadata,tests/data_parsing_template_tests.py,Test there is no 'comments' key in the  data table metadata,,passed,,0.110126543790102
tests/test_jla.py::Betoule14Parsing::test_no_duplicate_aliases,tests.test_jla,test_no_duplicate_aliases,tests/data_parsing_template_tests.py,Test column names do not have duplicate sncosmo aliases,,passed,,0.05170467309653759
tests/test_sdss.py::Sako18SpecParsing::test_cache_not_mutated,tests.test_sdss,test_cache_not_mutated,tests/data_parsing_template_tests.py,Test mutating returned tables does not mutate them in the cache,,passed,,5.371965132653713
tests/test_des.py::SN3YRParsing::test_jd_time_format,tests.test_des,test_jd_time_format,tests/data_parsing_template_tests.py,"Test time values are specified as julian dates when formatting
        for sncosmo.",,passed,,0.058988070115447044
tests/test_combined_datasets.py::CombinedDataParsing::test_comments_not_in_metadata,tests.test_combined_datasets,test_comments_not_in_metadata,tests/data_parsing_template_tests.py,Test there is no 'comments' key in the  data table metadata,,passed,,0.062219430692493916
tests/test_csp.py::DR1Parsing::test_bad_table_id_err,tests.test_csp,test_bad_table_id_err,tests/data_parsing_template_tests.py,Test an InvalidObjId exception is raised for a made up Id,,passed,,0.0009553283452987671
tests/test_csp.py::DR3Parsing::test_minimal_metadata_keys,tests.test_csp,test_minimal_metadata_keys,tests/data_parsing_template_tests.py,"Test data table metadata has the expected minimum data
        ('obj_id', 'ra', 'dec', 'z', 'z_err')",,passed,,0.2516337875276804
tests/test_csp.py::DR1Parsing::test_comments_not_in_metadata,tests.test_csp,test_comments_not_in_metadata,tests/data_parsing_template_tests.py,Test there is no 'comments' key in the  data table metadata,,passed,,0.427747811190784
tests/test_essence.py::Narayan16Parsing::test_standard_column_names,tests.test_essence,test_standard_column_names,tests/data_parsing_template_tests.py,"Test columns required by sncosmo are included in formatted tables

        Columns checked to exist include:
            'time', 'band', 'flux', 'fluxerr', 'zp', 'zpsys'",,passed,,0.09703541919589043
tests/test_csp.py::DR3Parsing::test_sncosmo_registered_band_names,tests.test_csp,test_sncosmo_registered_band_names,tests/data_parsing_template_tests.py,Test registered bands do have the correct name,,passed,,0.07635387033224106
tests/test_loss.py::Ganeshalingam13Parsing::test_minimal_metadata_keys,tests.test_loss,test_minimal_metadata_keys,tests/data_parsing_template_tests.py,"Test data table metadata has the expected minimum data
        ('obj_id', 'ra', 'dec', 'z', 'z_err')",,passed,,0.5935733430087566
tests/test_sweetspot.py::DR1Parsing::test_sncosmo_registered_band_names,tests.test_sweetspot,test_sncosmo_registered_band_names,tests/data_parsing_template_tests.py,Test registered bands do have the correct name,,passed,,0.0539442440494895
tests/test_jla.py::Betoule14Parsing::test_jd_time_format,tests.test_jla,test_jd_time_format,tests/data_parsing_template_tests.py,"Test time values are specified as julian dates when formatting
        for sncosmo.",,passed,,0.0508701354265213
tests/test_jla.py::Betoule14Parsing::test_standard_column_names,tests.test_jla,test_standard_column_names,tests/data_parsing_template_tests.py,"Test columns required by sncosmo are included in formatted tables

        Columns checked to exist include:
            'time', 'band', 'flux', 'fluxerr', 'zp', 'zpsys'",,passed,,0.045112078078091145
tests/test_sweetspot.py::DR1Parsing::test_get_zp,tests.test_sweetspot,test_get_zp,tests/data_parsing_template_tests.py,Test that ``sndata.get_zp`` returns the correct zero point,,passed,,0.0008684806525707245
tests/test_des.py::SN3YRParsing::test_get_zp,tests.test_des,test_get_zp,tests/data_parsing_template_tests.py,Test that ``sndata.get_zp`` returns the correct zero point,,passed,,0.0008827541023492813
tests/test_essence.py::Narayan16Parsing::test_no_duplicate_aliases,tests.test_essence,test_no_duplicate_aliases,tests/data_parsing_template_tests.py,Test column names do not have duplicate sncosmo aliases,,passed,,0.09732125606387854
tests/test_loss.py::Ganeshalingam13Parsing::test_sncosmo_registered_band_names,tests.test_loss,test_sncosmo_registered_band_names,tests/data_parsing_template_tests.py,Test registered bands do have the correct name,,passed,,0.5712072933092713
tests/test_jla.py::Betoule14Parsing::test_get_zp,tests.test_jla,test_get_zp,tests/data_parsing_template_tests.py,Test that ``sndata.get_zp`` returns the correct zero point,,passed,,0.004422168247401714
tests/test_sweetspot.py::DR1Parsing::test_no_duplicate_aliases,tests.test_sweetspot,test_no_duplicate_aliases,tests/data_parsing_template_tests.py,Test column names do not have duplicate sncosmo aliases,,passed,,0.06254218239337206
tests/test_sweetspot.py::DR1Parsing::test_no_empty_ids,tests.test_sweetspot,test_no_empty_ids,tests/data_parsing_template_tests.py,Test no object Ids are empty strings,,passed,,0.0011105909943580627
tests/test_sdss.py::Sako18Parsing::test_no_duplicate_aliases,tests.test_sdss,test_no_duplicate_aliases,tests/data_parsing_template_tests.py,Test column names do not have duplicate sncosmo aliases,,passed,,5.000459878705442
tests/test_csp.py::DR3Parsing::test_comments_not_in_metadata,tests.test_csp,test_comments_not_in_metadata,tests/data_parsing_template_tests.py,Test there is no 'comments' key in the  data table metadata,,passed,,0.24642204400151968
tests/test_jla.py::Betoule14Parsing::test_bad_table_id_err,tests.test_jla,test_bad_table_id_err,tests/data_parsing_template_tests.py,Test an InvalidObjId exception is raised for a made up Id,,passed,,0.0009618895128369331
tests/test_csp.py::DR3Parsing::test_get_zp,tests.test_csp,test_get_zp,tests/data_parsing_template_tests.py,Test that ``sndata.get_zp`` returns the correct zero point,,passed,,0.0017409753054380417
tests/test_combined_datasets.py::CombinedDataParsing::test_jd_time_format,tests.test_combined_datasets,test_jd_time_format,tests/data_parsing_template_tests.py,"Test time values are specified as julian dates when formatting
        for sncosmo.",,passed,,0.060321204364299774
tests/test_csp.py::DR1Parsing::test_no_empty_ids,tests.test_csp,test_no_empty_ids,tests/data_parsing_template_tests.py,Test no object Ids are empty strings,,passed,,0.033400910906493664
tests/test_essence.py::Narayan16Parsing::test_bad_table_id_err,tests.test_essence,test_bad_table_id_err,tests/data_parsing_template_tests.py,Test an InvalidObjId exception is raised for a made up Id,,passed,,0.002019483596086502
tests/test_sdss.py::Sako18SpecParsing::test_paper_tables_are_parsed,tests.test_sdss,test_paper_tables_are_parsed,tests/data_parsing_template_tests.py,"Test no errors are raised by ``load_table`` when parsing any of the
        table numbers returned by ``get_available_tables``",,passed,,5.951240176334977
tests/test_combined_datasets.py::CombinedDataParsing::test_standard_column_names,tests.test_combined_datasets,test_standard_column_names,tests/data_parsing_template_tests.py,"Test columns required by sncosmo are included in formatted tables

        Columns checked to exist include:
            'time', 'band', 'flux', 'fluxerr', 'zp', 'zpsys'",,passed,,0.06224673241376877
tests/test_loss.py::Ganeshalingam13Parsing::test_cache_not_mutated,tests.test_loss,test_cache_not_mutated,tests/data_parsing_template_tests.py,Test mutating returned tables does not mutate them in the cache,,passed,,0.061650600284338
tests/test_sdss.py::Sako18Parsing::test_minimal_metadata_keys,tests.test_sdss,test_minimal_metadata_keys,tests/data_parsing_template_tests.py,"Test data table metadata has the expected minimum data
        ('obj_id', 'ra', 'dec', 'z', 'z_err')",,passed,,4.990301852114499
tests/test_des.py::SN3YRParsing::test_minimal_metadata_keys,tests.test_des,test_minimal_metadata_keys,tests/data_parsing_template_tests.py,"Test data table metadata has the expected minimum data
        ('obj_id', 'ra', 'dec', 'z', 'z_err')",,passed,,0.059705158695578575
tests/test_sdss.py::Sako18Parsing::test_jd_time_format,tests.test_sdss,test_jd_time_format,tests/data_parsing_template_tests.py,"Test time values are specified as julian dates when formatting
        for sncosmo.",,passed,,5.239755289629102
tests/test_combined_datasets.py::CombinedDataParsing::test_unique_ids,tests.test_combined_datasets,test_unique_ids,tests/data_parsing_template_tests.py,Test all object Ids are unique,,passed,,0.007916535250842571
tests/test_des.py::SN3YRParsing::test_paper_tables_are_parsed,tests.test_des,test_paper_tables_are_parsed,tests/data_parsing_template_tests.py,"Test no errors are raised by ``load_table`` when parsing any of the
        table numbers returned by ``get_available_tables``",,passed,,0.12529174145311117
tests/test_sdss.py::Sako18SpecParsing::test_ids_are_sorted,tests.test_sdss,test_ids_are_sorted,tests/data_parsing_template_tests.py,Test ``get_available_ids`` returns sorted ids,,passed,,0.07182145025581121
tests/test_csp.py::DR1Parsing::test_standard_column_names,tests.test_csp,test_standard_column_names,tests/data_parsing_template_tests.py,"Test columns required by sncosmo are included in formatted tables

        Columns checked to exist include:
            'time', 'band', 'flux'",,passed,,0.41494719684123993
tests/test_csp.py::DR1Parsing::test_minimal_metadata_keys,tests.test_csp,test_minimal_metadata_keys,tests/data_parsing_template_tests.py,"Test data table metadata has the expected minimum data
        ('obj_id', 'ra', 'dec', 'z', 'z_err')",,passed,,0.41614409908652306
tests/test_csp.py::DR3Parsing::test_no_empty_data_tables,tests.test_csp,test_no_empty_data_tables,tests/data_parsing_template_tests.py,"Test for empty tables in ``iter_data``

        Args:
            lim: Maximum number of tables to check (default: 25)",,passed,,4.119264972396195
tests/test_loss.py::Ganeshalingam13Parsing::test_comments_not_in_metadata,tests.test_loss,test_comments_not_in_metadata,tests/data_parsing_template_tests.py,Test there is no 'comments' key in the  data table metadata,,passed,,0.6047970596700907
tests/test_essence.py::Narayan16Parsing::test_no_empty_ids,tests.test_essence,test_no_empty_ids,tests/data_parsing_template_tests.py,Test no object Ids are empty strings,,passed,,0.012519638985395432
tests/test_des.py::SN3YRParsing::test_cache_not_mutated,tests.test_des,test_cache_not_mutated,tests/data_parsing_template_tests.py,Test mutating returned tables does not mutate them in the cache,,passed,,0.06548388581722975
tests/test_loss.py::Ganeshalingam13Parsing::test_paper_tables_are_parsed,tests.test_loss,test_paper_tables_are_parsed,tests/data_parsing_template_tests.py,"Test no errors are raised by ``load_table`` when parsing any of the
        table numbers returned by ``get_available_tables``",,passed,,0.09582643397152424
tests/test_combined_datasets.py::CombinedDataParsing::test_ids_are_sorted,tests.test_combined_datasets,test_ids_are_sorted,tests/data_parsing_template_tests.py,Test ``get_available_ids`` returns sorted ids,,passed,,0.006408030167222023
tests/test_sweetspot.py::DR1Parsing::test_comments_not_in_metadata,tests.test_sweetspot,test_comments_not_in_metadata,tests/data_parsing_template_tests.py,Test there is no 'comments' key in the  data table metadata,,passed,,0.06468862853944302
tests/test_loss.py::Ganeshalingam13Parsing::test_unique_ids,tests.test_loss,test_unique_ids,tests/data_parsing_template_tests.py,Test all object Ids are unique,,passed,,0.579668004065752
tests/test_csp.py::DR3Parsing::test_ids_are_sorted,tests.test_csp,test_ids_are_sorted,tests/data_parsing_template_tests.py,Test ``get_available_ids`` returns sorted ids,,passed,,0.0023789629340171814
tests/test_des.py::SN3YRParsing::test_no_empty_data_tables,tests.test_des,test_no_empty_data_tables,tests/data_parsing_template_tests.py,"Test for empty tables in ``iter_data``

        Args:
            lim: Maximum number of tables to check (default: 25)",,passed,,1.4270714912563562
tests/test_essence.py::Narayan16Parsing::test_sncosmo_registered_band_names,tests.test_essence,test_sncosmo_registered_band_names,tests/data_parsing_template_tests.py,Test registered bands do have the correct name,,passed,,0.021271398290991783
tests/test_sdss.py::Sako18Parsing::test_unique_ids,tests.test_sdss,test_unique_ids,tests/data_parsing_template_tests.py,Test all object Ids are unique,,passed,,4.053456685505807
tests/test_loss.py::Ganeshalingam13Parsing::test_no_duplicate_aliases,tests.test_loss,test_no_duplicate_aliases,tests/data_parsing_template_tests.py,Test column names do not have duplicate sncosmo aliases,,passed,,0.4194717165082693
tests/test_loss.py::Ganeshalingam13Parsing::test_get_zp,tests.test_loss,test_get_zp,tests/data_parsing_template_tests.py,Test that ``sndata.get_zp`` returns the correct zero point,,passed,,0.0019953371956944466
tests/test_jla.py::Betoule14Parsing::test_ids_are_sorted,tests.test_jla,test_ids_are_sorted,tests/data_parsing_template_tests.py,Test ``get_available_ids`` returns sorted ids,,passed,,0.02731907833367586
tests/test_sdss.py::Sako18Parsing::test_paper_tables_are_parsed,tests.test_sdss,test_paper_tables_are_parsed,tests/data_parsing_template_tests.py,"Test no errors are raised by ``load_table`` when parsing any of the
        table numbers returned by ``get_available_tables``",,passed,,4.183354656212032
tests/test_sdss.py::Sako18SpecParsing::test_standard_column_names,tests.test_sdss,test_standard_column_names,tests/data_parsing_template_tests.py,"Test columns required by sncosmo are included in formatted tables

        Columns checked to exist include:
            'time', 'band', 'flux'",,passed,,3.630678130313754
tests/test_sdss.py::Sako18SpecParsing::test_no_empty_ids,tests.test_sdss,test_no_empty_ids,tests/data_parsing_template_tests.py,Test no object Ids are empty strings,,passed,,0.0044198837131261826
tests/test_essence.py::Narayan16Parsing::test_cache_not_mutated,tests.test_essence,test_cache_not_mutated,tests/data_parsing_template_tests.py,Test mutating returned tables does not mutate them in the cache,,passed,,0.03134333062916994
tests/test_des.py::SN3YRParsing::test_bad_table_id_err,tests.test_des,test_bad_table_id_err,tests/data_parsing_template_tests.py,Test an InvalidObjId exception is raised for a made up Id,,passed,,0.0004530474543571472
tests/test_essence.py::Narayan16Parsing::test_get_zp,tests.test_essence,test_get_zp,tests/data_parsing_template_tests.py,Test that ``sndata.get_zp`` returns the correct zero point,,passed,,0.00047987978905439377
tests/test_snls.py::Balland09Parsing::test_unique_ids,tests.test_snls,test_unique_ids,tests/data_parsing_template_tests.py,Test all object Ids are unique,,passed,,0.012442417442798615
tests/test_sdss.py::Sako18SpecParsing::test_comments_not_in_metadata,tests.test_sdss,test_comments_not_in_metadata,tests/data_parsing_template_tests.py,Test there is no 'comments' key in the  data table metadata,,passed,,4.52032564394176
tests/test_snls.py::Balland09Parsing::test_paper_tables_are_parsed,tests.test_snls,test_paper_tables_are_parsed,tests/data_parsing_template_tests.py,"Test no errors are raised by ``load_table`` when parsing any of the
        table numbers returned by ``get_available_tables``",,passed,,0.04405846446752548
tests/test_csp.py::DR3Parsing::test_no_duplicate_aliases,tests.test_csp,test_no_duplicate_aliases,tests/data_parsing_template_tests.py,Test column names do not have duplicate sncosmo aliases,,passed,,0.2440606551244855
tests/test_loss.py::Ganeshalingam13Parsing::test_no_empty_data_tables,tests.test_loss,test_no_empty_data_tables,tests/data_parsing_template_tests.py,"Test for empty tables in ``iter_data``

        Args:
            lim: Maximum number of tables to check (default: 25)",,passed,,1.7889932878315449
tests/test_csp.py::DR1Parsing::test_unique_ids,tests.test_csp,test_unique_ids,tests/data_parsing_template_tests.py,Test all object Ids are unique,,passed,,0.03450561221688986
tests/test_sdss.py::Sako18Parsing::test_sncosmo_registered_band_names,tests.test_sdss,test_sncosmo_registered_band_names,tests/data_parsing_template_tests.py,Test registered bands do have the correct name,,passed,,0.04059409536421299
tests/test_combined_datasets.py::CombinedDataParsing::test_minimal_metadata_keys,tests.test_combined_datasets,test_minimal_metadata_keys,tests/data_parsing_template_tests.py,"Test data table metadata has the expected minimum data
        ('obj_id', 'ra', 'dec', 'z', 'z_err')",,passed,,0.06588061433285475
tests/test_csp.py::DR3Parsing::test_unique_ids,tests.test_csp,test_unique_ids,tests/data_parsing_template_tests.py,Test all object Ids are unique,,passed,,0.0030101528391242027
tests/test_loss.py::Ganeshalingam13Parsing::test_jd_time_format,tests.test_loss,test_jd_time_format,tests/data_parsing_template_tests.py,"Test time values are specified as julian dates when formatting
        for sncosmo.",,passed,,0.6015966180711985
tests/test_jla.py::Betoule14Parsing::test_minimal_metadata_keys,tests.test_jla,test_minimal_metadata_keys,tests/data_parsing_template_tests.py,"Test data table metadata has the expected minimum data
        ('obj_id', 'ra', 'dec', 'z', 'z_err')",,passed,,0.0500112222507596
tests/test_csp.py::DR3Parsing::test_bad_table_id_err,tests.test_csp,test_bad_table_id_err,tests/data_parsing_template_tests.py,Test an InvalidObjId exception is raised for a made up Id,,passed,,0.0013139434158802032
tests/test_loss.py::Ganeshalingam13Parsing::test_ids_are_sorted,tests.test_loss,test_ids_are_sorted,tests/data_parsing_template_tests.py,Test ``get_available_ids`` returns sorted ids,,passed,,0.5784700205549598
tests/test_csp.py::DR3Parsing::test_cache_not_mutated,tests.test_csp,test_cache_not_mutated,tests/data_parsing_template_tests.py,Test mutating returned tables does not mutate them in the cache,,passed,,0.024709871970117092
tests/test_sweetspot.py::DR1Parsing::test_unique_ids,tests.test_sweetspot,test_unique_ids,tests/data_parsing_template_tests.py,Test all object Ids are unique,,passed,,0.0018870485946536064
tests/test_csp.py::DR1Parsing::test_no_empty_data_tables,tests.test_csp,test_no_empty_data_tables,tests/data_parsing_template_tests.py,"Test for empty tables in ``iter_data``

        Args:
            lim: Maximum number of tables to check (default: 25)",,passed,,7.833173991180956
tests/test_jla.py::Betoule14Parsing::test_comments_not_in_metadata,tests.test_jla,test_comments_not_in_metadata,tests/data_parsing_template_tests.py,Test there is no 'comments' key in the  data table metadata,,passed,,0.028894880786538124
tests/test_snls.py::Balland09Parsing::test_no_empty_ids,tests.test_snls,test_no_empty_ids,tests/data_parsing_template_tests.py,Test no object Ids are empty strings,,passed,,0.011815893463790417
tests/test_essence.py::Narayan16Parsing::test_paper_tables_are_parsed,tests.test_essence,test_paper_tables_are_parsed,tests/data_parsing_template_tests.py,"Test no errors are raised by ``load_table`` when parsing any of the
        table numbers returned by ``get_available_tables``",,passed,,0.03429481666535139
tests/test_utils.py::ConvertToJD::test_mjd_format,tests.test_utils,test_mjd_format,../../../../ifix/datavol/Repo/SNData/tests/test_utils.py,Test conversion of the MJD format to JD,,passed,,0.0004011699929833412
tests/test_utils.py::RequireDataPath::test_missing_dir_raises_error,tests.test_utils,test_missing_dir_raises_error,../../../../ifix/datavol/Repo/SNData/tests/test_utils.py,Test a ``NoDownloadedData`` error is raised,,passed,,0.00038084667176008224
tests/test_utils.py::HourangleToDegrees::test_coordinates_0_0,tests.test_utils,test_coordinates_0_0,../../../../ifix/datavol/Repo/SNData/tests/test_utils.py,Test a zero hourangle returns zero degrees,,passed,,0.0008713118731975555
tests/test_utils.py::ConvertToJD::test_snoopy_format,tests.test_utils,test_snoopy_format,../../../../ifix/datavol/Repo/SNData/tests/test_utils.py,Test conversion of the snoopy date format to JD,,passed,,0.0003612395375967026
tests/test_utils.py::FindDataDir::test_retrieves_environmental_directory,tests.test_utils,test_retrieves_environmental_directory,../../../../ifix/datavol/Repo/SNData/tests/test_utils.py,Test the environmental directory is returned if set,,passed,,0.0004372699186205864
tests/test_utils.py::FindDataDir::test_no_environmental_directory,tests.test_utils,test_no_environmental_directory,../../../../ifix/datavol/Repo/SNData/tests/test_utils.py,Test a local directory is returned if environment is not set,,passed,,0.0006012339144945145
tests/test_utils.py::FindDataDir::test_enforces_lowercase,tests.test_utils,test_enforces_lowercase,../../../../ifix/datavol/Repo/SNData/tests/test_utils.py,Test returned directories are always lowercase,,passed,,0.0005902228876948357
tests/test_csp.py::DR3Parsing::test_instrument_offsets_ar_applied,tests.test_csp,test_instrument_offsets_ar_applied,../../../../ifix/datavol/Repo/SNData/tests/test_csp.py,"Test returned DR3 data includes the instrument offset using a
         single data point from 2005el.",,passed,,0.3739997437223792
tests/test_jla.py::Betoule14UI::test_not_missing_metadata,tests.test_jla,test_not_missing_metadata,tests/standard_ui_template_tests.py,Test that standard metadata attributes are not null,,passed,,0.00031450483947992325
tests/test_loss.py::Ganeshalingam13UI::test_not_missing_metadata,tests.test_loss,test_not_missing_metadata,tests/standard_ui_template_tests.py,Test that standard metadata attributes are not null,,passed,,0.00030295178294181824
tests/test_snls.py::Balland09UI::test_correct_data_type_attribute,tests.test_snls,test_correct_data_type_attribute,tests/standard_ui_template_tests.py,Test the ``data_type`` attribute is set to ``spectroscopic``,,passed,,0.0003024917095899582
tests/test_csp.py::DR3UI::test_not_missing_metadata,tests.test_csp,test_not_missing_metadata,tests/standard_ui_template_tests.py,Test that standard metadata attributes are not null,,passed,,0.0003049764782190323
tests/test_csp.py::DR1UI::test_not_missing_metadata,tests.test_csp,test_not_missing_metadata,tests/standard_ui_template_tests.py,Test that standard metadata attributes are not null,,passed,,0.0002879863604903221
tests/test_sdss.py::Sako18UI::test_not_missing_metadata,tests.test_sdss,test_not_missing_metadata,tests/standard_ui_template_tests.py,Test that standard metadata attributes are not null,,passed,,0.00029661040753126144
tests/test_sweetspot.py::DR1UI::test_not_missing_metadata,tests.test_sweetspot,test_not_missing_metadata,tests/standard_ui_template_tests.py,Test that standard metadata attributes are not null,,passed,,0.000299651175737381
tests/test_sdss.py::Sako18SpecUI::test_correct_data_type_attribute,tests.test_sdss,test_correct_data_type_attribute,tests/standard_ui_template_tests.py,Test the ``data_type`` attribute is set to ``spectroscopic``,,passed,,0.0002902178093791008
tests/test_sdss.py::Sako18UI::test_correct_data_type_attribute,tests.test_sdss,test_correct_data_type_attribute,tests/standard_ui_template_tests.py,Test the ``data_type`` attribute is set to ``photometric``,,passed,,0.00028956588357686996
tests/test_sdss.py::Sako18SpecUI::test_not_missing_metadata,tests.test_sdss,test_not_missing_metadata,tests/standard_ui_template_tests.py,Test that standard metadata attributes are not null,,passed,,0.00029789842665195465
tests/test_des.py::SN3YRUI::test_correct_data_type_attribute,tests.test_des,test_correct_data_type_attribute,tests/standard_ui_template_tests.py,Test the ``data_type`` attribute is set to ``photometric``,,passed,,0.00028520915657281876
tests/test_csp.py::DR3UI::test_correct_data_type_attribute,tests.test_csp,test_correct_data_type_attribute,tests/standard_ui_template_tests.py,Test the ``data_type`` attribute is set to ``photometric``,,passed,,0.00028227828443050385
tests/test_des.py::SN3YRUI::test_not_missing_metadata,tests.test_des,test_not_missing_metadata,tests/standard_ui_template_tests.py,Test that standard metadata attributes are not null,,passed,,0.00029421597719192505
tests/test_loss.py::Ganeshalingam13UI::test_correct_data_type_attribute,tests.test_loss,test_correct_data_type_attribute,tests/standard_ui_template_tests.py,Test the ``data_type`` attribute is set to ``photometric``,,passed,,0.0002829078584909439
tests/test_csp.py::DR1UI::test_correct_data_type_attribute,tests.test_csp,test_correct_data_type_attribute,tests/standard_ui_template_tests.py,Test the ``data_type`` attribute is set to ``spectroscopic``,,passed,,0.0002817772328853607
tests/test_snls.py::Balland09UI::test_not_missing_metadata,tests.test_snls,test_not_missing_metadata,tests/standard_ui_template_tests.py,Test that standard metadata attributes are not null,,passed,,0.00028632767498493195
tests/test_essence.py::Narayan16UI::test_not_missing_metadata,tests.test_essence,test_not_missing_metadata,tests/standard_ui_template_tests.py,Test that standard metadata attributes are not null,,passed,,0.00029256008565425873
tests/test_essence.py::Narayan16UI::test_correct_data_type_attribute,tests.test_essence,test_correct_data_type_attribute,tests/standard_ui_template_tests.py,Test the ``data_type`` attribute is set to ``photometric``,,passed,,0.0002759043127298355
tests/test_jla.py::Betoule14UI::test_correct_data_type_attribute,tests.test_jla,test_correct_data_type_attribute,tests/standard_ui_template_tests.py,Test the ``data_type`` attribute is set to ``photometric``,,passed,,0.00028778426349163055
tests/test_sweetspot.py::DR1UI::test_correct_data_type_attribute,tests.test_sweetspot,test_correct_data_type_attribute,tests/standard_ui_template_tests.py,Test the ``data_type`` attribute is set to ``photometric``,,passed,,0.00028413720428943634
