id,module,name,file,doc,markers,status,message,duration
tests/test_sweetspot.py::DR1Parsing::test_has_33_objids,tests.test_sweetspot,test_has_33_objids,../../../../ifix/datavol/Repo/SNData/tests/test_sweetspot.py,Test the data release includes all 33 objects,,passed,,0.001464863307774067
tests/test_essence.py::Narayan16UI::test_correct_data_type_attribute,tests.test_essence,test_correct_data_type_attribute,tests/standard_ui_template_tests.py,Test the ``data_type`` attribute is set to ``photometric``,,passed,,0.0004404839128255844
tests/test_des.py::SN3YRUI::test_not_missing_metadata,tests.test_des,test_not_missing_metadata,tests/standard_ui_template_tests.py,Test that standard metadata attributes are not null,,passed,,0.00043421704322099686
tests/test_sweetspot.py::DR1UI::test_not_missing_metadata,tests.test_sweetspot,test_not_missing_metadata,tests/standard_ui_template_tests.py,Test that standard metadata attributes are not null,,passed,,0.0004286067560315132
tests/test_jla.py::Betoule14UI::test_correct_data_type_attribute,tests.test_jla,test_correct_data_type_attribute,tests/standard_ui_template_tests.py,Test the ``data_type`` attribute is set to ``photometric``,,passed,,0.00041855499148368835
tests/test_snls.py::Balland09UI::test_correct_data_type_attribute,tests.test_snls,test_correct_data_type_attribute,tests/standard_ui_template_tests.py,Test the ``data_type`` attribute is set to ``spectroscopic``,,passed,,0.00041167158633470535
tests/test_jla.py::Betoule14UI::test_not_missing_metadata,tests.test_jla,test_not_missing_metadata,tests/standard_ui_template_tests.py,Test that standard metadata attributes are not null,,passed,,0.0004338696599006653
tests/test_sdss.py::Sako18SpecUI::test_not_missing_metadata,tests.test_sdss,test_not_missing_metadata,tests/standard_ui_template_tests.py,Test that standard metadata attributes are not null,,passed,,0.00042766891419887543
tests/test_sdss.py::Sako18SpecUI::test_correct_data_type_attribute,tests.test_sdss,test_correct_data_type_attribute,tests/standard_ui_template_tests.py,Test the ``data_type`` attribute is set to ``spectroscopic``,,passed,,0.0004206215962767601
tests/test_loss.py::Ganeshalingam13UI::test_not_missing_metadata,tests.test_loss,test_not_missing_metadata,tests/standard_ui_template_tests.py,Test that standard metadata attributes are not null,,passed,,0.0004272516816854477
tests/test_csp.py::DR3UI::test_correct_data_type_attribute,tests.test_csp,test_correct_data_type_attribute,tests/standard_ui_template_tests.py,Test the ``data_type`` attribute is set to ``photometric``,,passed,,0.0004221377894282341
tests/test_csp.py::DR1UI::test_correct_data_type_attribute,tests.test_csp,test_correct_data_type_attribute,tests/standard_ui_template_tests.py,Test the ``data_type`` attribute is set to ``spectroscopic``,,passed,,0.00041966885328292847
tests/test_sdss.py::Sako18UI::test_correct_data_type_attribute,tests.test_sdss,test_correct_data_type_attribute,tests/standard_ui_template_tests.py,Test the ``data_type`` attribute is set to ``photometric``,,passed,,0.0004217531532049179
tests/test_csp.py::DR3UI::test_not_missing_metadata,tests.test_csp,test_not_missing_metadata,tests/standard_ui_template_tests.py,Test that standard metadata attributes are not null,,passed,,0.0004296042025089264
tests/test_des.py::SN3YRUI::test_correct_data_type_attribute,tests.test_des,test_correct_data_type_attribute,tests/standard_ui_template_tests.py,Test the ``data_type`` attribute is set to ``photometric``,,passed,,0.00041981134563684464
tests/test_sweetspot.py::DR1UI::test_correct_data_type_attribute,tests.test_sweetspot,test_correct_data_type_attribute,tests/standard_ui_template_tests.py,Test the ``data_type`` attribute is set to ``photometric``,,passed,,0.00042099878191947937
tests/test_csp.py::DR1UI::test_not_missing_metadata,tests.test_csp,test_not_missing_metadata,tests/standard_ui_template_tests.py,Test that standard metadata attributes are not null,,passed,,0.0004257606342434883
tests/test_snls.py::Balland09UI::test_not_missing_metadata,tests.test_snls,test_not_missing_metadata,tests/standard_ui_template_tests.py,Test that standard metadata attributes are not null,,passed,,0.0004296693950891495
tests/test_loss.py::Ganeshalingam13UI::test_correct_data_type_attribute,tests.test_loss,test_correct_data_type_attribute,tests/standard_ui_template_tests.py,Test the ``data_type`` attribute is set to ``photometric``,,passed,,0.0004173256456851959
tests/test_sdss.py::Sako18UI::test_not_missing_metadata,tests.test_sdss,test_not_missing_metadata,tests/standard_ui_template_tests.py,Test that standard metadata attributes are not null,,passed,,0.0004330836236476898
tests/test_essence.py::Narayan16UI::test_not_missing_metadata,tests.test_essence,test_not_missing_metadata,tests/standard_ui_template_tests.py,Test that standard metadata attributes are not null,,passed,,0.00043480750173330307
tests/test_csp.py::DR3Parsing::test_instrument_offsets_ar_applied,tests.test_csp,test_instrument_offsets_ar_applied,../../../../ifix/datavol/Repo/SNData/tests/test_csp.py,"Test returned DR3 data includes the instrument offset using a
         single data point from 2005el.",,passed,,0.41612700652331114
tests/test_combined_datasets.py::CombinedDataParsing::test_id_joining,tests.test_combined_datasets,test_id_joining,../../../../ifix/datavol/Repo/SNData/tests/test_combined_datasets.py,Test correct data is returned after joining / separating IDs,,passed,,1.4700694475322962
tests/test_combined_datasets.py::CombinedDataParsing::test_join_id_string_error,tests.test_combined_datasets,test_join_id_string_error,../../../../ifix/datavol/Repo/SNData/tests/test_combined_datasets.py,Test joining object ids as strings raises an error,,passed,,0.0005539190024137497
tests/test_combined_datasets.py::CombinedDataStringIDs::test_duplicate_obj_id_strings,tests.test_combined_datasets,test_duplicate_obj_id_strings,../../../../ifix/datavol/Repo/SNData/tests/test_combined_datasets.py,Test an error is raised for non unique string Ids,,passed,,0.00980678852647543
tests/test_combined_datasets.py::CombinedDataStringIDs::test_obj_id_as_str,tests.test_combined_datasets,test_obj_id_as_str,../../../../ifix/datavol/Repo/SNData/tests/test_combined_datasets.py,Test returned data is the same for obj_ids as strings and tuples,,passed,,0.49853895604610443
tests/test_combined_datasets.py::MapReduction::test_empty_sets,tests.test_combined_datasets,test_empty_sets,../../../../ifix/datavol/Repo/SNData/tests/test_combined_datasets.py,Test _reduce_id_mapping removes empty sets,,passed,,0.0005052993074059486
tests/test_combined_datasets.py::MapReduction::test_joining,tests.test_combined_datasets,test_joining,../../../../ifix/datavol/Repo/SNData/tests/test_combined_datasets.py,Test _reduce_id_mapping correctly joins sets,,passed,,0.0004285527393221855
tests/test_combined_datasets.py::MapReduction::test_single_value_sets,tests.test_combined_datasets,test_single_value_sets,../../../../ifix/datavol/Repo/SNData/tests/test_combined_datasets.py,Test _reduce_id_mapping removes empty of length 1,,passed,,0.00047417543828487396
tests/test_combined_datasets.py::CombinedDataParsing::test_bad_table_id_err,tests.test_combined_datasets,test_bad_table_id_err,../../../../ifix/datavol/Repo/SNData/tests/test_combined_datasets.py,Test an InvalidObjId exception is raised for a made up Id,,passed,,0.0005741408094763756
tests/test_snls.py::Balland09Parsing::test_standard_column_names,tests.test_snls,test_standard_column_names,../../../../ifix/datavol/Repo/SNData/tests/test_snls.py,"Test columns required by sncosmo are included in formatted tables

        Columns checked to exist include:
            'phase', 'band', 'flux'",,passed,,0.3941041436046362
tests/test_snls.py::Balland09Parsing::test_jd_time_format,tests.test_snls,test_jd_time_format,../../../../ifix/datavol/Repo/SNData/tests/test_snls.py,,,skipped,Skipped: Balland09 data tables do not have dates,0.000562974251806736
tests/test_exceptions.py::NonEmptyDefaultMessage::runTest,tests.test_exceptions,runTest,../../../../ifix/datavol/Repo/SNData/tests/test_exceptions.py,,,passed,,0.0004541398957371712
tests/test_utils.py::HourangleToDegrees::test_coordinates_0_0,tests.test_utils,test_coordinates_0_0,../../../../ifix/datavol/Repo/SNData/tests/test_utils.py,Test a zero hourangle returns zero degrees,,passed,,0.00108420941978693
tests/test_utils.py::ConvertToJD::test_mjd_format,tests.test_utils,test_mjd_format,../../../../ifix/datavol/Repo/SNData/tests/test_utils.py,Test conversion of the MJD format to JD,,passed,,0.0005676550790667534
tests/test_utils.py::FindDataDir::test_no_environmental_directory,tests.test_utils,test_no_environmental_directory,../../../../ifix/datavol/Repo/SNData/tests/test_utils.py,Test a local directory is returned if environment is not set,,passed,,0.0009587397798895836
tests/test_utils.py::RequireDataPath::test_missing_dir_raises_error,tests.test_utils,test_missing_dir_raises_error,../../../../ifix/datavol/Repo/SNData/tests/test_utils.py,Test a ``NoDownloadedData`` error is raised,,passed,,0.0005361046642065048
tests/test_utils.py::FindDataDir::test_enforces_lowercase,tests.test_utils,test_enforces_lowercase,../../../../ifix/datavol/Repo/SNData/tests/test_utils.py,Test returned directories are always lowercase,,passed,,0.0009473050013184547
tests/test_utils.py::FindDataDir::test_retrieves_environmental_directory,tests.test_utils,test_retrieves_environmental_directory,../../../../ifix/datavol/Repo/SNData/tests/test_utils.py,Test the environmental directory is returned if set,,passed,,0.0005844738334417343
tests/test_utils.py::ConvertToJD::test_snoopy_format,tests.test_utils,test_snoopy_format,../../../../ifix/datavol/Repo/SNData/tests/test_utils.py,Test conversion of the snoopy date format to JD,,passed,,0.0005436176434159279
tests/test_snls.py::Balland09Parsing::test_minimal_metadata_keys,tests.test_snls,test_minimal_metadata_keys,tests/data_parsing_template_tests.py,"Test data table metadata has the expected minimum data
        ('obj_id', 'ra', 'dec', 'z', 'z_err')",,passed,,0.2219433905556798
tests/test_combined_datasets.py::CombinedDataParsing::test_minimal_metadata_keys,tests.test_combined_datasets,test_minimal_metadata_keys,tests/data_parsing_template_tests.py,"Test data table metadata has the expected minimum data
        ('obj_id', 'ra', 'dec', 'z', 'z_err')",,passed,,0.06754210963845253
tests/test_sweetspot.py::DR1Parsing::test_jd_time_format,tests.test_sweetspot,test_jd_time_format,tests/data_parsing_template_tests.py,"Test time values are specified as julian dates when formatting
        for sncosmo.",,passed,,0.06498033460229635
tests/test_csp.py::DR3Parsing::test_unique_ids,tests.test_csp,test_unique_ids,tests/data_parsing_template_tests.py,Test all object Ids are unique,,passed,,0.00294384453445673
tests/test_essence.py::Narayan16Parsing::test_no_duplicate_aliases,tests.test_essence,test_no_duplicate_aliases,tests/data_parsing_template_tests.py,Test column names do not have duplicate sncosmo aliases,,passed,,0.09699571877717972
tests/test_essence.py::Narayan16Parsing::test_unique_ids,tests.test_essence,test_unique_ids,tests/data_parsing_template_tests.py,Test all object Ids are unique,,passed,,0.011900387704372406
tests/test_jla.py::Betoule14Parsing::test_unique_ids,tests.test_jla,test_unique_ids,tests/data_parsing_template_tests.py,Test all object Ids are unique,,passed,,0.01825489103794098
tests/test_combined_datasets.py::CombinedDataParsing::test_standard_column_names,tests.test_combined_datasets,test_standard_column_names,tests/data_parsing_template_tests.py,"Test columns required by sncosmo are included in formatted tables

        Columns checked to exist include:
            'time', 'band', 'flux', 'fluxerr', 'zp', 'zpsys'",,passed,,0.0627654679119587
tests/test_sweetspot.py::DR1Parsing::test_bad_table_id_err,tests.test_sweetspot,test_bad_table_id_err,tests/data_parsing_template_tests.py,Test an InvalidObjId exception is raised for a made up Id,,passed,,0.0006771916523575783
tests/test_combined_datasets.py::CombinedDataParsing::test_no_duplicate_aliases,tests.test_combined_datasets,test_no_duplicate_aliases,tests/data_parsing_template_tests.py,Test column names do not have duplicate sncosmo aliases,,passed,,0.061349114403128624
tests/test_snls.py::Balland09Parsing::test_comments_not_in_metadata,tests.test_snls,test_comments_not_in_metadata,tests/data_parsing_template_tests.py,Test there is no 'comments' key in the  data table metadata,,passed,,0.2303163493052125
tests/test_csp.py::DR1Parsing::test_unique_ids,tests.test_csp,test_unique_ids,tests/data_parsing_template_tests.py,Test all object Ids are unique,,passed,,0.03943517990410328
tests/test_sweetspot.py::DR1Parsing::test_unique_ids,tests.test_sweetspot,test_unique_ids,tests/data_parsing_template_tests.py,Test all object Ids are unique,,passed,,0.0018044393509626389
tests/test_csp.py::DR1Parsing::test_jd_time_format,tests.test_csp,test_jd_time_format,tests/data_parsing_template_tests.py,"Test time values are specified as julian dates when formatting
        for sncosmo.",,passed,,0.5252305483445525
tests/test_loss.py::Ganeshalingam13Parsing::test_standard_column_names,tests.test_loss,test_standard_column_names,tests/data_parsing_template_tests.py,"Test columns required by sncosmo are included in formatted tables

        Columns checked to exist include:
            'time', 'band', 'flux', 'fluxerr', 'zp', 'zpsys'",,passed,,0.7441952666267753
tests/test_jla.py::Betoule14Parsing::test_paper_tables_are_parsed,tests.test_jla,test_paper_tables_are_parsed,tests/data_parsing_template_tests.py,"Test no errors are raised by ``load_table`` when parsing any of the
        table numbers returned by ``get_available_tables``",,passed,,0.09622399043291807
tests/test_sdss.py::Sako18SpecParsing::test_jd_time_format,tests.test_sdss,test_jd_time_format,tests/data_parsing_template_tests.py,"Test time values are specified as julian dates when formatting
        for sncosmo.",,passed,,5.339943592436612
tests/test_essence.py::Narayan16Parsing::test_no_empty_data_tables,tests.test_essence,test_no_empty_data_tables,tests/data_parsing_template_tests.py,"Test for empty tables in ``iter_data``

        Args:
            lim: Maximum number of tables to check (default: 25)",,passed,,1.3332357676699758
tests/test_sdss.py::Sako18Parsing::test_ids_are_sorted,tests.test_sdss,test_ids_are_sorted,tests/data_parsing_template_tests.py,Test ``get_available_ids`` returns sorted ids,,passed,,4.789119807071984
tests/test_sdss.py::Sako18SpecParsing::test_no_empty_data_tables,tests.test_sdss,test_no_empty_data_tables,tests/data_parsing_template_tests.py,"Test for empty tables in ``iter_data``

        Args:
            lim: Maximum number of tables to check (default: 25)",,passed,,17.005510821938515
tests/test_sdss.py::Sako18Parsing::test_minimal_metadata_keys,tests.test_sdss,test_minimal_metadata_keys,tests/data_parsing_template_tests.py,"Test data table metadata has the expected minimum data
        ('obj_id', 'ra', 'dec', 'z', 'z_err')",,passed,,5.487170224078
tests/test_essence.py::Narayan16Parsing::test_ids_are_sorted,tests.test_essence,test_ids_are_sorted,tests/data_parsing_template_tests.py,Test ``get_available_ids`` returns sorted ids,,passed,,0.012032417580485344
tests/test_des.py::SN3YRParsing::test_no_empty_data_tables,tests.test_des,test_no_empty_data_tables,tests/data_parsing_template_tests.py,"Test for empty tables in ``iter_data``

        Args:
            lim: Maximum number of tables to check (default: 25)",,passed,,1.3923733793199062
tests/test_des.py::SN3YRParsing::test_no_empty_ids,tests.test_des,test_no_empty_ids,tests/data_parsing_template_tests.py,Test no object Ids are empty strings,,passed,,0.0035239318385720253
tests/test_sdss.py::Sako18Parsing::test_unique_ids,tests.test_sdss,test_unique_ids,tests/data_parsing_template_tests.py,Test all object Ids are unique,,passed,,4.736279256641865
tests/test_combined_datasets.py::CombinedDataParsing::test_sncosmo_registered_band_names,tests.test_combined_datasets,test_sncosmo_registered_band_names,tests/data_parsing_template_tests.py,Test registered bands do have the correct name,,passed,,0.09625302627682686
tests/test_sdss.py::Sako18Parsing::test_comments_not_in_metadata,tests.test_sdss,test_comments_not_in_metadata,tests/data_parsing_template_tests.py,Test there is no 'comments' key in the  data table metadata,,passed,,4.974768495187163
tests/test_combined_datasets.py::CombinedDataParsing::test_get_zp,tests.test_combined_datasets,test_get_zp,tests/data_parsing_template_tests.py,Test that ``sndata.get_zp`` returns the correct zero point,,passed,,0.0031341901049017906
tests/test_sweetspot.py::DR1Parsing::test_minimal_metadata_keys,tests.test_sweetspot,test_minimal_metadata_keys,tests/data_parsing_template_tests.py,"Test data table metadata has the expected minimum data
        ('obj_id', 'ra', 'dec', 'z', 'z_err')",,passed,,0.061392578296363354
tests/test_loss.py::Ganeshalingam13Parsing::test_no_empty_data_tables,tests.test_loss,test_no_empty_data_tables,tests/data_parsing_template_tests.py,"Test for empty tables in ``iter_data``

        Args:
            lim: Maximum number of tables to check (default: 25)",,passed,,0.8713646093383431
tests/test_csp.py::DR1Parsing::test_ids_are_sorted,tests.test_csp,test_ids_are_sorted,tests/data_parsing_template_tests.py,Test ``get_available_ids`` returns sorted ids,,passed,,0.03355354256927967
tests/test_essence.py::Narayan16Parsing::test_no_empty_ids,tests.test_essence,test_no_empty_ids,tests/data_parsing_template_tests.py,Test no object Ids are empty strings,,passed,,0.01084844395518303
tests/test_sdss.py::Sako18SpecParsing::test_comments_not_in_metadata,tests.test_sdss,test_comments_not_in_metadata,tests/data_parsing_template_tests.py,Test there is no 'comments' key in the  data table metadata,,passed,,5.418560023419559
tests/test_essence.py::Narayan16Parsing::test_bad_table_id_err,tests.test_essence,test_bad_table_id_err,tests/data_parsing_template_tests.py,Test an InvalidObjId exception is raised for a made up Id,,passed,,0.002215004526078701
tests/test_jla.py::Betoule14Parsing::test_no_empty_data_tables,tests.test_jla,test_no_empty_data_tables,tests/data_parsing_template_tests.py,"Test for empty tables in ``iter_data``

        Args:
            lim: Maximum number of tables to check (default: 25)",,passed,,0.9997722506523132
tests/test_combined_datasets.py::CombinedDataParsing::test_cache_not_mutated,tests.test_combined_datasets,test_cache_not_mutated,tests/data_parsing_template_tests.py,Test mutating returned tables does not mutate them in the cache,,passed,,0.07302257418632507
tests/test_jla.py::Betoule14Parsing::test_cache_not_mutated,tests.test_jla,test_cache_not_mutated,tests/data_parsing_template_tests.py,Test mutating returned tables does not mutate them in the cache,,passed,,0.008640676736831665
tests/test_snls.py::Balland09Parsing::test_cache_not_mutated,tests.test_snls,test_cache_not_mutated,tests/data_parsing_template_tests.py,Test mutating returned tables does not mutate them in the cache,,passed,,0.025795663706958294
tests/test_csp.py::DR3Parsing::test_standard_column_names,tests.test_csp,test_standard_column_names,tests/data_parsing_template_tests.py,"Test columns required by sncosmo are included in formatted tables

        Columns checked to exist include:
            'time', 'band', 'flux', 'fluxerr', 'zp', 'zpsys'",,passed,,0.28441594634205103
tests/test_csp.py::DR1Parsing::test_paper_tables_are_parsed,tests.test_csp,test_paper_tables_are_parsed,tests/data_parsing_template_tests.py,"Test no errors are raised by ``load_table`` when parsing any of the
        table numbers returned by ``get_available_tables``",,passed,,0.2261678595095873
tests/test_des.py::SN3YRParsing::test_get_zp,tests.test_des,test_get_zp,tests/data_parsing_template_tests.py,Test that ``sndata.get_zp`` returns the correct zero point,,passed,,0.0010221274569630623
tests/test_sdss.py::Sako18Parsing::test_standard_column_names,tests.test_sdss,test_standard_column_names,tests/data_parsing_template_tests.py,"Test columns required by sncosmo are included in formatted tables

        Columns checked to exist include:
            'time', 'band', 'flux', 'fluxerr', 'zp', 'zpsys'",,passed,,5.32206994574517
tests/test_sweetspot.py::DR1Parsing::test_ids_are_sorted,tests.test_sweetspot,test_ids_are_sorted,tests/data_parsing_template_tests.py,Test ``get_available_ids`` returns sorted ids,,passed,,0.0012134397402405739
tests/test_jla.py::Betoule14Parsing::test_ids_are_sorted,tests.test_jla,test_ids_are_sorted,tests/data_parsing_template_tests.py,Test ``get_available_ids`` returns sorted ids,,passed,,0.013074989430606365
tests/test_combined_datasets.py::CombinedDataParsing::test_ids_are_sorted,tests.test_combined_datasets,test_ids_are_sorted,tests/data_parsing_template_tests.py,Test ``get_available_ids`` returns sorted ids,,passed,,0.006555711850523949
tests/test_sdss.py::Sako18SpecParsing::test_standard_column_names,tests.test_sdss,test_standard_column_names,tests/data_parsing_template_tests.py,"Test columns required by sncosmo are included in formatted tables

        Columns checked to exist include:
            'time', 'band', 'flux'",,passed,,5.2867668606340885
tests/test_csp.py::DR1Parsing::test_no_empty_ids,tests.test_csp,test_no_empty_ids,tests/data_parsing_template_tests.py,Test no object Ids are empty strings,,passed,,0.042727697640657425
tests/test_loss.py::Ganeshalingam13Parsing::test_get_zp,tests.test_loss,test_get_zp,tests/data_parsing_template_tests.py,Test that ``sndata.get_zp`` returns the correct zero point,,passed,,0.0023864759132266045
tests/test_loss.py::Ganeshalingam13Parsing::test_comments_not_in_metadata,tests.test_loss,test_comments_not_in_metadata,tests/data_parsing_template_tests.py,Test there is no 'comments' key in the  data table metadata,,passed,,0.6359997093677521
tests/test_sweetspot.py::DR1Parsing::test_paper_tables_are_parsed,tests.test_sweetspot,test_paper_tables_are_parsed,tests/data_parsing_template_tests.py,"Test no errors are raised by ``load_table`` when parsing any of the
        table numbers returned by ``get_available_tables``",,passed,,0.057319694198668
tests/test_csp.py::DR1Parsing::test_comments_not_in_metadata,tests.test_csp,test_comments_not_in_metadata,tests/data_parsing_template_tests.py,Test there is no 'comments' key in the  data table metadata,,passed,,0.4762964993715286
tests/test_jla.py::Betoule14Parsing::test_comments_not_in_metadata,tests.test_jla,test_comments_not_in_metadata,tests/data_parsing_template_tests.py,Test there is no 'comments' key in the  data table metadata,,passed,,0.05015225801616907
tests/test_sdss.py::Sako18SpecParsing::test_no_empty_ids,tests.test_sdss,test_no_empty_ids,tests/data_parsing_template_tests.py,Test no object Ids are empty strings,,passed,,0.12370479945093393
tests/test_csp.py::DR1Parsing::test_minimal_metadata_keys,tests.test_csp,test_minimal_metadata_keys,tests/data_parsing_template_tests.py,"Test data table metadata has the expected minimum data
        ('obj_id', 'ra', 'dec', 'z', 'z_err')",,passed,,0.45594729389995337
tests/test_sweetspot.py::DR1Parsing::test_get_zp,tests.test_sweetspot,test_get_zp,tests/data_parsing_template_tests.py,Test that ``sndata.get_zp`` returns the correct zero point,,passed,,0.0008059320971369743
tests/test_des.py::SN3YRParsing::test_bad_table_id_err,tests.test_des,test_bad_table_id_err,tests/data_parsing_template_tests.py,Test an InvalidObjId exception is raised for a made up Id,,passed,,0.0006304457783699036
tests/test_sweetspot.py::DR1Parsing::test_cache_not_mutated,tests.test_sweetspot,test_cache_not_mutated,tests/data_parsing_template_tests.py,Test mutating returned tables does not mutate them in the cache,,passed,,0.05066683702170849
tests/test_jla.py::Betoule14Parsing::test_no_duplicate_aliases,tests.test_jla,test_no_duplicate_aliases,tests/data_parsing_template_tests.py,Test column names do not have duplicate sncosmo aliases,,passed,,0.04732312634587288
tests/test_csp.py::DR3Parsing::test_minimal_metadata_keys,tests.test_csp,test_minimal_metadata_keys,tests/data_parsing_template_tests.py,"Test data table metadata has the expected minimum data
        ('obj_id', 'ra', 'dec', 'z', 'z_err')",,passed,,0.25239328294992447
tests/test_combined_datasets.py::CombinedDataParsing::test_no_empty_data_tables,tests.test_combined_datasets,test_no_empty_data_tables,tests/data_parsing_template_tests.py,"Test for empty tables in ``iter_data``

        Args:
            lim: Maximum number of tables to check (default: 25)",,passed,,1.5448836097493768
tests/test_sdss.py::Sako18Parsing::test_no_empty_data_tables,tests.test_sdss,test_no_empty_data_tables,tests/data_parsing_template_tests.py,"Test for empty tables in ``iter_data``

        Args:
            lim: Maximum number of tables to check (default: 25)",,passed,,14.081204591318965
tests/test_snls.py::Balland09Parsing::test_paper_tables_are_parsed,tests.test_snls,test_paper_tables_are_parsed,tests/data_parsing_template_tests.py,"Test no errors are raised by ``load_table`` when parsing any of the
        table numbers returned by ``get_available_tables``",,passed,,0.04722863994538784
tests/test_jla.py::Betoule14Parsing::test_standard_column_names,tests.test_jla,test_standard_column_names,tests/data_parsing_template_tests.py,"Test columns required by sncosmo are included in formatted tables

        Columns checked to exist include:
            'time', 'band', 'flux', 'fluxerr', 'zp', 'zpsys'",,passed,,0.05646749120205641
tests/test_sdss.py::Sako18Parsing::test_bad_table_id_err,tests.test_sdss,test_bad_table_id_err,tests/data_parsing_template_tests.py,Test an InvalidObjId exception is raised for a made up Id,,passed,,0.0010281503200531006
tests/test_csp.py::DR3Parsing::test_no_duplicate_aliases,tests.test_csp,test_no_duplicate_aliases,tests/data_parsing_template_tests.py,Test column names do not have duplicate sncosmo aliases,,passed,,0.2716100588440895
tests/test_combined_datasets.py::CombinedDataParsing::test_comments_not_in_metadata,tests.test_combined_datasets,test_comments_not_in_metadata,tests/data_parsing_template_tests.py,Test there is no 'comments' key in the  data table metadata,,passed,,0.07925229333341122
tests/test_loss.py::Ganeshalingam13Parsing::test_no_empty_ids,tests.test_loss,test_no_empty_ids,tests/data_parsing_template_tests.py,Test no object Ids are empty strings,,passed,,0.664868145249784
tests/test_sweetspot.py::DR1Parsing::test_standard_column_names,tests.test_sweetspot,test_standard_column_names,tests/data_parsing_template_tests.py,"Test columns required by sncosmo are included in formatted tables

        Columns checked to exist include:
            'time', 'band', 'flux', 'fluxerr', 'zp', 'zpsys'",,passed,,0.08771300315856934
tests/test_jla.py::Betoule14Parsing::test_get_zp,tests.test_jla,test_get_zp,tests/data_parsing_template_tests.py,Test that ``sndata.get_zp`` returns the correct zero point,,passed,,0.004959734156727791
tests/test_combined_datasets.py::CombinedDataParsing::test_jd_time_format,tests.test_combined_datasets,test_jd_time_format,tests/data_parsing_template_tests.py,"Test time values are specified as julian dates when formatting
        for sncosmo.",,passed,,0.07209525257349014
tests/test_des.py::SN3YRParsing::test_cache_not_mutated,tests.test_des,test_cache_not_mutated,tests/data_parsing_template_tests.py,Test mutating returned tables does not mutate them in the cache,,passed,,0.07173764146864414
tests/test_des.py::SN3YRParsing::test_comments_not_in_metadata,tests.test_des,test_comments_not_in_metadata,tests/data_parsing_template_tests.py,Test there is no 'comments' key in the  data table metadata,,passed,,0.06643344275653362
tests/test_sweetspot.py::DR1Parsing::test_sncosmo_registered_band_names,tests.test_sweetspot,test_sncosmo_registered_band_names,tests/data_parsing_template_tests.py,Test registered bands do have the correct name,,passed,,0.06330224499106407
tests/test_sweetspot.py::DR1Parsing::test_no_empty_data_tables,tests.test_sweetspot,test_no_empty_data_tables,tests/data_parsing_template_tests.py,"Test for empty tables in ``iter_data``

        Args:
            lim: Maximum number of tables to check (default: 25)",,passed,,0.6323020616546273
tests/test_csp.py::DR3Parsing::test_jd_time_format,tests.test_csp,test_jd_time_format,tests/data_parsing_template_tests.py,"Test time values are specified as julian dates when formatting
        for sncosmo.",,passed,,0.254985268227756
tests/test_essence.py::Narayan16Parsing::test_comments_not_in_metadata,tests.test_essence,test_comments_not_in_metadata,tests/data_parsing_template_tests.py,Test there is no 'comments' key in the  data table metadata,,passed,,0.10359474271535873
tests/test_sdss.py::Sako18SpecParsing::test_paper_tables_are_parsed,tests.test_sdss,test_paper_tables_are_parsed,tests/data_parsing_template_tests.py,"Test no errors are raised by ``load_table`` when parsing any of the
        table numbers returned by ``get_available_tables``",,passed,,5.624131017364562
tests/test_sdss.py::Sako18Parsing::test_paper_tables_are_parsed,tests.test_sdss,test_paper_tables_are_parsed,tests/data_parsing_template_tests.py,"Test no errors are raised by ``load_table`` when parsing any of the
        table numbers returned by ``get_available_tables``",,passed,,6.399351631291211
tests/test_csp.py::DR3Parsing::test_paper_tables_are_parsed,tests.test_csp,test_paper_tables_are_parsed,tests/data_parsing_template_tests.py,"Test no errors are raised by ``load_table`` when parsing any of the
        table numbers returned by ``get_available_tables``",,passed,,0.6797984894365072
tests/test_loss.py::Ganeshalingam13Parsing::test_paper_tables_are_parsed,tests.test_loss,test_paper_tables_are_parsed,tests/data_parsing_template_tests.py,"Test no errors are raised by ``load_table`` when parsing any of the
        table numbers returned by ``get_available_tables``",,passed,,0.12803971581161022
tests/test_essence.py::Narayan16Parsing::test_sncosmo_registered_band_names,tests.test_essence,test_sncosmo_registered_band_names,tests/data_parsing_template_tests.py,Test registered bands do have the correct name,,passed,,0.020761354826390743
tests/test_sdss.py::Sako18Parsing::test_no_empty_ids,tests.test_sdss,test_no_empty_ids,tests/data_parsing_template_tests.py,Test no object Ids are empty strings,,passed,,4.541909341700375
tests/test_snls.py::Balland09Parsing::test_unique_ids,tests.test_snls,test_unique_ids,tests/data_parsing_template_tests.py,Test all object Ids are unique,,passed,,0.013154726475477219
tests/test_jla.py::Betoule14Parsing::test_jd_time_format,tests.test_jla,test_jd_time_format,tests/data_parsing_template_tests.py,"Test time values are specified as julian dates when formatting
        for sncosmo.",,passed,,0.03191982489079237
tests/test_jla.py::Betoule14Parsing::test_no_empty_ids,tests.test_jla,test_no_empty_ids,tests/data_parsing_template_tests.py,Test no object Ids are empty strings,,passed,,0.008229735307395458
tests/test_essence.py::Narayan16Parsing::test_jd_time_format,tests.test_essence,test_jd_time_format,tests/data_parsing_template_tests.py,"Test time values are specified as julian dates when formatting
        for sncosmo.",,passed,,0.062056935392320156
tests/test_combined_datasets.py::CombinedDataParsing::test_paper_tables_are_parsed,tests.test_combined_datasets,test_paper_tables_are_parsed,tests/data_parsing_template_tests.py,"Test no errors are raised by ``load_table`` when parsing any of the
        table numbers returned by ``get_available_tables``",,passed,,0.5304023856297135
tests/test_csp.py::DR3Parsing::test_get_zp,tests.test_csp,test_get_zp,tests/data_parsing_template_tests.py,Test that ``sndata.get_zp`` returns the correct zero point,,passed,,0.0013225246220827103
tests/test_des.py::SN3YRParsing::test_standard_column_names,tests.test_des,test_standard_column_names,tests/data_parsing_template_tests.py,"Test columns required by sncosmo are included in formatted tables

        Columns checked to exist include:
            'time', 'band', 'flux', 'fluxerr', 'zp', 'zpsys'",,passed,,0.04382004216313362
tests/test_essence.py::Narayan16Parsing::test_cache_not_mutated,tests.test_essence,test_cache_not_mutated,tests/data_parsing_template_tests.py,Test mutating returned tables does not mutate them in the cache,,passed,,0.03281213901937008
tests/test_csp.py::DR3Parsing::test_no_empty_ids,tests.test_csp,test_no_empty_ids,tests/data_parsing_template_tests.py,Test no object Ids are empty strings,,passed,,0.0024787792935967445
tests/test_essence.py::Narayan16Parsing::test_minimal_metadata_keys,tests.test_essence,test_minimal_metadata_keys,tests/data_parsing_template_tests.py,"Test data table metadata has the expected minimum data
        ('obj_id', 'ra', 'dec', 'z', 'z_err')",,passed,,0.06382004637271166
tests/test_csp.py::DR1Parsing::test_bad_table_id_err,tests.test_csp,test_bad_table_id_err,tests/data_parsing_template_tests.py,Test an InvalidObjId exception is raised for a made up Id,,passed,,0.0006523774936795235
tests/test_sweetspot.py::DR1Parsing::test_no_duplicate_aliases,tests.test_sweetspot,test_no_duplicate_aliases,tests/data_parsing_template_tests.py,Test column names do not have duplicate sncosmo aliases,,passed,,0.05097795929759741
tests/test_loss.py::Ganeshalingam13Parsing::test_sncosmo_registered_band_names,tests.test_loss,test_sncosmo_registered_band_names,tests/data_parsing_template_tests.py,Test registered bands do have the correct name,,passed,,0.3884445624426007
tests/test_csp.py::DR3Parsing::test_ids_are_sorted,tests.test_csp,test_ids_are_sorted,tests/data_parsing_template_tests.py,Test ``get_available_ids`` returns sorted ids,,passed,,0.0015804674476385117
tests/test_csp.py::DR1Parsing::test_no_empty_data_tables,tests.test_csp,test_no_empty_data_tables,tests/data_parsing_template_tests.py,"Test for empty tables in ``iter_data``

        Args:
            lim: Maximum number of tables to check (default: 25)",,passed,,6.885441603139043
tests/test_combined_datasets.py::CombinedDataParsing::test_unique_ids,tests.test_combined_datasets,test_unique_ids,tests/data_parsing_template_tests.py,Test all object Ids are unique,,passed,,0.00839842390269041
tests/test_des.py::SN3YRParsing::test_unique_ids,tests.test_des,test_unique_ids,tests/data_parsing_template_tests.py,Test all object Ids are unique,,passed,,0.0042620375752449036
tests/test_snls.py::Balland09Parsing::test_bad_table_id_err,tests.test_snls,test_bad_table_id_err,tests/data_parsing_template_tests.py,Test an InvalidObjId exception is raised for a made up Id,,passed,,0.0008893189951777458
tests/test_jla.py::Betoule14Parsing::test_sncosmo_registered_band_names,tests.test_jla,test_sncosmo_registered_band_names,tests/data_parsing_template_tests.py,Test registered bands do have the correct name,,passed,,2.4851731704548
tests/test_jla.py::Betoule14Parsing::test_minimal_metadata_keys,tests.test_jla,test_minimal_metadata_keys,tests/data_parsing_template_tests.py,"Test data table metadata has the expected minimum data
        ('obj_id', 'ra', 'dec', 'z', 'z_err')",,passed,,0.0561744486913085
tests/test_sweetspot.py::DR1Parsing::test_comments_not_in_metadata,tests.test_sweetspot,test_comments_not_in_metadata,tests/data_parsing_template_tests.py,Test there is no 'comments' key in the  data table metadata,,passed,,0.07127204909920692
tests/test_loss.py::Ganeshalingam13Parsing::test_no_duplicate_aliases,tests.test_loss,test_no_duplicate_aliases,tests/data_parsing_template_tests.py,Test column names do not have duplicate sncosmo aliases,,passed,,0.6889040526002645
tests/test_loss.py::Ganeshalingam13Parsing::test_unique_ids,tests.test_loss,test_unique_ids,tests/data_parsing_template_tests.py,Test all object Ids are unique,,passed,,0.005647233687341213
tests/test_loss.py::Ganeshalingam13Parsing::test_ids_are_sorted,tests.test_loss,test_ids_are_sorted,tests/data_parsing_template_tests.py,Test ``get_available_ids`` returns sorted ids,,passed,,0.005007531493902206
tests/test_loss.py::Ganeshalingam13Parsing::test_cache_not_mutated,tests.test_loss,test_cache_not_mutated,tests/data_parsing_template_tests.py,Test mutating returned tables does not mutate them in the cache,,passed,,0.08454508520662785
tests/test_csp.py::DR3Parsing::test_no_empty_data_tables,tests.test_csp,test_no_empty_data_tables,tests/data_parsing_template_tests.py,"Test for empty tables in ``iter_data``

        Args:
            lim: Maximum number of tables to check (default: 25)",,passed,,4.616603468544781
tests/test_sdss.py::Sako18SpecParsing::test_unique_ids,tests.test_sdss,test_unique_ids,tests/data_parsing_template_tests.py,Test all object Ids are unique,,passed,,0.08836639020591974
tests/test_sweetspot.py::DR1Parsing::test_no_empty_ids,tests.test_sweetspot,test_no_empty_ids,tests/data_parsing_template_tests.py,Test no object Ids are empty strings,,passed,,0.0013278713449835777
tests/test_des.py::SN3YRParsing::test_sncosmo_registered_band_names,tests.test_des,test_sncosmo_registered_band_names,tests/data_parsing_template_tests.py,Test registered bands do have the correct name,,passed,,0.0014036400243639946
tests/test_loss.py::Ganeshalingam13Parsing::test_minimal_metadata_keys,tests.test_loss,test_minimal_metadata_keys,tests/data_parsing_template_tests.py,"Test data table metadata has the expected minimum data
        ('obj_id', 'ra', 'dec', 'z', 'z_err')",,passed,,0.6736679608002305
tests/test_des.py::SN3YRParsing::test_minimal_metadata_keys,tests.test_des,test_minimal_metadata_keys,tests/data_parsing_template_tests.py,"Test data table metadata has the expected minimum data
        ('obj_id', 'ra', 'dec', 'z', 'z_err')",,passed,,0.07081910874694586
tests/test_des.py::SN3YRParsing::test_ids_are_sorted,tests.test_des,test_ids_are_sorted,tests/data_parsing_template_tests.py,Test ``get_available_ids`` returns sorted ids,,passed,,0.0023499745875597
tests/test_essence.py::Narayan16Parsing::test_standard_column_names,tests.test_essence,test_standard_column_names,tests/data_parsing_template_tests.py,"Test columns required by sncosmo are included in formatted tables

        Columns checked to exist include:
            'time', 'band', 'flux', 'fluxerr', 'zp', 'zpsys'",,passed,,0.11447667889297009
tests/test_csp.py::DR3Parsing::test_sncosmo_registered_band_names,tests.test_csp,test_sncosmo_registered_band_names,tests/data_parsing_template_tests.py,Test registered bands do have the correct name,,passed,,0.0826680650934577
tests/test_csp.py::DR3Parsing::test_cache_not_mutated,tests.test_csp,test_cache_not_mutated,tests/data_parsing_template_tests.py,Test mutating returned tables does not mutate them in the cache,,passed,,0.024983513168990612
tests/test_des.py::SN3YRParsing::test_paper_tables_are_parsed,tests.test_des,test_paper_tables_are_parsed,tests/data_parsing_template_tests.py,"Test no errors are raised by ``load_table`` when parsing any of the
        table numbers returned by ``get_available_tables``",,passed,,0.1375258695334196
tests/test_sdss.py::Sako18SpecParsing::test_bad_table_id_err,tests.test_sdss,test_bad_table_id_err,tests/data_parsing_template_tests.py,Test an InvalidObjId exception is raised for a made up Id,,passed,,0.0008479682728648186
tests/test_des.py::SN3YRParsing::test_jd_time_format,tests.test_des,test_jd_time_format,tests/data_parsing_template_tests.py,"Test time values are specified as julian dates when formatting
        for sncosmo.",,passed,,0.06354127824306488
tests/test_des.py::SN3YRParsing::test_no_duplicate_aliases,tests.test_des,test_no_duplicate_aliases,tests/data_parsing_template_tests.py,Test column names do not have duplicate sncosmo aliases,,passed,,0.06276403553783894
tests/test_combined_datasets.py::CombinedDataParsing::test_no_empty_ids,tests.test_combined_datasets,test_no_empty_ids,tests/data_parsing_template_tests.py,Test no object Ids are empty strings,,passed,,0.005733530968427658
tests/test_sdss.py::Sako18Parsing::test_no_duplicate_aliases,tests.test_sdss,test_no_duplicate_aliases,tests/data_parsing_template_tests.py,Test column names do not have duplicate sncosmo aliases,,passed,,5.683759803883731
tests/test_sdss.py::Sako18Parsing::test_cache_not_mutated,tests.test_sdss,test_cache_not_mutated,tests/data_parsing_template_tests.py,Test mutating returned tables does not mutate them in the cache,,passed,,0.20282817911356688
tests/test_sdss.py::Sako18Parsing::test_jd_time_format,tests.test_sdss,test_jd_time_format,tests/data_parsing_template_tests.py,"Test time values are specified as julian dates when formatting
        for sncosmo.",,passed,,0.45304243732243776
tests/test_csp.py::DR3Parsing::test_comments_not_in_metadata,tests.test_csp,test_comments_not_in_metadata,tests/data_parsing_template_tests.py,Test there is no 'comments' key in the  data table metadata,,passed,,0.2725535025820136
tests/test_csp.py::DR3Parsing::test_bad_table_id_err,tests.test_csp,test_bad_table_id_err,tests/data_parsing_template_tests.py,Test an InvalidObjId exception is raised for a made up Id,,passed,,0.0012785103172063828
tests/test_sdss.py::Sako18Parsing::test_sncosmo_registered_band_names,tests.test_sdss,test_sncosmo_registered_band_names,tests/data_parsing_template_tests.py,Test registered bands do have the correct name,,passed,,0.0395880751311779
tests/test_sdss.py::Sako18SpecParsing::test_minimal_metadata_keys,tests.test_sdss,test_minimal_metadata_keys,tests/data_parsing_template_tests.py,"Test data table metadata has the expected minimum data
        ('obj_id', 'ra', 'dec', 'z', 'z_err')",,passed,,5.357622218318284
tests/test_snls.py::Balland09Parsing::test_no_empty_ids,tests.test_snls,test_no_empty_ids,tests/data_parsing_template_tests.py,Test no object Ids are empty strings,,passed,,0.020665207877755165
tests/test_snls.py::Balland09Parsing::test_no_empty_data_tables,tests.test_snls,test_no_empty_data_tables,tests/data_parsing_template_tests.py,"Test for empty tables in ``iter_data``

        Args:
            lim: Maximum number of tables to check (default: 25)",,passed,,6.1791186621412635
tests/test_csp.py::DR1Parsing::test_cache_not_mutated,tests.test_csp,test_cache_not_mutated,tests/data_parsing_template_tests.py,Test mutating returned tables does not mutate them in the cache,,passed,,0.04855119623243809
tests/test_loss.py::Ganeshalingam13Parsing::test_bad_table_id_err,tests.test_loss,test_bad_table_id_err,tests/data_parsing_template_tests.py,Test an InvalidObjId exception is raised for a made up Id,,passed,,0.0008112853392958641
tests/test_jla.py::Betoule14Parsing::test_bad_table_id_err,tests.test_jla,test_bad_table_id_err,tests/data_parsing_template_tests.py,Test an InvalidObjId exception is raised for a made up Id,,passed,,0.0008100159466266632
tests/test_essence.py::Narayan16Parsing::test_paper_tables_are_parsed,tests.test_essence,test_paper_tables_are_parsed,tests/data_parsing_template_tests.py,"Test no errors are raised by ``load_table`` when parsing any of the
        table numbers returned by ``get_available_tables``",,passed,,0.054490034468472004
tests/test_sdss.py::Sako18Parsing::test_get_zp,tests.test_sdss,test_get_zp,tests/data_parsing_template_tests.py,Test that ``sndata.get_zp`` returns the correct zero point,,passed,,0.004463613033294678
tests/test_sdss.py::Sako18SpecParsing::test_cache_not_mutated,tests.test_sdss,test_cache_not_mutated,tests/data_parsing_template_tests.py,Test mutating returned tables does not mutate them in the cache,,passed,,4.269747545011342
tests/test_essence.py::Narayan16Parsing::test_get_zp,tests.test_essence,test_get_zp,tests/data_parsing_template_tests.py,Test that ``sndata.get_zp`` returns the correct zero point,,passed,,0.0007903529331088066
tests/test_csp.py::DR1Parsing::test_standard_column_names,tests.test_csp,test_standard_column_names,tests/data_parsing_template_tests.py,"Test columns required by sncosmo are included in formatted tables

        Columns checked to exist include:
            'time', 'band', 'flux'",,passed,,0.40909880958497524
tests/test_sdss.py::Sako18SpecParsing::test_ids_are_sorted,tests.test_sdss,test_ids_are_sorted,tests/data_parsing_template_tests.py,Test ``get_available_ids`` returns sorted ids,,passed,,0.04659214895218611
tests/test_loss.py::Ganeshalingam13Parsing::test_jd_time_format,tests.test_loss,test_jd_time_format,tests/data_parsing_template_tests.py,"Test time values are specified as julian dates when formatting
        for sncosmo.",,passed,,0.4244613265618682
tests/test_snls.py::Balland09Parsing::test_ids_are_sorted,tests.test_snls,test_ids_are_sorted,tests/data_parsing_template_tests.py,Test ``get_available_ids`` returns sorted ids,,passed,,0.01869061589241028
