id,module,name,file,doc,markers,status,message,duration
tests/test_snls.py::Balland09Parsing::test_standard_column_names,tests.test_snls,test_standard_column_names,../../../../ifix/datavol/Repo/SNData/tests/test_snls.py,"Test columns required by sncosmo are included in formatted tables

        Columns checked to exist include:
            'phase', 'band', 'flux'",,passed,,0.44699926022440195
tests/test_snls.py::Balland09Parsing::test_jd_time_format,tests.test_snls,test_jd_time_format,../../../../ifix/datavol/Repo/SNData/tests/test_snls.py,,,skipped,Skipped: Balland09 data tables do not have dates,0.0006288830190896988
tests/test_utils.py::ConvertToJD::test_mjd_format,tests.test_utils,test_mjd_format,../../../../ifix/datavol/Repo/SNData/tests/test_utils.py,Test conversion of the MJD format to JD,,passed,,0.0007076002657413483
tests/test_utils.py::FindDataDir::test_enforces_lowercase,tests.test_utils,test_enforces_lowercase,../../../../ifix/datavol/Repo/SNData/tests/test_utils.py,Test returned directories are always lowercase,,passed,,0.0011429134756326675
tests/test_utils.py::FindDataDir::test_retrieves_environmental_directory,tests.test_utils,test_retrieves_environmental_directory,../../../../ifix/datavol/Repo/SNData/tests/test_utils.py,Test the environmental directory is returned if set,,passed,,0.0007047839462757111
tests/test_utils.py::ConvertToJD::test_snoopy_format,tests.test_utils,test_snoopy_format,../../../../ifix/datavol/Repo/SNData/tests/test_utils.py,Test conversion of the snoopy date format to JD,,passed,,0.0006501348689198494
tests/test_utils.py::FindDataDir::test_no_environmental_directory,tests.test_utils,test_no_environmental_directory,../../../../ifix/datavol/Repo/SNData/tests/test_utils.py,Test a local directory is returned if environment is not set,,passed,,0.0010908544063568115
tests/test_utils.py::RequireDataPath::test_missing_dir_raises_error,tests.test_utils,test_missing_dir_raises_error,../../../../ifix/datavol/Repo/SNData/tests/test_utils.py,Test a ``NoDownloadedData`` error is raised,,passed,,0.0006403988227248192
tests/test_utils.py::HourangleToDegrees::test_coordinates_0_0,tests.test_utils,test_coordinates_0_0,../../../../ifix/datavol/Repo/SNData/tests/test_utils.py,Test a zero hourangle returns zero degrees,,passed,,0.0012949202209711075
tests/test_combined_datasets.py::MapReduction::test_joining,tests.test_combined_datasets,test_joining,../../../../ifix/datavol/Repo/SNData/tests/test_combined_datasets.py,Test _reduce_id_mapping correctly joins sets,,passed,,0.0005248868837952614
tests/test_combined_datasets.py::CombinedDataStringIDs::test_duplicate_obj_id_strings,tests.test_combined_datasets,test_duplicate_obj_id_strings,../../../../ifix/datavol/Repo/SNData/tests/test_combined_datasets.py,Test an error is raised for non unique string Ids,,passed,,0.011011858470737934
tests/test_combined_datasets.py::CombinedDataStringIDs::test_obj_id_as_str,tests.test_combined_datasets,test_obj_id_as_str,../../../../ifix/datavol/Repo/SNData/tests/test_combined_datasets.py,Test returned data is the same for obj_ids as strings and tuples,,passed,,0.5345671540126204
tests/test_combined_datasets.py::CombinedDataParsing::test_bad_table_id_err,tests.test_combined_datasets,test_bad_table_id_err,../../../../ifix/datavol/Repo/SNData/tests/test_combined_datasets.py,Test an InvalidObjId exception is raised for a made up Id,,passed,,0.00051164161413908
tests/test_combined_datasets.py::CombinedDataParsing::test_id_joining,tests.test_combined_datasets,test_id_joining,../../../../ifix/datavol/Repo/SNData/tests/test_combined_datasets.py,Test correct data is returned after joining / separating IDs,,passed,,1.5216991808265448
tests/test_combined_datasets.py::CombinedDataParsing::test_join_id_string_error,tests.test_combined_datasets,test_join_id_string_error,../../../../ifix/datavol/Repo/SNData/tests/test_combined_datasets.py,Test joining object ids as strings raises an error,,passed,,0.00048128701746463776
tests/test_combined_datasets.py::MapReduction::test_single_value_sets,tests.test_combined_datasets,test_single_value_sets,../../../../ifix/datavol/Repo/SNData/tests/test_combined_datasets.py,Test _reduce_id_mapping removes empty of length 1,,passed,,0.00048091355711221695
tests/test_combined_datasets.py::MapReduction::test_empty_sets,tests.test_combined_datasets,test_empty_sets,../../../../ifix/datavol/Repo/SNData/tests/test_combined_datasets.py,Test _reduce_id_mapping removes empty sets,,passed,,0.00043846387416124344
tests/test_csp.py::DR3Parsing::test_instrument_offsets_ar_applied,tests.test_csp,test_instrument_offsets_ar_applied,../../../../ifix/datavol/Repo/SNData/tests/test_csp.py,"Test returned DR3 data includes the instrument offset using a
         single data point from 2005el.",,passed,,0.43005800154060125
tests/test_sweetspot.py::DR1Parsing::test_has_33_objids,tests.test_sweetspot,test_has_33_objids,../../../../ifix/datavol/Repo/SNData/tests/test_sweetspot.py,Test the data release includes all 33 objects,,passed,,0.0015987148508429527
tests/test_csp.py::DR3UI::test_correct_data_type_attribute,tests.test_csp,test_correct_data_type_attribute,tests/standard_ui_template_tests.py,Test the ``data_type`` attribute is set to ``photometric``,,passed,,0.0004944531247019768
tests/test_snls.py::Balland09UI::test_correct_data_type_attribute,tests.test_snls,test_correct_data_type_attribute,tests/standard_ui_template_tests.py,Test the ``data_type`` attribute is set to ``spectroscopic``,,passed,,0.0004840390756726265
tests/test_des.py::SN3YRUI::test_correct_data_type_attribute,tests.test_des,test_correct_data_type_attribute,tests/standard_ui_template_tests.py,Test the ``data_type`` attribute is set to ``photometric``,,passed,,0.00043610110878944397
tests/test_sweetspot.py::DR1UI::test_correct_data_type_attribute,tests.test_sweetspot,test_correct_data_type_attribute,tests/standard_ui_template_tests.py,Test the ``data_type`` attribute is set to ``photometric``,,passed,,0.0004631560295820236
tests/test_loss.py::Ganeshalingam13UI::test_not_missing_metadata,tests.test_loss,test_not_missing_metadata,tests/standard_ui_template_tests.py,Test that standard metadata attributes are not null,,passed,,0.00046889763325452805
tests/test_sweetspot.py::DR1UI::test_not_missing_metadata,tests.test_sweetspot,test_not_missing_metadata,tests/standard_ui_template_tests.py,Test that standard metadata attributes are not null,,passed,,0.0004904810339212418
tests/test_csp.py::DR1UI::test_not_missing_metadata,tests.test_csp,test_not_missing_metadata,tests/standard_ui_template_tests.py,Test that standard metadata attributes are not null,,passed,,0.00048280972987413406
tests/test_csp.py::DR3UI::test_not_missing_metadata,tests.test_csp,test_not_missing_metadata,tests/standard_ui_template_tests.py,Test that standard metadata attributes are not null,,passed,,0.0004639057442545891
tests/test_essence.py::Narayan16UI::test_correct_data_type_attribute,tests.test_essence,test_correct_data_type_attribute,tests/standard_ui_template_tests.py,Test the ``data_type`` attribute is set to ``photometric``,,passed,,0.0004359222948551178
tests/test_jla.py::Betoule14UI::test_correct_data_type_attribute,tests.test_jla,test_correct_data_type_attribute,tests/standard_ui_template_tests.py,Test the ``data_type`` attribute is set to ``photometric``,,passed,,0.0004748385399580002
tests/test_csp.py::DR1UI::test_correct_data_type_attribute,tests.test_csp,test_correct_data_type_attribute,tests/standard_ui_template_tests.py,Test the ``data_type`` attribute is set to ``spectroscopic``,,passed,,0.0004997998476028442
tests/test_jla.py::Betoule14UI::test_not_missing_metadata,tests.test_jla,test_not_missing_metadata,tests/standard_ui_template_tests.py,Test that standard metadata attributes are not null,,passed,,0.0004897043108940125
tests/test_sdss.py::Sako18SpecUI::test_not_missing_metadata,tests.test_sdss,test_not_missing_metadata,tests/standard_ui_template_tests.py,Test that standard metadata attributes are not null,,passed,,0.0004907669499516487
tests/test_sdss.py::Sako18UI::test_correct_data_type_attribute,tests.test_sdss,test_correct_data_type_attribute,tests/standard_ui_template_tests.py,Test the ``data_type`` attribute is set to ``photometric``,,passed,,0.00045966915786266327
tests/test_des.py::SN3YRUI::test_not_missing_metadata,tests.test_des,test_not_missing_metadata,tests/standard_ui_template_tests.py,Test that standard metadata attributes are not null,,passed,,0.0004892311990261078
tests/test_sdss.py::Sako18UI::test_not_missing_metadata,tests.test_sdss,test_not_missing_metadata,tests/standard_ui_template_tests.py,Test that standard metadata attributes are not null,,passed,,0.000446501187980175
tests/test_essence.py::Narayan16UI::test_not_missing_metadata,tests.test_essence,test_not_missing_metadata,tests/standard_ui_template_tests.py,Test that standard metadata attributes are not null,,passed,,0.00047815870493650436
tests/test_sdss.py::Sako18SpecUI::test_correct_data_type_attribute,tests.test_sdss,test_correct_data_type_attribute,tests/standard_ui_template_tests.py,Test the ``data_type`` attribute is set to ``spectroscopic``,,passed,,0.00048372894525527954
tests/test_snls.py::Balland09UI::test_not_missing_metadata,tests.test_snls,test_not_missing_metadata,tests/standard_ui_template_tests.py,Test that standard metadata attributes are not null,,passed,,0.0004801414906978607
tests/test_loss.py::Ganeshalingam13UI::test_correct_data_type_attribute,tests.test_loss,test_correct_data_type_attribute,tests/standard_ui_template_tests.py,Test the ``data_type`` attribute is set to ``photometric``,,passed,,0.0004897844046354294
tests/test_loss.py::Ganeshalingam13Parsing::test_no_duplicate_aliases,tests.test_loss,test_no_duplicate_aliases,tests/data_parsing_template_tests.py,Test column names do not have duplicate sncosmo aliases,,passed,,0.7190966866910458
tests/test_csp.py::DR1Parsing::test_jd_time_format,tests.test_csp,test_jd_time_format,tests/data_parsing_template_tests.py,"Test time values are specified as julian dates when formatting
        for sncosmo.",,passed,,0.43945719115436077
tests/test_loss.py::Ganeshalingam13Parsing::test_standard_column_names,tests.test_loss,test_standard_column_names,tests/data_parsing_template_tests.py,"Test columns required by sncosmo are included in formatted tables

        Columns checked to exist include:
            'time', 'band', 'flux', 'fluxerr', 'zp', 'zpsys'",,passed,,0.591760903596878
tests/test_loss.py::Ganeshalingam13Parsing::test_no_empty_ids,tests.test_loss,test_no_empty_ids,tests/data_parsing_template_tests.py,Test no object Ids are empty strings,,passed,,0.017908298410475254
tests/test_des.py::SN3YRParsing::test_comments_not_in_metadata,tests.test_des,test_comments_not_in_metadata,tests/data_parsing_template_tests.py,Test there is no 'comments' key in the  data table metadata,,passed,,0.0599256893619895
tests/test_combined_datasets.py::CombinedDataParsing::test_comments_not_in_metadata,tests.test_combined_datasets,test_comments_not_in_metadata,tests/data_parsing_template_tests.py,Test there is no 'comments' key in the  data table metadata,,passed,,0.06133960373699665
tests/test_snls.py::Balland09Parsing::test_unique_ids,tests.test_snls,test_unique_ids,tests/data_parsing_template_tests.py,Test all object Ids are unique,,passed,,0.018433853052556515
tests/test_snls.py::Balland09Parsing::test_bad_table_id_err,tests.test_snls,test_bad_table_id_err,tests/data_parsing_template_tests.py,Test an InvalidObjId exception is raised for a made up Id,,passed,,0.0009241458028554916
tests/test_essence.py::Narayan16Parsing::test_cache_not_mutated,tests.test_essence,test_cache_not_mutated,tests/data_parsing_template_tests.py,Test mutating returned tables does not mutate them in the cache,,passed,,0.049605075269937515
tests/test_des.py::SN3YRParsing::test_sncosmo_registered_band_names,tests.test_des,test_sncosmo_registered_band_names,tests/data_parsing_template_tests.py,Test registered bands do have the correct name,,passed,,0.014801018871366978
tests/test_des.py::SN3YRParsing::test_no_empty_ids,tests.test_des,test_no_empty_ids,tests/data_parsing_template_tests.py,Test no object Ids are empty strings,,passed,,0.0035578589886426926
tests/test_sdss.py::Sako18Parsing::test_paper_tables_are_parsed,tests.test_sdss,test_paper_tables_are_parsed,tests/data_parsing_template_tests.py,"Test no errors are raised by ``load_table`` when parsing any of the
        table numbers returned by ``get_available_tables``",,passed,,6.4048006711527705
tests/test_sdss.py::Sako18Parsing::test_no_duplicate_aliases,tests.test_sdss,test_no_duplicate_aliases,tests/data_parsing_template_tests.py,Test column names do not have duplicate sncosmo aliases,,passed,,0.4643977349624038
tests/test_combined_datasets.py::CombinedDataParsing::test_paper_tables_are_parsed,tests.test_combined_datasets,test_paper_tables_are_parsed,tests/data_parsing_template_tests.py,"Test no errors are raised by ``load_table`` when parsing any of the
        table numbers returned by ``get_available_tables``",,passed,,0.8207455351948738
tests/test_snls.py::Balland09Parsing::test_cache_not_mutated,tests.test_snls,test_cache_not_mutated,tests/data_parsing_template_tests.py,Test mutating returned tables does not mutate them in the cache,,passed,,0.024158179759979248
tests/test_essence.py::Narayan16Parsing::test_no_duplicate_aliases,tests.test_essence,test_no_duplicate_aliases,tests/data_parsing_template_tests.py,Test column names do not have duplicate sncosmo aliases,,passed,,0.10270646028220654
tests/test_sdss.py::Sako18SpecParsing::test_comments_not_in_metadata,tests.test_sdss,test_comments_not_in_metadata,tests/data_parsing_template_tests.py,Test there is no 'comments' key in the  data table metadata,,passed,,5.059847687371075
tests/test_csp.py::DR3Parsing::test_get_zp,tests.test_csp,test_get_zp,tests/data_parsing_template_tests.py,Test that ``sndata.get_zp`` returns the correct zero point,,passed,,0.001874411478638649
tests/test_sdss.py::Sako18SpecParsing::test_bad_table_id_err,tests.test_sdss,test_bad_table_id_err,tests/data_parsing_template_tests.py,Test an InvalidObjId exception is raised for a made up Id,,passed,,0.0009001828730106354
tests/test_csp.py::DR3Parsing::test_minimal_metadata_keys,tests.test_csp,test_minimal_metadata_keys,tests/data_parsing_template_tests.py,"Test data table metadata has the expected minimum data
        ('obj_id', 'ra', 'dec', 'z', 'z_err')",,passed,,0.25251195579767227
tests/test_des.py::SN3YRParsing::test_minimal_metadata_keys,tests.test_des,test_minimal_metadata_keys,tests/data_parsing_template_tests.py,"Test data table metadata has the expected minimum data
        ('obj_id', 'ra', 'dec', 'z', 'z_err')",,passed,,0.06205452233552933
tests/test_essence.py::Narayan16Parsing::test_paper_tables_are_parsed,tests.test_essence,test_paper_tables_are_parsed,tests/data_parsing_template_tests.py,"Test no errors are raised by ``load_table`` when parsing any of the
        table numbers returned by ``get_available_tables``",,passed,,0.05744486767798662
tests/test_jla.py::Betoule14Parsing::test_bad_table_id_err,tests.test_jla,test_bad_table_id_err,tests/data_parsing_template_tests.py,Test an InvalidObjId exception is raised for a made up Id,,passed,,0.0014567123726010323
tests/test_csp.py::DR1Parsing::test_no_empty_ids,tests.test_csp,test_no_empty_ids,tests/data_parsing_template_tests.py,Test no object Ids are empty strings,,passed,,0.03567683231085539
tests/test_sweetspot.py::DR1Parsing::test_cache_not_mutated,tests.test_sweetspot,test_cache_not_mutated,tests/data_parsing_template_tests.py,Test mutating returned tables does not mutate them in the cache,,passed,,0.20923870895057917
tests/test_csp.py::DR1Parsing::test_unique_ids,tests.test_csp,test_unique_ids,tests/data_parsing_template_tests.py,Test all object Ids are unique,,passed,,0.03315560705959797
tests/test_sdss.py::Sako18Parsing::test_no_empty_data_tables,tests.test_sdss,test_no_empty_data_tables,tests/data_parsing_template_tests.py,"Test for empty tables in ``iter_data``

        Args:
            lim: Maximum number of tables to check (default: 25)",,passed,,13.803078766912222
tests/test_csp.py::DR3Parsing::test_no_empty_ids,tests.test_csp,test_no_empty_ids,tests/data_parsing_template_tests.py,Test no object Ids are empty strings,,passed,,0.002567565068602562
tests/test_jla.py::Betoule14Parsing::test_unique_ids,tests.test_jla,test_unique_ids,tests/data_parsing_template_tests.py,Test all object Ids are unique,,passed,,0.017258677631616592
tests/test_sdss.py::Sako18SpecParsing::test_no_empty_data_tables,tests.test_sdss,test_no_empty_data_tables,tests/data_parsing_template_tests.py,"Test for empty tables in ``iter_data``

        Args:
            lim: Maximum number of tables to check (default: 25)",,passed,,17.78356893826276
tests/test_combined_datasets.py::CombinedDataParsing::test_cache_not_mutated,tests.test_combined_datasets,test_cache_not_mutated,tests/data_parsing_template_tests.py,Test mutating returned tables does not mutate them in the cache,,passed,,0.02597459964454174
tests/test_essence.py::Narayan16Parsing::test_minimal_metadata_keys,tests.test_essence,test_minimal_metadata_keys,tests/data_parsing_template_tests.py,"Test data table metadata has the expected minimum data
        ('obj_id', 'ra', 'dec', 'z', 'z_err')",,passed,,0.10135260317474604
tests/test_csp.py::DR1Parsing::test_paper_tables_are_parsed,tests.test_csp,test_paper_tables_are_parsed,tests/data_parsing_template_tests.py,"Test no errors are raised by ``load_table`` when parsing any of the
        table numbers returned by ``get_available_tables``",,passed,,0.20483264792710543
tests/test_des.py::SN3YRParsing::test_get_zp,tests.test_des,test_get_zp,tests/data_parsing_template_tests.py,Test that ``sndata.get_zp`` returns the correct zero point,,passed,,0.001077377237379551
tests/test_sdss.py::Sako18SpecParsing::test_paper_tables_are_parsed,tests.test_sdss,test_paper_tables_are_parsed,tests/data_parsing_template_tests.py,"Test no errors are raised by ``load_table`` when parsing any of the
        table numbers returned by ``get_available_tables``",,passed,,7.0671296222135425
tests/test_jla.py::Betoule14Parsing::test_paper_tables_are_parsed,tests.test_jla,test_paper_tables_are_parsed,tests/data_parsing_template_tests.py,"Test no errors are raised by ``load_table`` when parsing any of the
        table numbers returned by ``get_available_tables``",,passed,,0.10764383990317583
tests/test_csp.py::DR3Parsing::test_no_empty_data_tables,tests.test_csp,test_no_empty_data_tables,tests/data_parsing_template_tests.py,"Test for empty tables in ``iter_data``

        Args:
            lim: Maximum number of tables to check (default: 25)",,passed,,4.680372110567987
tests/test_essence.py::Narayan16Parsing::test_standard_column_names,tests.test_essence,test_standard_column_names,tests/data_parsing_template_tests.py,"Test columns required by sncosmo are included in formatted tables

        Columns checked to exist include:
            'time', 'band', 'flux', 'fluxerr', 'zp', 'zpsys'",,passed,,0.1099132876843214
tests/test_sweetspot.py::DR1Parsing::test_bad_table_id_err,tests.test_sweetspot,test_bad_table_id_err,tests/data_parsing_template_tests.py,Test an InvalidObjId exception is raised for a made up Id,,passed,,0.0007574222981929779
tests/test_essence.py::Narayan16Parsing::test_comments_not_in_metadata,tests.test_essence,test_comments_not_in_metadata,tests/data_parsing_template_tests.py,Test there is no 'comments' key in the  data table metadata,,passed,,0.10702541936188936
tests/test_csp.py::DR1Parsing::test_ids_are_sorted,tests.test_csp,test_ids_are_sorted,tests/data_parsing_template_tests.py,Test ``get_available_ids`` returns sorted ids,,passed,,0.03935988713055849
tests/test_csp.py::DR1Parsing::test_standard_column_names,tests.test_csp,test_standard_column_names,tests/data_parsing_template_tests.py,"Test columns required by sncosmo are included in formatted tables

        Columns checked to exist include:
            'time', 'band', 'flux'",,passed,,0.4984241630882025
tests/test_sdss.py::Sako18Parsing::test_comments_not_in_metadata,tests.test_sdss,test_comments_not_in_metadata,tests/data_parsing_template_tests.py,Test there is no 'comments' key in the  data table metadata,,passed,,4.8215899197384715
tests/test_sdss.py::Sako18Parsing::test_ids_are_sorted,tests.test_sdss,test_ids_are_sorted,tests/data_parsing_template_tests.py,Test ``get_available_ids`` returns sorted ids,,passed,,0.10303254518657923
tests/test_sdss.py::Sako18SpecParsing::test_minimal_metadata_keys,tests.test_sdss,test_minimal_metadata_keys,tests/data_parsing_template_tests.py,"Test data table metadata has the expected minimum data
        ('obj_id', 'ra', 'dec', 'z', 'z_err')",,passed,,4.57720925938338
tests/test_csp.py::DR1Parsing::test_minimal_metadata_keys,tests.test_csp,test_minimal_metadata_keys,tests/data_parsing_template_tests.py,"Test data table metadata has the expected minimum data
        ('obj_id', 'ra', 'dec', 'z', 'z_err')",,passed,,0.2758408961817622
tests/test_loss.py::Ganeshalingam13Parsing::test_unique_ids,tests.test_loss,test_unique_ids,tests/data_parsing_template_tests.py,Test all object Ids are unique,,passed,,0.46947590075433254
tests/test_des.py::SN3YRParsing::test_jd_time_format,tests.test_des,test_jd_time_format,tests/data_parsing_template_tests.py,"Test time values are specified as julian dates when formatting
        for sncosmo.",,passed,,0.21987356711179018
tests/test_essence.py::Narayan16Parsing::test_no_empty_ids,tests.test_essence,test_no_empty_ids,tests/data_parsing_template_tests.py,Test no object Ids are empty strings,,passed,,0.007109943777322769
tests/test_combined_datasets.py::CombinedDataParsing::test_standard_column_names,tests.test_combined_datasets,test_standard_column_names,tests/data_parsing_template_tests.py,"Test columns required by sncosmo are included in formatted tables

        Columns checked to exist include:
            'time', 'band', 'flux', 'fluxerr', 'zp', 'zpsys'",,passed,,0.03971671499311924
tests/test_loss.py::Ganeshalingam13Parsing::test_get_zp,tests.test_loss,test_get_zp,tests/data_parsing_template_tests.py,Test that ``sndata.get_zp`` returns the correct zero point,,passed,,0.0014410531148314476
tests/test_loss.py::Ganeshalingam13Parsing::test_bad_table_id_err,tests.test_loss,test_bad_table_id_err,tests/data_parsing_template_tests.py,Test an InvalidObjId exception is raised for a made up Id,,passed,,0.0005491813644766808
tests/test_sdss.py::Sako18Parsing::test_sncosmo_registered_band_names,tests.test_sdss,test_sncosmo_registered_band_names,tests/data_parsing_template_tests.py,Test registered bands do have the correct name,,passed,,0.035137562081217766
tests/test_csp.py::DR3Parsing::test_paper_tables_are_parsed,tests.test_csp,test_paper_tables_are_parsed,tests/data_parsing_template_tests.py,"Test no errors are raised by ``load_table`` when parsing any of the
        table numbers returned by ``get_available_tables``",,passed,,0.41575423441827297
tests/test_sdss.py::Sako18Parsing::test_standard_column_names,tests.test_sdss,test_standard_column_names,tests/data_parsing_template_tests.py,"Test columns required by sncosmo are included in formatted tables

        Columns checked to exist include:
            'time', 'band', 'flux', 'fluxerr', 'zp', 'zpsys'",,passed,,3.699155455455184
tests/test_jla.py::Betoule14Parsing::test_jd_time_format,tests.test_jla,test_jd_time_format,tests/data_parsing_template_tests.py,"Test time values are specified as julian dates when formatting
        for sncosmo.",,passed,,0.036656719632446766
tests/test_jla.py::Betoule14Parsing::test_get_zp,tests.test_jla,test_get_zp,tests/data_parsing_template_tests.py,Test that ``sndata.get_zp`` returns the correct zero point,,passed,,0.004880271852016449
tests/test_sweetspot.py::DR1Parsing::test_no_empty_ids,tests.test_sweetspot,test_no_empty_ids,tests/data_parsing_template_tests.py,Test no object Ids are empty strings,,passed,,0.0013162000104784966
tests/test_combined_datasets.py::CombinedDataParsing::test_no_duplicate_aliases,tests.test_combined_datasets,test_no_duplicate_aliases,tests/data_parsing_template_tests.py,Test column names do not have duplicate sncosmo aliases,,passed,,0.07201311644166708
tests/test_combined_datasets.py::CombinedDataParsing::test_jd_time_format,tests.test_combined_datasets,test_jd_time_format,tests/data_parsing_template_tests.py,"Test time values are specified as julian dates when formatting
        for sncosmo.",,passed,,0.07175908051431179
tests/test_csp.py::DR3Parsing::test_ids_are_sorted,tests.test_csp,test_ids_are_sorted,tests/data_parsing_template_tests.py,Test ``get_available_ids`` returns sorted ids,,passed,,0.002752348780632019
tests/test_essence.py::Narayan16Parsing::test_sncosmo_registered_band_names,tests.test_essence,test_sncosmo_registered_band_names,tests/data_parsing_template_tests.py,Test registered bands do have the correct name,,passed,,0.024896464310586452
tests/test_loss.py::Ganeshalingam13Parsing::test_no_empty_data_tables,tests.test_loss,test_no_empty_data_tables,tests/data_parsing_template_tests.py,"Test for empty tables in ``iter_data``

        Args:
            lim: Maximum number of tables to check (default: 25)",,passed,,1.0625711092725396
tests/test_loss.py::Ganeshalingam13Parsing::test_minimal_metadata_keys,tests.test_loss,test_minimal_metadata_keys,tests/data_parsing_template_tests.py,"Test data table metadata has the expected minimum data
        ('obj_id', 'ra', 'dec', 'z', 'z_err')",,passed,,0.01898129191249609
tests/test_sdss.py::Sako18SpecParsing::test_no_empty_ids,tests.test_sdss,test_no_empty_ids,tests/data_parsing_template_tests.py,Test no object Ids are empty strings,,passed,,0.08672446943819523
tests/test_jla.py::Betoule14Parsing::test_sncosmo_registered_band_names,tests.test_jla,test_sncosmo_registered_band_names,tests/data_parsing_template_tests.py,Test registered bands do have the correct name,,passed,,2.098653002642095
tests/test_sdss.py::Sako18Parsing::test_no_empty_ids,tests.test_sdss,test_no_empty_ids,tests/data_parsing_template_tests.py,Test no object Ids are empty strings,,passed,,4.505436239764094
tests/test_loss.py::Ganeshalingam13Parsing::test_comments_not_in_metadata,tests.test_loss,test_comments_not_in_metadata,tests/data_parsing_template_tests.py,Test there is no 'comments' key in the  data table metadata,,passed,,0.6051850244402885
tests/test_csp.py::DR1Parsing::test_comments_not_in_metadata,tests.test_csp,test_comments_not_in_metadata,tests/data_parsing_template_tests.py,Test there is no 'comments' key in the  data table metadata,,passed,,0.39374424424022436
tests/test_des.py::SN3YRParsing::test_no_duplicate_aliases,tests.test_des,test_no_duplicate_aliases,tests/data_parsing_template_tests.py,Test column names do not have duplicate sncosmo aliases,,passed,,0.06949041783809662
tests/test_snls.py::Balland09Parsing::test_comments_not_in_metadata,tests.test_snls,test_comments_not_in_metadata,tests/data_parsing_template_tests.py,Test there is no 'comments' key in the  data table metadata,,passed,,0.23117082752287388
tests/test_combined_datasets.py::CombinedDataParsing::test_ids_are_sorted,tests.test_combined_datasets,test_ids_are_sorted,tests/data_parsing_template_tests.py,Test ``get_available_ids`` returns sorted ids,,passed,,0.006723508238792419
tests/test_jla.py::Betoule14Parsing::test_minimal_metadata_keys,tests.test_jla,test_minimal_metadata_keys,tests/data_parsing_template_tests.py,"Test data table metadata has the expected minimum data
        ('obj_id', 'ra', 'dec', 'z', 'z_err')",,passed,,0.05301540903747082
tests/test_jla.py::Betoule14Parsing::test_no_empty_ids,tests.test_jla,test_no_empty_ids,tests/data_parsing_template_tests.py,Test no object Ids are empty strings,,passed,,0.014163036830723286
tests/test_combined_datasets.py::CombinedDataParsing::test_get_zp,tests.test_combined_datasets,test_get_zp,tests/data_parsing_template_tests.py,Test that ``sndata.get_zp`` returns the correct zero point,,passed,,0.003523430787026882
tests/test_combined_datasets.py::CombinedDataParsing::test_unique_ids,tests.test_combined_datasets,test_unique_ids,tests/data_parsing_template_tests.py,Test all object Ids are unique,,passed,,0.008757207542657852
tests/test_csp.py::DR1Parsing::test_no_empty_data_tables,tests.test_csp,test_no_empty_data_tables,tests/data_parsing_template_tests.py,"Test for empty tables in ``iter_data``

        Args:
            lim: Maximum number of tables to check (default: 25)",,passed,,9.771107690408826
tests/test_sdss.py::Sako18Parsing::test_jd_time_format,tests.test_sdss,test_jd_time_format,tests/data_parsing_template_tests.py,"Test time values are specified as julian dates when formatting
        for sncosmo.",,passed,,5.731415841728449
tests/test_jla.py::Betoule14Parsing::test_no_empty_data_tables,tests.test_jla,test_no_empty_data_tables,tests/data_parsing_template_tests.py,"Test for empty tables in ``iter_data``

        Args:
            lim: Maximum number of tables to check (default: 25)",,passed,,0.9750819951295853
tests/test_sweetspot.py::DR1Parsing::test_unique_ids,tests.test_sweetspot,test_unique_ids,tests/data_parsing_template_tests.py,Test all object Ids are unique,,passed,,0.0019147498533129692
tests/test_essence.py::Narayan16Parsing::test_no_empty_data_tables,tests.test_essence,test_no_empty_data_tables,tests/data_parsing_template_tests.py,"Test for empty tables in ``iter_data``

        Args:
            lim: Maximum number of tables to check (default: 25)",,passed,,1.314109144732356
tests/test_sweetspot.py::DR1Parsing::test_sncosmo_registered_band_names,tests.test_sweetspot,test_sncosmo_registered_band_names,tests/data_parsing_template_tests.py,Test registered bands do have the correct name,,passed,,0.0331847108900547
tests/test_snls.py::Balland09Parsing::test_no_empty_data_tables,tests.test_snls,test_no_empty_data_tables,tests/data_parsing_template_tests.py,"Test for empty tables in ``iter_data``

        Args:
            lim: Maximum number of tables to check (default: 25)",,passed,,3.862004672177136
tests/test_jla.py::Betoule14Parsing::test_comments_not_in_metadata,tests.test_jla,test_comments_not_in_metadata,tests/data_parsing_template_tests.py,Test there is no 'comments' key in the  data table metadata,,passed,,0.02948922850191593
tests/test_csp.py::DR3Parsing::test_bad_table_id_err,tests.test_csp,test_bad_table_id_err,tests/data_parsing_template_tests.py,Test an InvalidObjId exception is raised for a made up Id,,passed,,0.0007842173799872398
tests/test_sweetspot.py::DR1Parsing::test_paper_tables_are_parsed,tests.test_sweetspot,test_paper_tables_are_parsed,tests/data_parsing_template_tests.py,"Test no errors are raised by ``load_table`` when parsing any of the
        table numbers returned by ``get_available_tables``",,passed,,0.0340008856728673
tests/test_sweetspot.py::DR1Parsing::test_no_empty_data_tables,tests.test_sweetspot,test_no_empty_data_tables,tests/data_parsing_template_tests.py,"Test for empty tables in ``iter_data``

        Args:
            lim: Maximum number of tables to check (default: 25)",,passed,,0.3378663156181574
tests/test_loss.py::Ganeshalingam13Parsing::test_paper_tables_are_parsed,tests.test_loss,test_paper_tables_are_parsed,tests/data_parsing_template_tests.py,"Test no errors are raised by ``load_table`` when parsing any of the
        table numbers returned by ``get_available_tables``",,passed,,0.06184254866093397
tests/test_sdss.py::Sako18SpecParsing::test_standard_column_names,tests.test_sdss,test_standard_column_names,tests/data_parsing_template_tests.py,"Test columns required by sncosmo are included in formatted tables

        Columns checked to exist include:
            'time', 'band', 'flux'",,passed,,3.063573938794434
tests/test_combined_datasets.py::CombinedDataParsing::test_no_empty_ids,tests.test_combined_datasets,test_no_empty_ids,tests/data_parsing_template_tests.py,Test no object Ids are empty strings,,passed,,0.003979545086622238
tests/test_sdss.py::Sako18SpecParsing::test_ids_are_sorted,tests.test_sdss,test_ids_are_sorted,tests/data_parsing_template_tests.py,Test ``get_available_ids`` returns sorted ids,,passed,,0.04617153946310282
tests/test_loss.py::Ganeshalingam13Parsing::test_ids_are_sorted,tests.test_loss,test_ids_are_sorted,tests/data_parsing_template_tests.py,Test ``get_available_ids`` returns sorted ids,,passed,,0.36432194244116545
tests/test_des.py::SN3YRParsing::test_ids_are_sorted,tests.test_des,test_ids_are_sorted,tests/data_parsing_template_tests.py,Test ``get_available_ids`` returns sorted ids,,passed,,0.0023744050413370132
tests/test_csp.py::DR3Parsing::test_unique_ids,tests.test_csp,test_unique_ids,tests/data_parsing_template_tests.py,Test all object Ids are unique,,passed,,0.0018163500353693962
tests/test_essence.py::Narayan16Parsing::test_bad_table_id_err,tests.test_essence,test_bad_table_id_err,tests/data_parsing_template_tests.py,Test an InvalidObjId exception is raised for a made up Id,,passed,,0.0010782713070511818
tests/test_des.py::SN3YRParsing::test_bad_table_id_err,tests.test_des,test_bad_table_id_err,tests/data_parsing_template_tests.py,Test an InvalidObjId exception is raised for a made up Id,,passed,,0.0006308015435934067
tests/test_sweetspot.py::DR1Parsing::test_comments_not_in_metadata,tests.test_sweetspot,test_comments_not_in_metadata,tests/data_parsing_template_tests.py,Test there is no 'comments' key in the  data table metadata,,passed,,0.07742872089147568
tests/test_csp.py::DR3Parsing::test_no_duplicate_aliases,tests.test_csp,test_no_duplicate_aliases,tests/data_parsing_template_tests.py,Test column names do not have duplicate sncosmo aliases,,passed,,0.21863457094877958
tests/test_snls.py::Balland09Parsing::test_ids_are_sorted,tests.test_snls,test_ids_are_sorted,tests/data_parsing_template_tests.py,Test ``get_available_ids`` returns sorted ids,,passed,,0.01089134905487299
tests/test_des.py::SN3YRParsing::test_unique_ids,tests.test_des,test_unique_ids,tests/data_parsing_template_tests.py,Test all object Ids are unique,,passed,,0.002644886262714863
tests/test_loss.py::Ganeshalingam13Parsing::test_sncosmo_registered_band_names,tests.test_loss,test_sncosmo_registered_band_names,tests/data_parsing_template_tests.py,Test registered bands do have the correct name,,passed,,0.37752349860966206
tests/test_jla.py::Betoule14Parsing::test_ids_are_sorted,tests.test_jla,test_ids_are_sorted,tests/data_parsing_template_tests.py,Test ``get_available_ids`` returns sorted ids,,passed,,0.01008526235818863
tests/test_snls.py::Balland09Parsing::test_minimal_metadata_keys,tests.test_snls,test_minimal_metadata_keys,tests/data_parsing_template_tests.py,"Test data table metadata has the expected minimum data
        ('obj_id', 'ra', 'dec', 'z', 'z_err')",,passed,,0.1314028799533844
tests/test_csp.py::DR3Parsing::test_jd_time_format,tests.test_csp,test_jd_time_format,tests/data_parsing_template_tests.py,"Test time values are specified as julian dates when formatting
        for sncosmo.",,passed,,0.15027199033647776
tests/test_sdss.py::Sako18Parsing::test_bad_table_id_err,tests.test_sdss,test_bad_table_id_err,tests/data_parsing_template_tests.py,Test an InvalidObjId exception is raised for a made up Id,,passed,,0.001302977092564106
tests/test_csp.py::DR3Parsing::test_cache_not_mutated,tests.test_csp,test_cache_not_mutated,tests/data_parsing_template_tests.py,Test mutating returned tables does not mutate them in the cache,,passed,,0.016494693234562874
tests/test_sdss.py::Sako18SpecParsing::test_jd_time_format,tests.test_sdss,test_jd_time_format,tests/data_parsing_template_tests.py,"Test time values are specified as julian dates when formatting
        for sncosmo.",,passed,,4.931726509705186
tests/test_loss.py::Ganeshalingam13Parsing::test_cache_not_mutated,tests.test_loss,test_cache_not_mutated,tests/data_parsing_template_tests.py,Test mutating returned tables does not mutate them in the cache,,passed,,0.0391183951869607
tests/test_csp.py::DR1Parsing::test_cache_not_mutated,tests.test_csp,test_cache_not_mutated,tests/data_parsing_template_tests.py,Test mutating returned tables does not mutate them in the cache,,passed,,0.02879214473068714
tests/test_csp.py::DR3Parsing::test_standard_column_names,tests.test_csp,test_standard_column_names,tests/data_parsing_template_tests.py,"Test columns required by sncosmo are included in formatted tables

        Columns checked to exist include:
            'time', 'band', 'flux', 'fluxerr', 'zp', 'zpsys'",,passed,,0.15262567345052958
tests/test_sweetspot.py::DR1Parsing::test_jd_time_format,tests.test_sweetspot,test_jd_time_format,tests/data_parsing_template_tests.py,"Test time values are specified as julian dates when formatting
        for sncosmo.",,passed,,0.06425801943987608
tests/test_sdss.py::Sako18Parsing::test_cache_not_mutated,tests.test_sdss,test_cache_not_mutated,tests/data_parsing_template_tests.py,Test mutating returned tables does not mutate them in the cache,,passed,,4.826671976596117
tests/test_combined_datasets.py::CombinedDataParsing::test_sncosmo_registered_band_names,tests.test_combined_datasets,test_sncosmo_registered_band_names,tests/data_parsing_template_tests.py,Test registered bands do have the correct name,,passed,,0.08115274272859097
tests/test_sweetspot.py::DR1Parsing::test_standard_column_names,tests.test_sweetspot,test_standard_column_names,tests/data_parsing_template_tests.py,"Test columns required by sncosmo are included in formatted tables

        Columns checked to exist include:
            'time', 'band', 'flux', 'fluxerr', 'zp', 'zpsys'",,passed,,0.06315903831273317
tests/test_des.py::SN3YRParsing::test_cache_not_mutated,tests.test_des,test_cache_not_mutated,tests/data_parsing_template_tests.py,Test mutating returned tables does not mutate them in the cache,,passed,,0.06354555580765009
tests/test_essence.py::Narayan16Parsing::test_get_zp,tests.test_essence,test_get_zp,tests/data_parsing_template_tests.py,Test that ``sndata.get_zp`` returns the correct zero point,,passed,,0.0007744496688246727
tests/test_essence.py::Narayan16Parsing::test_unique_ids,tests.test_essence,test_unique_ids,tests/data_parsing_template_tests.py,Test all object Ids are unique,,passed,,0.012564905919134617
tests/test_snls.py::Balland09Parsing::test_no_empty_ids,tests.test_snls,test_no_empty_ids,tests/data_parsing_template_tests.py,Test no object Ids are empty strings,,passed,,0.01837763376533985
tests/test_sdss.py::Sako18Parsing::test_get_zp,tests.test_sdss,test_get_zp,tests/data_parsing_template_tests.py,Test that ``sndata.get_zp`` returns the correct zero point,,passed,,0.0038339728489518166
tests/test_combined_datasets.py::CombinedDataParsing::test_minimal_metadata_keys,tests.test_combined_datasets,test_minimal_metadata_keys,tests/data_parsing_template_tests.py,"Test data table metadata has the expected minimum data
        ('obj_id', 'ra', 'dec', 'z', 'z_err')",,passed,,0.0788859548047185
tests/test_des.py::SN3YRParsing::test_paper_tables_are_parsed,tests.test_des,test_paper_tables_are_parsed,tests/data_parsing_template_tests.py,"Test no errors are raised by ``load_table`` when parsing any of the
        table numbers returned by ``get_available_tables``",,passed,,0.14622030034661293
tests/test_essence.py::Narayan16Parsing::test_ids_are_sorted,tests.test_essence,test_ids_are_sorted,tests/data_parsing_template_tests.py,Test ``get_available_ids`` returns sorted ids,,passed,,0.012665675021708012
tests/test_des.py::SN3YRParsing::test_no_empty_data_tables,tests.test_des,test_no_empty_data_tables,tests/data_parsing_template_tests.py,"Test for empty tables in ``iter_data``

        Args:
            lim: Maximum number of tables to check (default: 25)",,passed,,1.5622513080015779
tests/test_jla.py::Betoule14Parsing::test_cache_not_mutated,tests.test_jla,test_cache_not_mutated,tests/data_parsing_template_tests.py,Test mutating returned tables does not mutate them in the cache,,passed,,0.00832112692296505
tests/test_sweetspot.py::DR1Parsing::test_get_zp,tests.test_sweetspot,test_get_zp,tests/data_parsing_template_tests.py,Test that ``sndata.get_zp`` returns the correct zero point,,passed,,0.0007886523380875587
tests/test_jla.py::Betoule14Parsing::test_no_duplicate_aliases,tests.test_jla,test_no_duplicate_aliases,tests/data_parsing_template_tests.py,Test column names do not have duplicate sncosmo aliases,,passed,,0.052550443448126316
tests/test_csp.py::DR3Parsing::test_sncosmo_registered_band_names,tests.test_csp,test_sncosmo_registered_band_names,tests/data_parsing_template_tests.py,Test registered bands do have the correct name,,passed,,0.0819594245404005
tests/test_snls.py::Balland09Parsing::test_paper_tables_are_parsed,tests.test_snls,test_paper_tables_are_parsed,tests/data_parsing_template_tests.py,"Test no errors are raised by ``load_table`` when parsing any of the
        table numbers returned by ``get_available_tables``",,passed,,0.04515363182872534
tests/test_loss.py::Ganeshalingam13Parsing::test_jd_time_format,tests.test_loss,test_jd_time_format,tests/data_parsing_template_tests.py,"Test time values are specified as julian dates when formatting
        for sncosmo.",,passed,,0.6213324889540672
tests/test_jla.py::Betoule14Parsing::test_standard_column_names,tests.test_jla,test_standard_column_names,tests/data_parsing_template_tests.py,"Test columns required by sncosmo are included in formatted tables

        Columns checked to exist include:
            'time', 'band', 'flux', 'fluxerr', 'zp', 'zpsys'",,passed,,0.048860760405659676
tests/test_sdss.py::Sako18SpecParsing::test_unique_ids,tests.test_sdss,test_unique_ids,tests/data_parsing_template_tests.py,Test all object Ids are unique,,passed,,0.08746429532766342
tests/test_csp.py::DR3Parsing::test_comments_not_in_metadata,tests.test_csp,test_comments_not_in_metadata,tests/data_parsing_template_tests.py,Test there is no 'comments' key in the  data table metadata,,passed,,0.24685194995254278
tests/test_combined_datasets.py::CombinedDataParsing::test_no_empty_data_tables,tests.test_combined_datasets,test_no_empty_data_tables,tests/data_parsing_template_tests.py,"Test for empty tables in ``iter_data``

        Args:
            lim: Maximum number of tables to check (default: 25)",,passed,,1.4817024795338511
tests/test_sdss.py::Sako18Parsing::test_minimal_metadata_keys,tests.test_sdss,test_minimal_metadata_keys,tests/data_parsing_template_tests.py,"Test data table metadata has the expected minimum data
        ('obj_id', 'ra', 'dec', 'z', 'z_err')",,passed,,5.216743272729218
tests/test_sweetspot.py::DR1Parsing::test_no_duplicate_aliases,tests.test_sweetspot,test_no_duplicate_aliases,tests/data_parsing_template_tests.py,Test column names do not have duplicate sncosmo aliases,,passed,,0.06382899824529886
tests/test_sdss.py::Sako18Parsing::test_unique_ids,tests.test_sdss,test_unique_ids,tests/data_parsing_template_tests.py,Test all object Ids are unique,,passed,,5.029971209354699
tests/test_csp.py::DR1Parsing::test_bad_table_id_err,tests.test_csp,test_bad_table_id_err,tests/data_parsing_template_tests.py,Test an InvalidObjId exception is raised for a made up Id,,passed,,0.0010547833517193794
tests/test_sdss.py::Sako18SpecParsing::test_cache_not_mutated,tests.test_sdss,test_cache_not_mutated,tests/data_parsing_template_tests.py,Test mutating returned tables does not mutate them in the cache,,passed,,5.353669295087457
tests/test_des.py::SN3YRParsing::test_standard_column_names,tests.test_des,test_standard_column_names,tests/data_parsing_template_tests.py,"Test columns required by sncosmo are included in formatted tables

        Columns checked to exist include:
            'time', 'band', 'flux', 'fluxerr', 'zp', 'zpsys'",,passed,,0.0589032219722867
tests/test_sweetspot.py::DR1Parsing::test_ids_are_sorted,tests.test_sweetspot,test_ids_are_sorted,tests/data_parsing_template_tests.py,Test ``get_available_ids`` returns sorted ids,,passed,,0.0012449054047465324
tests/test_sweetspot.py::DR1Parsing::test_minimal_metadata_keys,tests.test_sweetspot,test_minimal_metadata_keys,tests/data_parsing_template_tests.py,"Test data table metadata has the expected minimum data
        ('obj_id', 'ra', 'dec', 'z', 'z_err')",,passed,,0.06314624566584826
tests/test_essence.py::Narayan16Parsing::test_jd_time_format,tests.test_essence,test_jd_time_format,tests/data_parsing_template_tests.py,"Test time values are specified as julian dates when formatting
        for sncosmo.",,passed,,0.09346810076385736
tests/test_exceptions.py::NonEmptyDefaultMessage::runTest,tests.test_exceptions,runTest,../../../../ifix/datavol/Repo/SNData/tests/test_exceptions.py,,,passed,,0.0005203438922762871
