id,module,name,file,doc,markers,status,message,duration
tests/test_snls.py::Balland09Parsing::test_jd_time_format,tests.test_snls,test_jd_time_format,../../../../ifix/datavol/Repo/SNData/tests/test_snls.py,,,skipped,Skipped: Balland09 data tables do not have dates,0.0007536550983786583
tests/test_snls.py::Balland09Parsing::test_standard_column_names,tests.test_snls,test_standard_column_names,../../../../ifix/datavol/Repo/SNData/tests/test_snls.py,"Test columns required by sncosmo are included in formatted tables

        Columns checked to exist include:
            'phase', 'band', 'flux'",,passed,,0.4197541968896985
tests/test_sdss.py::Sako18SpecUI::test_correct_data_type_attribute,tests.test_sdss,test_correct_data_type_attribute,tests/standard_ui_template_tests.py,Test the ``data_type`` attribute is set to ``spectroscopic``,,passed,,0.0005368180572986603
tests/test_sweetspot.py::DR1UI::test_not_missing_metadata,tests.test_sweetspot,test_not_missing_metadata,tests/standard_ui_template_tests.py,Test that standard metadata attributes are not null,,passed,,0.0005222940817475319
tests/test_csp.py::DR1UI::test_not_missing_metadata,tests.test_csp,test_not_missing_metadata,tests/standard_ui_template_tests.py,Test that standard metadata attributes are not null,,passed,,0.0005125068128108978
tests/test_loss.py::Ganeshalingam13UI::test_not_missing_metadata,tests.test_loss,test_not_missing_metadata,tests/standard_ui_template_tests.py,Test that standard metadata attributes are not null,,passed,,0.0005174903199076653
tests/test_sdss.py::Sako18UI::test_correct_data_type_attribute,tests.test_sdss,test_correct_data_type_attribute,tests/standard_ui_template_tests.py,Test the ``data_type`` attribute is set to ``photometric``,,passed,,0.0005013942718505859
tests/test_des.py::SN3YRUI::test_not_missing_metadata,tests.test_des,test_not_missing_metadata,tests/standard_ui_template_tests.py,Test that standard metadata attributes are not null,,passed,,0.0005100537091493607
tests/test_snls.py::Balland09UI::test_not_missing_metadata,tests.test_snls,test_not_missing_metadata,tests/standard_ui_template_tests.py,Test that standard metadata attributes are not null,,passed,,0.0005082981660962105
tests/test_csp.py::DR1UI::test_correct_data_type_attribute,tests.test_csp,test_correct_data_type_attribute,tests/standard_ui_template_tests.py,Test the ``data_type`` attribute is set to ``spectroscopic``,,passed,,0.0004859659820795059
tests/test_csp.py::DR3UI::test_not_missing_metadata,tests.test_csp,test_not_missing_metadata,tests/standard_ui_template_tests.py,Test that standard metadata attributes are not null,,passed,,0.0005310913547873497
tests/test_sdss.py::Sako18UI::test_not_missing_metadata,tests.test_sdss,test_not_missing_metadata,tests/standard_ui_template_tests.py,Test that standard metadata attributes are not null,,passed,,0.0005208095535635948
tests/test_loss.py::Ganeshalingam13UI::test_correct_data_type_attribute,tests.test_loss,test_correct_data_type_attribute,tests/standard_ui_template_tests.py,Test the ``data_type`` attribute is set to ``photometric``,,passed,,0.0005008792504668236
tests/test_essence.py::Narayan16UI::test_not_missing_metadata,tests.test_essence,test_not_missing_metadata,tests/standard_ui_template_tests.py,Test that standard metadata attributes are not null,,passed,,0.0005109207704663277
tests/test_jla.py::Betoule14UI::test_not_missing_metadata,tests.test_jla,test_not_missing_metadata,tests/standard_ui_template_tests.py,Test that standard metadata attributes are not null,,passed,,0.0005210768431425095
tests/test_sweetspot.py::DR1UI::test_correct_data_type_attribute,tests.test_sweetspot,test_correct_data_type_attribute,tests/standard_ui_template_tests.py,Test the ``data_type`` attribute is set to ``photometric``,,passed,,0.0005002971738576889
tests/test_sdss.py::Sako18SpecUI::test_not_missing_metadata,tests.test_sdss,test_not_missing_metadata,tests/standard_ui_template_tests.py,Test that standard metadata attributes are not null,,passed,,0.0005096569657325745
tests/test_snls.py::Balland09UI::test_correct_data_type_attribute,tests.test_snls,test_correct_data_type_attribute,tests/standard_ui_template_tests.py,Test the ``data_type`` attribute is set to ``spectroscopic``,,passed,,0.000497862696647644
tests/test_des.py::SN3YRUI::test_correct_data_type_attribute,tests.test_des,test_correct_data_type_attribute,tests/standard_ui_template_tests.py,Test the ``data_type`` attribute is set to ``photometric``,,passed,,0.0004835687577724457
tests/test_jla.py::Betoule14UI::test_correct_data_type_attribute,tests.test_jla,test_correct_data_type_attribute,tests/standard_ui_template_tests.py,Test the ``data_type`` attribute is set to ``photometric``,,passed,,0.0004947232082486153
tests/test_essence.py::Narayan16UI::test_correct_data_type_attribute,tests.test_essence,test_correct_data_type_attribute,tests/standard_ui_template_tests.py,Test the ``data_type`` attribute is set to ``photometric``,,passed,,0.0004923874512314796
tests/test_csp.py::DR3UI::test_correct_data_type_attribute,tests.test_csp,test_correct_data_type_attribute,tests/standard_ui_template_tests.py,Test the ``data_type`` attribute is set to ``photometric``,,passed,,0.0004860293120145798
tests/test_utils.py::FindDataDir::test_no_environmental_directory,tests.test_utils,test_no_environmental_directory,../../../../ifix/datavol/Repo/SNData/tests/test_utils.py,Test a local directory is returned if environment is not set,,passed,,0.0010283086448907852
tests/test_utils.py::RequireDataPath::test_missing_dir_raises_error,tests.test_utils,test_missing_dir_raises_error,../../../../ifix/datavol/Repo/SNData/tests/test_utils.py,Test a ``NoDownloadedData`` error is raised,,passed,,0.0006094016134738922
tests/test_utils.py::ConvertToJD::test_snoopy_format,tests.test_utils,test_snoopy_format,../../../../ifix/datavol/Repo/SNData/tests/test_utils.py,Test conversion of the snoopy date format to JD,,passed,,0.0006843181326985359
tests/test_utils.py::ConvertToJD::test_mjd_format,tests.test_utils,test_mjd_format,../../../../ifix/datavol/Repo/SNData/tests/test_utils.py,Test conversion of the MJD format to JD,,passed,,0.0005854880437254906
tests/test_utils.py::HourangleToDegrees::test_coordinates_0_0,tests.test_utils,test_coordinates_0_0,../../../../ifix/datavol/Repo/SNData/tests/test_utils.py,Test a zero hourangle returns zero degrees,,passed,,0.001052006147801876
tests/test_utils.py::FindDataDir::test_retrieves_environmental_directory,tests.test_utils,test_retrieves_environmental_directory,../../../../ifix/datavol/Repo/SNData/tests/test_utils.py,Test the environmental directory is returned if set,,passed,,0.0006277179345488548
tests/test_utils.py::FindDataDir::test_enforces_lowercase,tests.test_utils,test_enforces_lowercase,../../../../ifix/datavol/Repo/SNData/tests/test_utils.py,Test returned directories are always lowercase,,passed,,0.0009382832795381546
tests/test_csp.py::DR3Parsing::test_instrument_offsets_ar_applied,tests.test_csp,test_instrument_offsets_ar_applied,../../../../ifix/datavol/Repo/SNData/tests/test_csp.py,"Test returned DR3 data includes the instrument offset using a
         single data point from 2005el.",,passed,,0.4574207356199622
tests/test_exceptions.py::NonEmptyDefaultMessage::runTest,tests.test_exceptions,runTest,../../../../ifix/datavol/Repo/SNData/tests/test_exceptions.py,,,passed,,0.0004355190321803093
tests/test_sweetspot.py::DR1Parsing::test_has_33_objids,tests.test_sweetspot,test_has_33_objids,../../../../ifix/datavol/Repo/SNData/tests/test_sweetspot.py,Test the data release includes all 33 objects,,passed,,0.0012416457757353783
tests/test_combined_datasets.py::CombinedDataStringIDs::test_obj_id_as_str,tests.test_combined_datasets,test_obj_id_as_str,../../../../ifix/datavol/Repo/SNData/tests/test_combined_datasets.py,Test returned data is the same for obj_ids as strings and tuples,,passed,,0.5332609796896577
tests/test_combined_datasets.py::MapReduction::test_single_value_sets,tests.test_combined_datasets,test_single_value_sets,../../../../ifix/datavol/Repo/SNData/tests/test_combined_datasets.py,Test _reduce_id_mapping removes empty of length 1,,passed,,0.0005419421941041946
tests/test_combined_datasets.py::CombinedDataStringIDs::test_duplicate_obj_id_strings,tests.test_combined_datasets,test_duplicate_obj_id_strings,../../../../ifix/datavol/Repo/SNData/tests/test_combined_datasets.py,Test an error is raised for non unique string Ids,,passed,,0.009249228984117508
tests/test_combined_datasets.py::MapReduction::test_joining,tests.test_combined_datasets,test_joining,../../../../ifix/datavol/Repo/SNData/tests/test_combined_datasets.py,Test _reduce_id_mapping correctly joins sets,,passed,,0.0005192449316382408
tests/test_combined_datasets.py::CombinedDataParsing::test_join_id_string_error,tests.test_combined_datasets,test_join_id_string_error,../../../../ifix/datavol/Repo/SNData/tests/test_combined_datasets.py,Test joining object ids as strings raises an error,,passed,,0.0005591604858636856
tests/test_combined_datasets.py::CombinedDataParsing::test_bad_table_id_err,tests.test_combined_datasets,test_bad_table_id_err,../../../../ifix/datavol/Repo/SNData/tests/test_combined_datasets.py,Test an InvalidObjId exception is raised for a made up Id,,passed,,0.0005397200584411621
tests/test_combined_datasets.py::MapReduction::test_empty_sets,tests.test_combined_datasets,test_empty_sets,../../../../ifix/datavol/Repo/SNData/tests/test_combined_datasets.py,Test _reduce_id_mapping removes empty sets,,passed,,0.0004983833059668541
tests/test_combined_datasets.py::CombinedDataParsing::test_id_joining,tests.test_combined_datasets,test_id_joining,../../../../ifix/datavol/Repo/SNData/tests/test_combined_datasets.py,Test correct data is returned after joining / separating IDs,,passed,,1.3379862010478973
tests/test_loss.py::Ganeshalingam13Parsing::test_sncosmo_registered_band_names,tests.test_loss,test_sncosmo_registered_band_names,tests/data_parsing_template_tests.py,Test registered bands do have the correct name,,passed,,0.6464984631165862
tests/test_csp.py::DR1Parsing::test_standard_column_names,tests.test_csp,test_standard_column_names,tests/data_parsing_template_tests.py,"Test columns required by sncosmo are included in formatted tables

        Columns checked to exist include:
            'time', 'band', 'flux'",,passed,,0.476658733561635
tests/test_csp.py::DR3Parsing::test_minimal_metadata_keys,tests.test_csp,test_minimal_metadata_keys,tests/data_parsing_template_tests.py,"Test data table metadata has the expected minimum data
        ('obj_id', 'ra', 'dec', 'z', 'z_err')",,passed,,0.26130609679967165
tests/test_essence.py::Narayan16Parsing::test_cache_not_mutated,tests.test_essence,test_cache_not_mutated,tests/data_parsing_template_tests.py,Test mutating returned tables does not mutate them in the cache,,passed,,0.059601038694381714
tests/test_csp.py::DR3Parsing::test_comments_not_in_metadata,tests.test_csp,test_comments_not_in_metadata,tests/data_parsing_template_tests.py,Test there is no 'comments' key in the  data table metadata,,passed,,0.2721064919605851
tests/test_des.py::SN3YRParsing::test_minimal_metadata_keys,tests.test_des,test_minimal_metadata_keys,tests/data_parsing_template_tests.py,"Test data table metadata has the expected minimum data
        ('obj_id', 'ra', 'dec', 'z', 'z_err')",,passed,,0.06544236280024052
tests/test_jla.py::Betoule14Parsing::test_no_empty_ids,tests.test_jla,test_no_empty_ids,tests/data_parsing_template_tests.py,Test no object Ids are empty strings,,passed,,0.018731605261564255
tests/test_snls.py::Balland09Parsing::test_no_empty_ids,tests.test_snls,test_no_empty_ids,tests/data_parsing_template_tests.py,Test no object Ids are empty strings,,passed,,0.02008061856031418
tests/test_essence.py::Narayan16Parsing::test_comments_not_in_metadata,tests.test_essence,test_comments_not_in_metadata,tests/data_parsing_template_tests.py,Test there is no 'comments' key in the  data table metadata,,passed,,0.10925191733986139
tests/test_loss.py::Ganeshalingam13Parsing::test_cache_not_mutated,tests.test_loss,test_cache_not_mutated,tests/data_parsing_template_tests.py,Test mutating returned tables does not mutate them in the cache,,passed,,0.07352848444133997
tests/test_sdss.py::Sako18SpecParsing::test_ids_are_sorted,tests.test_sdss,test_ids_are_sorted,tests/data_parsing_template_tests.py,Test ``get_available_ids`` returns sorted ids,,passed,,0.088756307028234
tests/test_loss.py::Ganeshalingam13Parsing::test_ids_are_sorted,tests.test_loss,test_ids_are_sorted,tests/data_parsing_template_tests.py,Test ``get_available_ids`` returns sorted ids,,passed,,0.6990124629810452
tests/test_csp.py::DR3Parsing::test_sncosmo_registered_band_names,tests.test_csp,test_sncosmo_registered_band_names,tests/data_parsing_template_tests.py,Test registered bands do have the correct name,,passed,,0.10918740089982748
tests/test_loss.py::Ganeshalingam13Parsing::test_standard_column_names,tests.test_loss,test_standard_column_names,tests/data_parsing_template_tests.py,"Test columns required by sncosmo are included in formatted tables

        Columns checked to exist include:
            'time', 'band', 'flux', 'fluxerr', 'zp', 'zpsys'",,passed,,0.854838453233242
tests/test_sdss.py::Sako18Parsing::test_standard_column_names,tests.test_sdss,test_standard_column_names,tests/data_parsing_template_tests.py,"Test columns required by sncosmo are included in formatted tables

        Columns checked to exist include:
            'time', 'band', 'flux', 'fluxerr', 'zp', 'zpsys'",,passed,,4.9342136569321156
tests/test_essence.py::Narayan16Parsing::test_ids_are_sorted,tests.test_essence,test_ids_are_sorted,tests/data_parsing_template_tests.py,Test ``get_available_ids`` returns sorted ids,,passed,,0.01193186454474926
tests/test_snls.py::Balland09Parsing::test_bad_table_id_err,tests.test_snls,test_bad_table_id_err,tests/data_parsing_template_tests.py,Test an InvalidObjId exception is raised for a made up Id,,passed,,0.0010191639885306358
tests/test_csp.py::DR1Parsing::test_comments_not_in_metadata,tests.test_csp,test_comments_not_in_metadata,tests/data_parsing_template_tests.py,Test there is no 'comments' key in the  data table metadata,,passed,,0.4378255670890212
tests/test_csp.py::DR3Parsing::test_get_zp,tests.test_csp,test_get_zp,tests/data_parsing_template_tests.py,Test that ``sndata.get_zp`` returns the correct zero point,,passed,,0.0019351635128259659
tests/test_snls.py::Balland09Parsing::test_cache_not_mutated,tests.test_snls,test_cache_not_mutated,tests/data_parsing_template_tests.py,Test mutating returned tables does not mutate them in the cache,,passed,,0.026521763764321804
tests/test_csp.py::DR3Parsing::test_cache_not_mutated,tests.test_csp,test_cache_not_mutated,tests/data_parsing_template_tests.py,Test mutating returned tables does not mutate them in the cache,,passed,,0.02503021340817213
tests/test_combined_datasets.py::CombinedDataParsing::test_jd_time_format,tests.test_combined_datasets,test_jd_time_format,tests/data_parsing_template_tests.py,"Test time values are specified as julian dates when formatting
        for sncosmo.",,passed,,0.06464271806180477
tests/test_sdss.py::Sako18SpecParsing::test_no_empty_data_tables,tests.test_sdss,test_no_empty_data_tables,tests/data_parsing_template_tests.py,"Test for empty tables in ``iter_data``

        Args:
            lim: Maximum number of tables to check (default: 25)",,passed,,18.298186889849603
tests/test_des.py::SN3YRParsing::test_unique_ids,tests.test_des,test_unique_ids,tests/data_parsing_template_tests.py,Test all object Ids are unique,,passed,,0.005428828299045563
tests/test_csp.py::DR1Parsing::test_ids_are_sorted,tests.test_csp,test_ids_are_sorted,tests/data_parsing_template_tests.py,Test ``get_available_ids`` returns sorted ids,,passed,,0.03947937022894621
tests/test_essence.py::Narayan16Parsing::test_jd_time_format,tests.test_essence,test_jd_time_format,tests/data_parsing_template_tests.py,"Test time values are specified as julian dates when formatting
        for sncosmo.",,passed,,0.10819344874471426
tests/test_essence.py::Narayan16Parsing::test_no_duplicate_aliases,tests.test_essence,test_no_duplicate_aliases,tests/data_parsing_template_tests.py,Test column names do not have duplicate sncosmo aliases,,passed,,0.06892120558768511
tests/test_des.py::SN3YRParsing::test_comments_not_in_metadata,tests.test_des,test_comments_not_in_metadata,tests/data_parsing_template_tests.py,Test there is no 'comments' key in the  data table metadata,,passed,,0.06539583671838045
tests/test_combined_datasets.py::CombinedDataParsing::test_unique_ids,tests.test_combined_datasets,test_unique_ids,tests/data_parsing_template_tests.py,Test all object Ids are unique,,passed,,0.009478182531893253
tests/test_csp.py::DR1Parsing::test_unique_ids,tests.test_csp,test_unique_ids,tests/data_parsing_template_tests.py,Test all object Ids are unique,,passed,,0.036277816630899906
tests/test_jla.py::Betoule14Parsing::test_get_zp,tests.test_jla,test_get_zp,tests/data_parsing_template_tests.py,Test that ``sndata.get_zp`` returns the correct zero point,,passed,,0.004774987697601318
tests/test_loss.py::Ganeshalingam13Parsing::test_no_duplicate_aliases,tests.test_loss,test_no_duplicate_aliases,tests/data_parsing_template_tests.py,Test column names do not have duplicate sncosmo aliases,,passed,,0.6313760969787836
tests/test_combined_datasets.py::CombinedDataParsing::test_no_empty_data_tables,tests.test_combined_datasets,test_no_empty_data_tables,tests/data_parsing_template_tests.py,"Test for empty tables in ``iter_data``

        Args:
            lim: Maximum number of tables to check (default: 25)",,passed,,1.5077913217246532
tests/test_csp.py::DR1Parsing::test_bad_table_id_err,tests.test_csp,test_bad_table_id_err,tests/data_parsing_template_tests.py,Test an InvalidObjId exception is raised for a made up Id,,passed,,0.001197822391986847
tests/test_sdss.py::Sako18SpecParsing::test_bad_table_id_err,tests.test_sdss,test_bad_table_id_err,tests/data_parsing_template_tests.py,Test an InvalidObjId exception is raised for a made up Id,,passed,,0.0005197813734412193
tests/test_csp.py::DR1Parsing::test_minimal_metadata_keys,tests.test_csp,test_minimal_metadata_keys,tests/data_parsing_template_tests.py,"Test data table metadata has the expected minimum data
        ('obj_id', 'ra', 'dec', 'z', 'z_err')",,passed,,0.5212618801742792
tests/test_des.py::SN3YRParsing::test_standard_column_names,tests.test_des,test_standard_column_names,tests/data_parsing_template_tests.py,"Test columns required by sncosmo are included in formatted tables

        Columns checked to exist include:
            'time', 'band', 'flux', 'fluxerr', 'zp', 'zpsys'",,passed,,0.06931229587644339
tests/test_essence.py::Narayan16Parsing::test_no_empty_ids,tests.test_essence,test_no_empty_ids,tests/data_parsing_template_tests.py,Test no object Ids are empty strings,,passed,,0.012233622372150421
tests/test_snls.py::Balland09Parsing::test_comments_not_in_metadata,tests.test_snls,test_comments_not_in_metadata,tests/data_parsing_template_tests.py,Test there is no 'comments' key in the  data table metadata,,passed,,0.23413613438606262
tests/test_csp.py::DR1Parsing::test_paper_tables_are_parsed,tests.test_csp,test_paper_tables_are_parsed,tests/data_parsing_template_tests.py,"Test no errors are raised by ``load_table`` when parsing any of the
        table numbers returned by ``get_available_tables``",,passed,,0.2199942609295249
tests/test_jla.py::Betoule14Parsing::test_cache_not_mutated,tests.test_jla,test_cache_not_mutated,tests/data_parsing_template_tests.py,Test mutating returned tables does not mutate them in the cache,,passed,,0.009924598038196564
tests/test_combined_datasets.py::CombinedDataParsing::test_paper_tables_are_parsed,tests.test_combined_datasets,test_paper_tables_are_parsed,tests/data_parsing_template_tests.py,"Test no errors are raised by ``load_table`` when parsing any of the
        table numbers returned by ``get_available_tables``",,passed,,0.8998260796070099
tests/test_sdss.py::Sako18Parsing::test_ids_are_sorted,tests.test_sdss,test_ids_are_sorted,tests/data_parsing_template_tests.py,Test ``get_available_ids`` returns sorted ids,,passed,,4.67717292252928
tests/test_loss.py::Ganeshalingam13Parsing::test_bad_table_id_err,tests.test_loss,test_bad_table_id_err,tests/data_parsing_template_tests.py,Test an InvalidObjId exception is raised for a made up Id,,passed,,0.0009150858968496323
tests/test_loss.py::Ganeshalingam13Parsing::test_no_empty_data_tables,tests.test_loss,test_no_empty_data_tables,tests/data_parsing_template_tests.py,"Test for empty tables in ``iter_data``

        Args:
            lim: Maximum number of tables to check (default: 25)",,passed,,0.8927187025547028
tests/test_des.py::SN3YRParsing::test_get_zp,tests.test_des,test_get_zp,tests/data_parsing_template_tests.py,Test that ``sndata.get_zp`` returns the correct zero point,,passed,,0.0008963635191321373
tests/test_combined_datasets.py::CombinedDataParsing::test_standard_column_names,tests.test_combined_datasets,test_standard_column_names,tests/data_parsing_template_tests.py,"Test columns required by sncosmo are included in formatted tables

        Columns checked to exist include:
            'time', 'band', 'flux', 'fluxerr', 'zp', 'zpsys'",,passed,,0.21433562878519297
tests/test_sweetspot.py::DR1Parsing::test_no_duplicate_aliases,tests.test_sweetspot,test_no_duplicate_aliases,tests/data_parsing_template_tests.py,Test column names do not have duplicate sncosmo aliases,,passed,,0.06096949893981218
tests/test_sdss.py::Sako18SpecParsing::test_comments_not_in_metadata,tests.test_sdss,test_comments_not_in_metadata,tests/data_parsing_template_tests.py,Test there is no 'comments' key in the  data table metadata,,passed,,5.007525455206633
tests/test_csp.py::DR3Parsing::test_unique_ids,tests.test_csp,test_unique_ids,tests/data_parsing_template_tests.py,Test all object Ids are unique,,passed,,0.0032045282423496246
tests/test_jla.py::Betoule14Parsing::test_minimal_metadata_keys,tests.test_jla,test_minimal_metadata_keys,tests/data_parsing_template_tests.py,"Test data table metadata has the expected minimum data
        ('obj_id', 'ra', 'dec', 'z', 'z_err')",,passed,,0.051048277877271175
tests/test_csp.py::DR3Parsing::test_paper_tables_are_parsed,tests.test_csp,test_paper_tables_are_parsed,tests/data_parsing_template_tests.py,"Test no errors are raised by ``load_table`` when parsing any of the
        table numbers returned by ``get_available_tables``",,passed,,0.7934472039341927
tests/test_sdss.py::Sako18Parsing::test_paper_tables_are_parsed,tests.test_sdss,test_paper_tables_are_parsed,tests/data_parsing_template_tests.py,"Test no errors are raised by ``load_table`` when parsing any of the
        table numbers returned by ``get_available_tables``",,passed,,6.23127422016114
tests/test_combined_datasets.py::CombinedDataParsing::test_ids_are_sorted,tests.test_combined_datasets,test_ids_are_sorted,tests/data_parsing_template_tests.py,Test ``get_available_ids`` returns sorted ids,,passed,,0.006431042216718197
tests/test_csp.py::DR3Parsing::test_standard_column_names,tests.test_csp,test_standard_column_names,tests/data_parsing_template_tests.py,"Test columns required by sncosmo are included in formatted tables

        Columns checked to exist include:
            'time', 'band', 'flux', 'fluxerr', 'zp', 'zpsys'",,passed,,0.23291439097374678
tests/test_loss.py::Ganeshalingam13Parsing::test_get_zp,tests.test_loss,test_get_zp,tests/data_parsing_template_tests.py,Test that ``sndata.get_zp`` returns the correct zero point,,passed,,0.002377541735768318
tests/test_combined_datasets.py::CombinedDataParsing::test_minimal_metadata_keys,tests.test_combined_datasets,test_minimal_metadata_keys,tests/data_parsing_template_tests.py,"Test data table metadata has the expected minimum data
        ('obj_id', 'ra', 'dec', 'z', 'z_err')",,passed,,0.06093651428818703
tests/test_csp.py::DR3Parsing::test_ids_are_sorted,tests.test_csp,test_ids_are_sorted,tests/data_parsing_template_tests.py,Test ``get_available_ids`` returns sorted ids,,passed,,0.0026271361857652664
tests/test_jla.py::Betoule14Parsing::test_bad_table_id_err,tests.test_jla,test_bad_table_id_err,tests/data_parsing_template_tests.py,Test an InvalidObjId exception is raised for a made up Id,,passed,,0.0010252417996525764
tests/test_essence.py::Narayan16Parsing::test_standard_column_names,tests.test_essence,test_standard_column_names,tests/data_parsing_template_tests.py,"Test columns required by sncosmo are included in formatted tables

        Columns checked to exist include:
            'time', 'band', 'flux', 'fluxerr', 'zp', 'zpsys'",,passed,,0.25054101925343275
tests/test_sdss.py::Sako18Parsing::test_no_empty_ids,tests.test_sdss,test_no_empty_ids,tests/data_parsing_template_tests.py,Test no object Ids are empty strings,,passed,,4.823457898572087
tests/test_csp.py::DR1Parsing::test_no_empty_data_tables,tests.test_csp,test_no_empty_data_tables,tests/data_parsing_template_tests.py,"Test for empty tables in ``iter_data``

        Args:
            lim: Maximum number of tables to check (default: 25)",,passed,,10.218276442959905
tests/test_sdss.py::Sako18SpecParsing::test_jd_time_format,tests.test_sdss,test_jd_time_format,tests/data_parsing_template_tests.py,"Test time values are specified as julian dates when formatting
        for sncosmo.",,passed,,5.643249318934977
tests/test_des.py::SN3YRParsing::test_paper_tables_are_parsed,tests.test_des,test_paper_tables_are_parsed,tests/data_parsing_template_tests.py,"Test no errors are raised by ``load_table`` when parsing any of the
        table numbers returned by ``get_available_tables``",,passed,,0.14458775520324707
tests/test_sdss.py::Sako18Parsing::test_cache_not_mutated,tests.test_sdss,test_cache_not_mutated,tests/data_parsing_template_tests.py,Test mutating returned tables does not mutate them in the cache,,passed,,4.8097006399184465
tests/test_jla.py::Betoule14Parsing::test_unique_ids,tests.test_jla,test_unique_ids,tests/data_parsing_template_tests.py,Test all object Ids are unique,,passed,,0.018009870313107967
tests/test_jla.py::Betoule14Parsing::test_sncosmo_registered_band_names,tests.test_jla,test_sncosmo_registered_band_names,tests/data_parsing_template_tests.py,Test registered bands do have the correct name,,passed,,2.1068482911214232
tests/test_snls.py::Balland09Parsing::test_no_empty_data_tables,tests.test_snls,test_no_empty_data_tables,tests/data_parsing_template_tests.py,"Test for empty tables in ``iter_data``

        Args:
            lim: Maximum number of tables to check (default: 25)",,passed,,5.123675842769444
tests/test_combined_datasets.py::CombinedDataParsing::test_cache_not_mutated,tests.test_combined_datasets,test_cache_not_mutated,tests/data_parsing_template_tests.py,Test mutating returned tables does not mutate them in the cache,,passed,,0.06737515795975924
tests/test_jla.py::Betoule14Parsing::test_no_empty_data_tables,tests.test_jla,test_no_empty_data_tables,tests/data_parsing_template_tests.py,"Test for empty tables in ``iter_data``

        Args:
            lim: Maximum number of tables to check (default: 25)",,passed,,0.9113726522773504
tests/test_des.py::SN3YRParsing::test_ids_are_sorted,tests.test_des,test_ids_are_sorted,tests/data_parsing_template_tests.py,Test ``get_available_ids`` returns sorted ids,,passed,,0.003840443678200245
tests/test_combined_datasets.py::CombinedDataParsing::test_no_duplicate_aliases,tests.test_combined_datasets,test_no_duplicate_aliases,tests/data_parsing_template_tests.py,Test column names do not have duplicate sncosmo aliases,,passed,,0.06412336323410273
tests/test_jla.py::Betoule14Parsing::test_standard_column_names,tests.test_jla,test_standard_column_names,tests/data_parsing_template_tests.py,"Test columns required by sncosmo are included in formatted tables

        Columns checked to exist include:
            'time', 'band', 'flux', 'fluxerr', 'zp', 'zpsys'",,passed,,0.04765584226697683
tests/test_sdss.py::Sako18SpecParsing::test_unique_ids,tests.test_sdss,test_unique_ids,tests/data_parsing_template_tests.py,Test all object Ids are unique,,passed,,0.07594895455986261
tests/test_csp.py::DR3Parsing::test_no_empty_data_tables,tests.test_csp,test_no_empty_data_tables,tests/data_parsing_template_tests.py,"Test for empty tables in ``iter_data``

        Args:
            lim: Maximum number of tables to check (default: 25)",,passed,,4.07574357278645
tests/test_sweetspot.py::DR1Parsing::test_standard_column_names,tests.test_sweetspot,test_standard_column_names,tests/data_parsing_template_tests.py,"Test columns required by sncosmo are included in formatted tables

        Columns checked to exist include:
            'time', 'band', 'flux', 'fluxerr', 'zp', 'zpsys'",,passed,,0.06249402929097414
tests/test_loss.py::Ganeshalingam13Parsing::test_minimal_metadata_keys,tests.test_loss,test_minimal_metadata_keys,tests/data_parsing_template_tests.py,"Test data table metadata has the expected minimum data
        ('obj_id', 'ra', 'dec', 'z', 'z_err')",,passed,,0.5822458695620298
tests/test_csp.py::DR3Parsing::test_no_duplicate_aliases,tests.test_csp,test_no_duplicate_aliases,tests/data_parsing_template_tests.py,Test column names do not have duplicate sncosmo aliases,,passed,,0.22625870071351528
tests/test_combined_datasets.py::CombinedDataParsing::test_sncosmo_registered_band_names,tests.test_combined_datasets,test_sncosmo_registered_band_names,tests/data_parsing_template_tests.py,Test registered bands do have the correct name,,passed,,0.09884573798626661
tests/test_sdss.py::Sako18Parsing::test_unique_ids,tests.test_sdss,test_unique_ids,tests/data_parsing_template_tests.py,Test all object Ids are unique,,passed,,4.772616512142122
tests/test_csp.py::DR1Parsing::test_no_empty_ids,tests.test_csp,test_no_empty_ids,tests/data_parsing_template_tests.py,Test no object Ids are empty strings,,passed,,0.03555226605385542
tests/test_snls.py::Balland09Parsing::test_minimal_metadata_keys,tests.test_snls,test_minimal_metadata_keys,tests/data_parsing_template_tests.py,"Test data table metadata has the expected minimum data
        ('obj_id', 'ra', 'dec', 'z', 'z_err')",,passed,,0.36050769966095686
tests/test_essence.py::Narayan16Parsing::test_paper_tables_are_parsed,tests.test_essence,test_paper_tables_are_parsed,tests/data_parsing_template_tests.py,"Test no errors are raised by ``load_table`` when parsing any of the
        table numbers returned by ``get_available_tables``",,passed,,0.05645068734884262
tests/test_essence.py::Narayan16Parsing::test_get_zp,tests.test_essence,test_get_zp,tests/data_parsing_template_tests.py,Test that ``sndata.get_zp`` returns the correct zero point,,passed,,0.0007390845566987991
tests/test_sdss.py::Sako18SpecParsing::test_standard_column_names,tests.test_sdss,test_standard_column_names,tests/data_parsing_template_tests.py,"Test columns required by sncosmo are included in formatted tables

        Columns checked to exist include:
            'time', 'band', 'flux'",,passed,,5.132358788512647
tests/test_jla.py::Betoule14Parsing::test_paper_tables_are_parsed,tests.test_jla,test_paper_tables_are_parsed,tests/data_parsing_template_tests.py,"Test no errors are raised by ``load_table`` when parsing any of the
        table numbers returned by ``get_available_tables``",,passed,,0.0932750916108489
tests/test_sweetspot.py::DR1Parsing::test_paper_tables_are_parsed,tests.test_sweetspot,test_paper_tables_are_parsed,tests/data_parsing_template_tests.py,"Test no errors are raised by ``load_table`` when parsing any of the
        table numbers returned by ``get_available_tables``",,passed,,0.04817703180015087
tests/test_essence.py::Narayan16Parsing::test_no_empty_data_tables,tests.test_essence,test_no_empty_data_tables,tests/data_parsing_template_tests.py,"Test for empty tables in ``iter_data``

        Args:
            lim: Maximum number of tables to check (default: 25)",,passed,,1.6416365606710315
tests/test_loss.py::Ganeshalingam13Parsing::test_comments_not_in_metadata,tests.test_loss,test_comments_not_in_metadata,tests/data_parsing_template_tests.py,Test there is no 'comments' key in the  data table metadata,,passed,,0.5897017912939191
tests/test_essence.py::Narayan16Parsing::test_unique_ids,tests.test_essence,test_unique_ids,tests/data_parsing_template_tests.py,Test all object Ids are unique,,passed,,0.011809921823441982
tests/test_sweetspot.py::DR1Parsing::test_unique_ids,tests.test_sweetspot,test_unique_ids,tests/data_parsing_template_tests.py,Test all object Ids are unique,,passed,,0.0016605425626039505
tests/test_sdss.py::Sako18Parsing::test_minimal_metadata_keys,tests.test_sdss,test_minimal_metadata_keys,tests/data_parsing_template_tests.py,"Test data table metadata has the expected minimum data
        ('obj_id', 'ra', 'dec', 'z', 'z_err')",,passed,,5.107207339257002
tests/test_snls.py::Balland09Parsing::test_unique_ids,tests.test_snls,test_unique_ids,tests/data_parsing_template_tests.py,Test all object Ids are unique,,passed,,0.017940434627234936
tests/test_sdss.py::Sako18SpecParsing::test_cache_not_mutated,tests.test_sdss,test_cache_not_mutated,tests/data_parsing_template_tests.py,Test mutating returned tables does not mutate them in the cache,,passed,,4.842524879612029
tests/test_sdss.py::Sako18Parsing::test_no_empty_data_tables,tests.test_sdss,test_no_empty_data_tables,tests/data_parsing_template_tests.py,"Test for empty tables in ``iter_data``

        Args:
            lim: Maximum number of tables to check (default: 25)",,passed,,14.721917065791786
tests/test_loss.py::Ganeshalingam13Parsing::test_jd_time_format,tests.test_loss,test_jd_time_format,tests/data_parsing_template_tests.py,"Test time values are specified as julian dates when formatting
        for sncosmo.",,passed,,0.6548100551590323
tests/test_snls.py::Balland09Parsing::test_paper_tables_are_parsed,tests.test_snls,test_paper_tables_are_parsed,tests/data_parsing_template_tests.py,"Test no errors are raised by ``load_table`` when parsing any of the
        table numbers returned by ``get_available_tables``",,passed,,0.059423076920211315
tests/test_sweetspot.py::DR1Parsing::test_no_empty_ids,tests.test_sweetspot,test_no_empty_ids,tests/data_parsing_template_tests.py,Test no object Ids are empty strings,,passed,,0.0012564025819301605
tests/test_sweetspot.py::DR1Parsing::test_cache_not_mutated,tests.test_sweetspot,test_cache_not_mutated,tests/data_parsing_template_tests.py,Test mutating returned tables does not mutate them in the cache,,passed,,0.053116364404559135
tests/test_jla.py::Betoule14Parsing::test_ids_are_sorted,tests.test_jla,test_ids_are_sorted,tests/data_parsing_template_tests.py,Test ``get_available_ids`` returns sorted ids,,passed,,0.014938877895474434
tests/test_sweetspot.py::DR1Parsing::test_comments_not_in_metadata,tests.test_sweetspot,test_comments_not_in_metadata,tests/data_parsing_template_tests.py,Test there is no 'comments' key in the  data table metadata,,passed,,0.06955466233193874
tests/test_sweetspot.py::DR1Parsing::test_get_zp,tests.test_sweetspot,test_get_zp,tests/data_parsing_template_tests.py,Test that ``sndata.get_zp`` returns the correct zero point,,passed,,0.0008341800421476364
tests/test_snls.py::Balland09Parsing::test_ids_are_sorted,tests.test_snls,test_ids_are_sorted,tests/data_parsing_template_tests.py,Test ``get_available_ids`` returns sorted ids,,passed,,0.019129915162920952
tests/test_sweetspot.py::DR1Parsing::test_minimal_metadata_keys,tests.test_sweetspot,test_minimal_metadata_keys,tests/data_parsing_template_tests.py,"Test data table metadata has the expected minimum data
        ('obj_id', 'ra', 'dec', 'z', 'z_err')",,passed,,0.06715866178274155
tests/test_jla.py::Betoule14Parsing::test_comments_not_in_metadata,tests.test_jla,test_comments_not_in_metadata,tests/data_parsing_template_tests.py,Test there is no 'comments' key in the  data table metadata,,passed,,0.05766203626990318
tests/test_des.py::SN3YRParsing::test_no_empty_ids,tests.test_des,test_no_empty_ids,tests/data_parsing_template_tests.py,Test no object Ids are empty strings,,passed,,0.0046866582706570625
tests/test_combined_datasets.py::CombinedDataParsing::test_comments_not_in_metadata,tests.test_combined_datasets,test_comments_not_in_metadata,tests/data_parsing_template_tests.py,Test there is no 'comments' key in the  data table metadata,,passed,,0.07041311543434858
tests/test_csp.py::DR3Parsing::test_no_empty_ids,tests.test_csp,test_no_empty_ids,tests/data_parsing_template_tests.py,Test no object Ids are empty strings,,passed,,0.0022804057225584984
tests/test_des.py::SN3YRParsing::test_sncosmo_registered_band_names,tests.test_des,test_sncosmo_registered_band_names,tests/data_parsing_template_tests.py,Test registered bands do have the correct name,,passed,,0.0012800553813576698
tests/test_csp.py::DR3Parsing::test_bad_table_id_err,tests.test_csp,test_bad_table_id_err,tests/data_parsing_template_tests.py,Test an InvalidObjId exception is raised for a made up Id,,passed,,0.001152457669377327
tests/test_combined_datasets.py::CombinedDataParsing::test_no_empty_ids,tests.test_combined_datasets,test_no_empty_ids,tests/data_parsing_template_tests.py,Test no object Ids are empty strings,,passed,,0.006114612333476543
tests/test_csp.py::DR1Parsing::test_cache_not_mutated,tests.test_csp,test_cache_not_mutated,tests/data_parsing_template_tests.py,Test mutating returned tables does not mutate them in the cache,,passed,,0.04433705657720566
tests/test_combined_datasets.py::CombinedDataParsing::test_get_zp,tests.test_combined_datasets,test_get_zp,tests/data_parsing_template_tests.py,Test that ``sndata.get_zp`` returns the correct zero point,,passed,,0.003333556465804577
tests/test_sweetspot.py::DR1Parsing::test_sncosmo_registered_band_names,tests.test_sweetspot,test_sncosmo_registered_band_names,tests/data_parsing_template_tests.py,Test registered bands do have the correct name,,passed,,0.05786467622965574
tests/test_essence.py::Narayan16Parsing::test_bad_table_id_err,tests.test_essence,test_bad_table_id_err,tests/data_parsing_template_tests.py,Test an InvalidObjId exception is raised for a made up Id,,passed,,0.002379319630563259
tests/test_sdss.py::Sako18Parsing::test_no_duplicate_aliases,tests.test_sdss,test_no_duplicate_aliases,tests/data_parsing_template_tests.py,Test column names do not have duplicate sncosmo aliases,,passed,,4.940228655003011
tests/test_sweetspot.py::DR1Parsing::test_bad_table_id_err,tests.test_sweetspot,test_bad_table_id_err,tests/data_parsing_template_tests.py,Test an InvalidObjId exception is raised for a made up Id,,passed,,0.0006921840831637383
tests/test_sdss.py::Sako18SpecParsing::test_no_empty_ids,tests.test_sdss,test_no_empty_ids,tests/data_parsing_template_tests.py,Test no object Ids are empty strings,,passed,,0.07194793969392776
tests/test_sdss.py::Sako18SpecParsing::test_minimal_metadata_keys,tests.test_sdss,test_minimal_metadata_keys,tests/data_parsing_template_tests.py,"Test data table metadata has the expected minimum data
        ('obj_id', 'ra', 'dec', 'z', 'z_err')",,passed,,4.796917057596147
tests/test_loss.py::Ganeshalingam13Parsing::test_no_empty_ids,tests.test_loss,test_no_empty_ids,tests/data_parsing_template_tests.py,Test no object Ids are empty strings,,passed,,0.5658324863761663
tests/test_sdss.py::Sako18Parsing::test_comments_not_in_metadata,tests.test_sdss,test_comments_not_in_metadata,tests/data_parsing_template_tests.py,Test there is no 'comments' key in the  data table metadata,,passed,,4.98743112757802
tests/test_jla.py::Betoule14Parsing::test_jd_time_format,tests.test_jla,test_jd_time_format,tests/data_parsing_template_tests.py,"Test time values are specified as julian dates when formatting
        for sncosmo.",,passed,,0.04732851218432188
tests/test_des.py::SN3YRParsing::test_bad_table_id_err,tests.test_des,test_bad_table_id_err,tests/data_parsing_template_tests.py,Test an InvalidObjId exception is raised for a made up Id,,passed,,0.0005669053643941879
tests/test_essence.py::Narayan16Parsing::test_minimal_metadata_keys,tests.test_essence,test_minimal_metadata_keys,tests/data_parsing_template_tests.py,"Test data table metadata has the expected minimum data
        ('obj_id', 'ra', 'dec', 'z', 'z_err')",,passed,,0.0910166734829545
tests/test_sdss.py::Sako18Parsing::test_get_zp,tests.test_sdss,test_get_zp,tests/data_parsing_template_tests.py,Test that ``sndata.get_zp`` returns the correct zero point,,passed,,0.00354175828397274
tests/test_essence.py::Narayan16Parsing::test_sncosmo_registered_band_names,tests.test_essence,test_sncosmo_registered_band_names,tests/data_parsing_template_tests.py,Test registered bands do have the correct name,,passed,,0.02488668542355299
tests/test_csp.py::DR3Parsing::test_jd_time_format,tests.test_csp,test_jd_time_format,tests/data_parsing_template_tests.py,"Test time values are specified as julian dates when formatting
        for sncosmo.",,passed,,0.2785517303273082
tests/test_des.py::SN3YRParsing::test_no_duplicate_aliases,tests.test_des,test_no_duplicate_aliases,tests/data_parsing_template_tests.py,Test column names do not have duplicate sncosmo aliases,,passed,,0.05860940832644701
tests/test_sweetspot.py::DR1Parsing::test_jd_time_format,tests.test_sweetspot,test_jd_time_format,tests/data_parsing_template_tests.py,"Test time values are specified as julian dates when formatting
        for sncosmo.",,passed,,0.062192153185606
tests/test_loss.py::Ganeshalingam13Parsing::test_unique_ids,tests.test_loss,test_unique_ids,tests/data_parsing_template_tests.py,Test all object Ids are unique,,passed,,0.5717574944719672
tests/test_sdss.py::Sako18SpecParsing::test_paper_tables_are_parsed,tests.test_sdss,test_paper_tables_are_parsed,tests/data_parsing_template_tests.py,"Test no errors are raised by ``load_table`` when parsing any of the
        table numbers returned by ``get_available_tables``",,passed,,5.903864596970379
tests/test_jla.py::Betoule14Parsing::test_no_duplicate_aliases,tests.test_jla,test_no_duplicate_aliases,tests/data_parsing_template_tests.py,Test column names do not have duplicate sncosmo aliases,,passed,,0.04722552001476288
tests/test_des.py::SN3YRParsing::test_cache_not_mutated,tests.test_des,test_cache_not_mutated,tests/data_parsing_template_tests.py,Test mutating returned tables does not mutate them in the cache,,passed,,0.06661532539874315
tests/test_des.py::SN3YRParsing::test_jd_time_format,tests.test_des,test_jd_time_format,tests/data_parsing_template_tests.py,"Test time values are specified as julian dates when formatting
        for sncosmo.",,passed,,0.05772085674107075
tests/test_sdss.py::Sako18Parsing::test_jd_time_format,tests.test_sdss,test_jd_time_format,tests/data_parsing_template_tests.py,"Test time values are specified as julian dates when formatting
        for sncosmo.",,passed,,6.331151093356311
tests/test_sdss.py::Sako18Parsing::test_sncosmo_registered_band_names,tests.test_sdss,test_sncosmo_registered_band_names,tests/data_parsing_template_tests.py,Test registered bands do have the correct name,,passed,,0.037205603905022144
tests/test_loss.py::Ganeshalingam13Parsing::test_paper_tables_are_parsed,tests.test_loss,test_paper_tables_are_parsed,tests/data_parsing_template_tests.py,"Test no errors are raised by ``load_table`` when parsing any of the
        table numbers returned by ``get_available_tables``",,passed,,0.1010026978328824
tests/test_sdss.py::Sako18Parsing::test_bad_table_id_err,tests.test_sdss,test_bad_table_id_err,tests/data_parsing_template_tests.py,Test an InvalidObjId exception is raised for a made up Id,,passed,,0.0009759524837136269
tests/test_csp.py::DR1Parsing::test_jd_time_format,tests.test_csp,test_jd_time_format,tests/data_parsing_template_tests.py,"Test time values are specified as julian dates when formatting
        for sncosmo.",,passed,,0.4667110675945878
tests/test_sweetspot.py::DR1Parsing::test_ids_are_sorted,tests.test_sweetspot,test_ids_are_sorted,tests/data_parsing_template_tests.py,Test ``get_available_ids`` returns sorted ids,,passed,,0.0012571047991514206
tests/test_sweetspot.py::DR1Parsing::test_no_empty_data_tables,tests.test_sweetspot,test_no_empty_data_tables,tests/data_parsing_template_tests.py,"Test for empty tables in ``iter_data``

        Args:
            lim: Maximum number of tables to check (default: 25)",,passed,,0.6095759775489569
tests/test_des.py::SN3YRParsing::test_no_empty_data_tables,tests.test_des,test_no_empty_data_tables,tests/data_parsing_template_tests.py,"Test for empty tables in ``iter_data``

        Args:
            lim: Maximum number of tables to check (default: 25)",,passed,,1.6555311046540737
