id,module,name,file,doc,markers,status,message,duration
tests/test_snls.py::Balland09Parsing::test_jd_time_format,tests.test_snls,test_jd_time_format,../../../../ifix/datavol/Repo/SNData/tests/test_snls.py,,,skipped,Skipped: Balland09 data tables do not have dates,0.0006297267973423004
tests/test_snls.py::Balland09Parsing::test_standard_column_names,tests.test_snls,test_standard_column_names,../../../../ifix/datavol/Repo/SNData/tests/test_snls.py,"Test columns required by sncosmo are included in formatted tables

        Columns checked to exist include:
            'phase', 'band', 'flux'",,passed,,0.4466134961694479
tests/test_des.py::SN3YRParsing::test_get_zp,tests.test_des,test_get_zp,tests/data_parsing_template_tests.py,Test that ``sndata.get_zp`` returns the correct zero point,,passed,,0.0010025203227996826
tests/test_jla.py::Betoule14Parsing::test_no_duplicate_aliases,tests.test_jla,test_no_duplicate_aliases,tests/data_parsing_template_tests.py,Test column names do not have duplicate sncosmo aliases,,passed,,0.056644365191459656
tests/test_snls.py::Balland09Parsing::test_unique_ids,tests.test_snls,test_unique_ids,tests/data_parsing_template_tests.py,Test all object Ids are unique,,passed,,0.02077875006943941
tests/test_des.py::SN3YRParsing::test_unique_ids,tests.test_des,test_unique_ids,tests/data_parsing_template_tests.py,Test all object Ids are unique,,passed,,0.004988714121282101
tests/test_essence.py::Narayan16Parsing::test_minimal_metadata_keys,tests.test_essence,test_minimal_metadata_keys,tests/data_parsing_template_tests.py,"Test data table metadata has the expected minimum data
        ('obj_id', 'ra', 'dec', 'z', 'z_err')",,passed,,0.11573959980159998
tests/test_csp.py::DR1Parsing::test_jd_time_format,tests.test_csp,test_jd_time_format,tests/data_parsing_template_tests.py,"Test time values are specified as julian dates when formatting
        for sncosmo.",,passed,,0.47200720477849245
tests/test_combined_datasets.py::CombinedDataParsing::test_minimal_metadata_keys,tests.test_combined_datasets,test_minimal_metadata_keys,tests/data_parsing_template_tests.py,"Test data table metadata has the expected minimum data
        ('obj_id', 'ra', 'dec', 'z', 'z_err')",,passed,,0.05667287856340408
tests/test_csp.py::DR3Parsing::test_get_zp,tests.test_csp,test_get_zp,tests/data_parsing_template_tests.py,Test that ``sndata.get_zp`` returns the correct zero point,,passed,,0.0017985301092267036
tests/test_csp.py::DR3Parsing::test_cache_not_mutated,tests.test_csp,test_cache_not_mutated,tests/data_parsing_template_tests.py,Test mutating returned tables does not mutate them in the cache,,passed,,0.026017011143267155
tests/test_csp.py::DR1Parsing::test_unique_ids,tests.test_csp,test_unique_ids,tests/data_parsing_template_tests.py,Test all object Ids are unique,,passed,,0.033766125328838825
tests/test_des.py::SN3YRParsing::test_standard_column_names,tests.test_des,test_standard_column_names,tests/data_parsing_template_tests.py,"Test columns required by sncosmo are included in formatted tables

        Columns checked to exist include:
            'time', 'band', 'flux', 'fluxerr', 'zp', 'zpsys'",,passed,,0.060677564702928066
tests/test_combined_datasets.py::CombinedDataParsing::test_no_empty_data_tables,tests.test_combined_datasets,test_no_empty_data_tables,tests/data_parsing_template_tests.py,"Test for empty tables in ``iter_data``

        Args:
            lim: Maximum number of tables to check (default: 25)",,passed,,1.705234482884407
tests/test_loss.py::Ganeshalingam13Parsing::test_minimal_metadata_keys,tests.test_loss,test_minimal_metadata_keys,tests/data_parsing_template_tests.py,"Test data table metadata has the expected minimum data
        ('obj_id', 'ra', 'dec', 'z', 'z_err')",,passed,,0.7234988734126091
tests/test_csp.py::DR3Parsing::test_minimal_metadata_keys,tests.test_csp,test_minimal_metadata_keys,tests/data_parsing_template_tests.py,"Test data table metadata has the expected minimum data
        ('obj_id', 'ra', 'dec', 'z', 'z_err')",,passed,,0.24242726434022188
tests/test_jla.py::Betoule14Parsing::test_minimal_metadata_keys,tests.test_jla,test_minimal_metadata_keys,tests/data_parsing_template_tests.py,"Test data table metadata has the expected minimum data
        ('obj_id', 'ra', 'dec', 'z', 'z_err')",,passed,,0.04445628821849823
tests/test_essence.py::Narayan16Parsing::test_ids_are_sorted,tests.test_essence,test_ids_are_sorted,tests/data_parsing_template_tests.py,Test ``get_available_ids`` returns sorted ids,,passed,,0.011669137515127659
tests/test_essence.py::Narayan16Parsing::test_jd_time_format,tests.test_essence,test_jd_time_format,tests/data_parsing_template_tests.py,"Test time values are specified as julian dates when formatting
        for sncosmo.",,passed,,0.09522631112486124
tests/test_essence.py::Narayan16Parsing::test_sncosmo_registered_band_names,tests.test_essence,test_sncosmo_registered_band_names,tests/data_parsing_template_tests.py,Test registered bands do have the correct name,,passed,,0.02171487547457218
tests/test_csp.py::DR3Parsing::test_bad_table_id_err,tests.test_csp,test_bad_table_id_err,tests/data_parsing_template_tests.py,Test an InvalidObjId exception is raised for a made up Id,,passed,,0.0010899761691689491
tests/test_sdss.py::Sako18SpecParsing::test_bad_table_id_err,tests.test_sdss,test_bad_table_id_err,tests/data_parsing_template_tests.py,Test an InvalidObjId exception is raised for a made up Id,,passed,,0.0007339362055063248
tests/test_combined_datasets.py::CombinedDataParsing::test_unique_ids,tests.test_combined_datasets,test_unique_ids,tests/data_parsing_template_tests.py,Test all object Ids are unique,,passed,,0.007508487440645695
tests/test_loss.py::Ganeshalingam13Parsing::test_no_empty_data_tables,tests.test_loss,test_no_empty_data_tables,tests/data_parsing_template_tests.py,"Test for empty tables in ``iter_data``

        Args:
            lim: Maximum number of tables to check (default: 25)",,passed,,0.8876315085217357
tests/test_combined_datasets.py::CombinedDataParsing::test_comments_not_in_metadata,tests.test_combined_datasets,test_comments_not_in_metadata,tests/data_parsing_template_tests.py,Test there is no 'comments' key in the  data table metadata,,passed,,0.06626451294869184
tests/test_csp.py::DR3Parsing::test_comments_not_in_metadata,tests.test_csp,test_comments_not_in_metadata,tests/data_parsing_template_tests.py,Test there is no 'comments' key in the  data table metadata,,passed,,0.2474127048626542
tests/test_csp.py::DR1Parsing::test_comments_not_in_metadata,tests.test_csp,test_comments_not_in_metadata,tests/data_parsing_template_tests.py,Test there is no 'comments' key in the  data table metadata,,passed,,0.4320867732167244
tests/test_essence.py::Narayan16Parsing::test_standard_column_names,tests.test_essence,test_standard_column_names,tests/data_parsing_template_tests.py,"Test columns required by sncosmo are included in formatted tables

        Columns checked to exist include:
            'time', 'band', 'flux', 'fluxerr', 'zp', 'zpsys'",,passed,,0.09416790120303631
tests/test_csp.py::DR1Parsing::test_cache_not_mutated,tests.test_csp,test_cache_not_mutated,tests/data_parsing_template_tests.py,Test mutating returned tables does not mutate them in the cache,,passed,,0.041452051140367985
tests/test_loss.py::Ganeshalingam13Parsing::test_paper_tables_are_parsed,tests.test_loss,test_paper_tables_are_parsed,tests/data_parsing_template_tests.py,"Test no errors are raised by ``load_table`` when parsing any of the
        table numbers returned by ``get_available_tables``",,passed,,0.09259073249995708
tests/test_essence.py::Narayan16Parsing::test_no_duplicate_aliases,tests.test_essence,test_no_duplicate_aliases,tests/data_parsing_template_tests.py,Test column names do not have duplicate sncosmo aliases,,passed,,0.0921464404091239
tests/test_loss.py::Ganeshalingam13Parsing::test_ids_are_sorted,tests.test_loss,test_ids_are_sorted,tests/data_parsing_template_tests.py,Test ``get_available_ids`` returns sorted ids,,passed,,0.5779233956709504
tests/test_sdss.py::Sako18Parsing::test_jd_time_format,tests.test_sdss,test_jd_time_format,tests/data_parsing_template_tests.py,"Test time values are specified as julian dates when formatting
        for sncosmo.",,passed,,5.010397703386843
tests/test_sdss.py::Sako18SpecParsing::test_cache_not_mutated,tests.test_sdss,test_cache_not_mutated,tests/data_parsing_template_tests.py,Test mutating returned tables does not mutate them in the cache,,passed,,4.834064460359514
tests/test_loss.py::Ganeshalingam13Parsing::test_cache_not_mutated,tests.test_loss,test_cache_not_mutated,tests/data_parsing_template_tests.py,Test mutating returned tables does not mutate them in the cache,,passed,,0.20257957372814417
tests/test_des.py::SN3YRParsing::test_sncosmo_registered_band_names,tests.test_des,test_sncosmo_registered_band_names,tests/data_parsing_template_tests.py,Test registered bands do have the correct name,,passed,,0.015323004685342312
tests/test_snls.py::Balland09Parsing::test_no_empty_ids,tests.test_snls,test_no_empty_ids,tests/data_parsing_template_tests.py,Test no object Ids are empty strings,,passed,,0.01888437382876873
tests/test_csp.py::DR1Parsing::test_no_empty_ids,tests.test_csp,test_no_empty_ids,tests/data_parsing_template_tests.py,Test no object Ids are empty strings,,passed,,0.03421071171760559
tests/test_csp.py::DR3Parsing::test_no_empty_data_tables,tests.test_csp,test_no_empty_data_tables,tests/data_parsing_template_tests.py,"Test for empty tables in ``iter_data``

        Args:
            lim: Maximum number of tables to check (default: 25)",,passed,,4.568766421638429
tests/test_loss.py::Ganeshalingam13Parsing::test_unique_ids,tests.test_loss,test_unique_ids,tests/data_parsing_template_tests.py,Test all object Ids are unique,,passed,,0.6887876158580184
tests/test_csp.py::DR1Parsing::test_ids_are_sorted,tests.test_csp,test_ids_are_sorted,tests/data_parsing_template_tests.py,Test ``get_available_ids`` returns sorted ids,,passed,,0.03688631672412157
tests/test_essence.py::Narayan16Parsing::test_get_zp,tests.test_essence,test_get_zp,tests/data_parsing_template_tests.py,Test that ``sndata.get_zp`` returns the correct zero point,,passed,,0.0009146183729171753
tests/test_sdss.py::Sako18Parsing::test_minimal_metadata_keys,tests.test_sdss,test_minimal_metadata_keys,tests/data_parsing_template_tests.py,"Test data table metadata has the expected minimum data
        ('obj_id', 'ra', 'dec', 'z', 'z_err')",,passed,,5.842117696069181
tests/test_combined_datasets.py::CombinedDataParsing::test_get_zp,tests.test_combined_datasets,test_get_zp,tests/data_parsing_template_tests.py,Test that ``sndata.get_zp`` returns the correct zero point,,passed,,0.003679197281599045
tests/test_snls.py::Balland09Parsing::test_bad_table_id_err,tests.test_snls,test_bad_table_id_err,tests/data_parsing_template_tests.py,Test an InvalidObjId exception is raised for a made up Id,,passed,,0.001077965833246708
tests/test_loss.py::Ganeshalingam13Parsing::test_comments_not_in_metadata,tests.test_loss,test_comments_not_in_metadata,tests/data_parsing_template_tests.py,Test there is no 'comments' key in the  data table metadata,,passed,,0.703416533768177
tests/test_sdss.py::Sako18SpecParsing::test_no_empty_data_tables,tests.test_sdss,test_no_empty_data_tables,tests/data_parsing_template_tests.py,"Test for empty tables in ``iter_data``

        Args:
            lim: Maximum number of tables to check (default: 25)",,passed,,14.566903659142554
tests/test_sweetspot.py::DR1Parsing::test_paper_tables_are_parsed,tests.test_sweetspot,test_paper_tables_are_parsed,tests/data_parsing_template_tests.py,"Test no errors are raised by ``load_table`` when parsing any of the
        table numbers returned by ``get_available_tables``",,passed,,0.0398887163028121
tests/test_essence.py::Narayan16Parsing::test_no_empty_ids,tests.test_essence,test_no_empty_ids,tests/data_parsing_template_tests.py,Test no object Ids are empty strings,,passed,,0.009227688424289227
tests/test_snls.py::Balland09Parsing::test_paper_tables_are_parsed,tests.test_snls,test_paper_tables_are_parsed,tests/data_parsing_template_tests.py,"Test no errors are raised by ``load_table`` when parsing any of the
        table numbers returned by ``get_available_tables``",,passed,,0.027983774431049824
tests/test_sdss.py::Sako18SpecParsing::test_standard_column_names,tests.test_sdss,test_standard_column_names,tests/data_parsing_template_tests.py,"Test columns required by sncosmo are included in formatted tables

        Columns checked to exist include:
            'time', 'band', 'flux'",,passed,,3.059550861828029
tests/test_loss.py::Ganeshalingam13Parsing::test_bad_table_id_err,tests.test_loss,test_bad_table_id_err,tests/data_parsing_template_tests.py,Test an InvalidObjId exception is raised for a made up Id,,passed,,0.000973735935986042
tests/test_sweetspot.py::DR1Parsing::test_no_empty_data_tables,tests.test_sweetspot,test_no_empty_data_tables,tests/data_parsing_template_tests.py,"Test for empty tables in ``iter_data``

        Args:
            lim: Maximum number of tables to check (default: 25)",,passed,,0.44491993822157383
tests/test_sdss.py::Sako18Parsing::test_ids_are_sorted,tests.test_sdss,test_ids_are_sorted,tests/data_parsing_template_tests.py,Test ``get_available_ids`` returns sorted ids,,passed,,2.9558438984677196
tests/test_jla.py::Betoule14Parsing::test_no_empty_data_tables,tests.test_jla,test_no_empty_data_tables,tests/data_parsing_template_tests.py,"Test for empty tables in ``iter_data``

        Args:
            lim: Maximum number of tables to check (default: 25)",,passed,,0.6502048186957836
tests/test_snls.py::Balland09Parsing::test_ids_are_sorted,tests.test_snls,test_ids_are_sorted,tests/data_parsing_template_tests.py,Test ``get_available_ids`` returns sorted ids,,passed,,0.011731605045497417
tests/test_sweetspot.py::DR1Parsing::test_unique_ids,tests.test_sweetspot,test_unique_ids,tests/data_parsing_template_tests.py,Test all object Ids are unique,,passed,,0.0012736236676573753
tests/test_des.py::SN3YRParsing::test_no_empty_data_tables,tests.test_des,test_no_empty_data_tables,tests/data_parsing_template_tests.py,"Test for empty tables in ``iter_data``

        Args:
            lim: Maximum number of tables to check (default: 25)",,passed,,0.9528533769771457
tests/test_jla.py::Betoule14Parsing::test_standard_column_names,tests.test_jla,test_standard_column_names,tests/data_parsing_template_tests.py,"Test columns required by sncosmo are included in formatted tables

        Columns checked to exist include:
            'time', 'band', 'flux', 'fluxerr', 'zp', 'zpsys'",,passed,,0.028462251648306847
tests/test_jla.py::Betoule14Parsing::test_bad_table_id_err,tests.test_jla,test_bad_table_id_err,tests/data_parsing_template_tests.py,Test an InvalidObjId exception is raised for a made up Id,,passed,,0.0009369142353534698
tests/test_loss.py::Ganeshalingam13Parsing::test_no_duplicate_aliases,tests.test_loss,test_no_duplicate_aliases,tests/data_parsing_template_tests.py,Test column names do not have duplicate sncosmo aliases,,passed,,0.3845850005745888
tests/test_csp.py::DR3Parsing::test_sncosmo_registered_band_names,tests.test_csp,test_sncosmo_registered_band_names,tests/data_parsing_template_tests.py,Test registered bands do have the correct name,,passed,,0.06170196831226349
tests/test_sweetspot.py::DR1Parsing::test_ids_are_sorted,tests.test_sweetspot,test_ids_are_sorted,tests/data_parsing_template_tests.py,Test ``get_available_ids`` returns sorted ids,,passed,,0.0007132785394787788
tests/test_loss.py::Ganeshalingam13Parsing::test_sncosmo_registered_band_names,tests.test_loss,test_sncosmo_registered_band_names,tests/data_parsing_template_tests.py,Test registered bands do have the correct name,,passed,,0.3599241217598319
tests/test_essence.py::Narayan16Parsing::test_comments_not_in_metadata,tests.test_essence,test_comments_not_in_metadata,tests/data_parsing_template_tests.py,Test there is no 'comments' key in the  data table metadata,,passed,,0.06083980295807123
tests/test_sweetspot.py::DR1Parsing::test_bad_table_id_err,tests.test_sweetspot,test_bad_table_id_err,tests/data_parsing_template_tests.py,Test an InvalidObjId exception is raised for a made up Id,,passed,,0.0004388522356748581
tests/test_des.py::SN3YRParsing::test_no_empty_ids,tests.test_des,test_no_empty_ids,tests/data_parsing_template_tests.py,Test no object Ids are empty strings,,passed,,0.0023162560537457466
tests/test_jla.py::Betoule14Parsing::test_cache_not_mutated,tests.test_jla,test_cache_not_mutated,tests/data_parsing_template_tests.py,Test mutating returned tables does not mutate them in the cache,,passed,,0.005106832832098007
tests/test_sdss.py::Sako18SpecParsing::test_no_empty_ids,tests.test_sdss,test_no_empty_ids,tests/data_parsing_template_tests.py,Test no object Ids are empty strings,,passed,,0.04668297991156578
tests/test_sdss.py::Sako18SpecParsing::test_minimal_metadata_keys,tests.test_sdss,test_minimal_metadata_keys,tests/data_parsing_template_tests.py,"Test data table metadata has the expected minimum data
        ('obj_id', 'ra', 'dec', 'z', 'z_err')",,passed,,3.0413681967183948
tests/test_jla.py::Betoule14Parsing::test_sncosmo_registered_band_names,tests.test_jla,test_sncosmo_registered_band_names,tests/data_parsing_template_tests.py,Test registered bands do have the correct name,,passed,,1.460645624436438
tests/test_loss.py::Ganeshalingam13Parsing::test_no_empty_ids,tests.test_loss,test_no_empty_ids,tests/data_parsing_template_tests.py,Test no object Ids are empty strings,,passed,,0.3665109761059284
tests/test_snls.py::Balland09Parsing::test_comments_not_in_metadata,tests.test_snls,test_comments_not_in_metadata,tests/data_parsing_template_tests.py,Test there is no 'comments' key in the  data table metadata,,passed,,0.14318582322448492
tests/test_sdss.py::Sako18SpecParsing::test_jd_time_format,tests.test_sdss,test_jd_time_format,tests/data_parsing_template_tests.py,"Test time values are specified as julian dates when formatting
        for sncosmo.",,passed,,3.0841596499085426
tests/test_essence.py::Narayan16Parsing::test_no_empty_data_tables,tests.test_essence,test_no_empty_data_tables,tests/data_parsing_template_tests.py,"Test for empty tables in ``iter_data``

        Args:
            lim: Maximum number of tables to check (default: 25)",,passed,,1.033939721994102
tests/test_jla.py::Betoule14Parsing::test_paper_tables_are_parsed,tests.test_jla,test_paper_tables_are_parsed,tests/data_parsing_template_tests.py,"Test no errors are raised by ``load_table`` when parsing any of the
        table numbers returned by ``get_available_tables``",,passed,,0.09539978485554457
tests/test_sweetspot.py::DR1Parsing::test_comments_not_in_metadata,tests.test_sweetspot,test_comments_not_in_metadata,tests/data_parsing_template_tests.py,Test there is no 'comments' key in the  data table metadata,,passed,,0.062189918011426926
tests/test_snls.py::Balland09Parsing::test_minimal_metadata_keys,tests.test_snls,test_minimal_metadata_keys,tests/data_parsing_template_tests.py,"Test data table metadata has the expected minimum data
        ('obj_id', 'ra', 'dec', 'z', 'z_err')",,passed,,0.20862191263586283
tests/test_csp.py::DR1Parsing::test_no_empty_data_tables,tests.test_csp,test_no_empty_data_tables,tests/data_parsing_template_tests.py,"Test for empty tables in ``iter_data``

        Args:
            lim: Maximum number of tables to check (default: 25)",,passed,,8.589817209169269
tests/test_loss.py::Ganeshalingam13Parsing::test_jd_time_format,tests.test_loss,test_jd_time_format,tests/data_parsing_template_tests.py,"Test time values are specified as julian dates when formatting
        for sncosmo.",,passed,,0.6045350851491094
tests/test_sdss.py::Sako18Parsing::test_comments_not_in_metadata,tests.test_sdss,test_comments_not_in_metadata,tests/data_parsing_template_tests.py,Test there is no 'comments' key in the  data table metadata,,passed,,4.807271558791399
tests/test_sdss.py::Sako18Parsing::test_no_duplicate_aliases,tests.test_sdss,test_no_duplicate_aliases,tests/data_parsing_template_tests.py,Test column names do not have duplicate sncosmo aliases,,passed,,0.4337061382830143
tests/test_snls.py::Balland09Parsing::test_no_empty_data_tables,tests.test_snls,test_no_empty_data_tables,tests/data_parsing_template_tests.py,"Test for empty tables in ``iter_data``

        Args:
            lim: Maximum number of tables to check (default: 25)",,passed,,5.475531610660255
tests/test_sweetspot.py::DR1Parsing::test_standard_column_names,tests.test_sweetspot,test_standard_column_names,tests/data_parsing_template_tests.py,"Test columns required by sncosmo are included in formatted tables

        Columns checked to exist include:
            'time', 'band', 'flux', 'fluxerr', 'zp', 'zpsys'",,passed,,0.07269539125263691
tests/test_jla.py::Betoule14Parsing::test_no_empty_ids,tests.test_jla,test_no_empty_ids,tests/data_parsing_template_tests.py,Test no object Ids are empty strings,,passed,,0.01738522481173277
tests/test_sweetspot.py::DR1Parsing::test_no_duplicate_aliases,tests.test_sweetspot,test_no_duplicate_aliases,tests/data_parsing_template_tests.py,Test column names do not have duplicate sncosmo aliases,,passed,,0.06954606249928474
tests/test_sdss.py::Sako18SpecParsing::test_paper_tables_are_parsed,tests.test_sdss,test_paper_tables_are_parsed,tests/data_parsing_template_tests.py,"Test no errors are raised by ``load_table`` when parsing any of the
        table numbers returned by ``get_available_tables``",,passed,,5.869378164410591
tests/test_sdss.py::Sako18SpecParsing::test_comments_not_in_metadata,tests.test_sdss,test_comments_not_in_metadata,tests/data_parsing_template_tests.py,Test there is no 'comments' key in the  data table metadata,,passed,,0.2827452290803194
tests/test_jla.py::Betoule14Parsing::test_ids_are_sorted,tests.test_jla,test_ids_are_sorted,tests/data_parsing_template_tests.py,Test ``get_available_ids`` returns sorted ids,,passed,,0.014387142844498158
tests/test_csp.py::DR1Parsing::test_paper_tables_are_parsed,tests.test_csp,test_paper_tables_are_parsed,tests/data_parsing_template_tests.py,"Test no errors are raised by ``load_table`` when parsing any of the
        table numbers returned by ``get_available_tables``",,passed,,0.17873976938426495
tests/test_des.py::SN3YRParsing::test_cache_not_mutated,tests.test_des,test_cache_not_mutated,tests/data_parsing_template_tests.py,Test mutating returned tables does not mutate them in the cache,,passed,,0.04171171970665455
tests/test_csp.py::DR3Parsing::test_jd_time_format,tests.test_csp,test_jd_time_format,tests/data_parsing_template_tests.py,"Test time values are specified as julian dates when formatting
        for sncosmo.",,passed,,0.15443466044962406
tests/test_des.py::SN3YRParsing::test_paper_tables_are_parsed,tests.test_des,test_paper_tables_are_parsed,tests/data_parsing_template_tests.py,"Test no errors are raised by ``load_table`` when parsing any of the
        table numbers returned by ``get_available_tables``",,passed,,0.4827695209532976
tests/test_des.py::SN3YRParsing::test_comments_not_in_metadata,tests.test_des,test_comments_not_in_metadata,tests/data_parsing_template_tests.py,Test there is no 'comments' key in the  data table metadata,,passed,,0.04944447800517082
tests/test_combined_datasets.py::CombinedDataParsing::test_cache_not_mutated,tests.test_combined_datasets,test_cache_not_mutated,tests/data_parsing_template_tests.py,Test mutating returned tables does not mutate them in the cache,,passed,,0.04218859225511551
tests/test_sdss.py::Sako18Parsing::test_no_empty_ids,tests.test_sdss,test_no_empty_ids,tests/data_parsing_template_tests.py,Test no object Ids are empty strings,,passed,,3.3204614352434874
tests/test_sweetspot.py::DR1Parsing::test_sncosmo_registered_band_names,tests.test_sweetspot,test_sncosmo_registered_band_names,tests/data_parsing_template_tests.py,Test registered bands do have the correct name,,passed,,0.1326658260077238
tests/test_csp.py::DR1Parsing::test_bad_table_id_err,tests.test_csp,test_bad_table_id_err,tests/data_parsing_template_tests.py,Test an InvalidObjId exception is raised for a made up Id,,passed,,0.0005855998024344444
tests/test_jla.py::Betoule14Parsing::test_comments_not_in_metadata,tests.test_jla,test_comments_not_in_metadata,tests/data_parsing_template_tests.py,Test there is no 'comments' key in the  data table metadata,,passed,,0.03087671473622322
tests/test_des.py::SN3YRParsing::test_ids_are_sorted,tests.test_des,test_ids_are_sorted,tests/data_parsing_template_tests.py,Test ``get_available_ids`` returns sorted ids,,passed,,0.0023681549355387688
tests/test_sdss.py::Sako18SpecParsing::test_ids_are_sorted,tests.test_sdss,test_ids_are_sorted,tests/data_parsing_template_tests.py,Test ``get_available_ids`` returns sorted ids,,passed,,0.04671097453683615
tests/test_csp.py::DR3Parsing::test_no_duplicate_aliases,tests.test_csp,test_no_duplicate_aliases,tests/data_parsing_template_tests.py,Test column names do not have duplicate sncosmo aliases,,passed,,0.15390523057430983
tests/test_essence.py::Narayan16Parsing::test_unique_ids,tests.test_essence,test_unique_ids,tests/data_parsing_template_tests.py,Test all object Ids are unique,,passed,,0.008013796992599964
tests/test_essence.py::Narayan16Parsing::test_cache_not_mutated,tests.test_essence,test_cache_not_mutated,tests/data_parsing_template_tests.py,Test mutating returned tables does not mutate them in the cache,,passed,,0.03210981283336878
tests/test_sdss.py::Sako18Parsing::test_unique_ids,tests.test_sdss,test_unique_ids,tests/data_parsing_template_tests.py,Test all object Ids are unique,,passed,,4.626723510213196
tests/test_sweetspot.py::DR1Parsing::test_cache_not_mutated,tests.test_sweetspot,test_cache_not_mutated,tests/data_parsing_template_tests.py,Test mutating returned tables does not mutate them in the cache,,passed,,0.04789993539452553
tests/test_sdss.py::Sako18Parsing::test_no_empty_data_tables,tests.test_sdss,test_no_empty_data_tables,tests/data_parsing_template_tests.py,"Test for empty tables in ``iter_data``

        Args:
            lim: Maximum number of tables to check (default: 25)",,passed,,9.818569085560739
tests/test_csp.py::DR3Parsing::test_paper_tables_are_parsed,tests.test_csp,test_paper_tables_are_parsed,tests/data_parsing_template_tests.py,"Test no errors are raised by ``load_table`` when parsing any of the
        table numbers returned by ``get_available_tables``",,passed,,0.42194996774196625
tests/test_sdss.py::Sako18Parsing::test_get_zp,tests.test_sdss,test_get_zp,tests/data_parsing_template_tests.py,Test that ``sndata.get_zp`` returns the correct zero point,,passed,,0.0035621402785182
tests/test_jla.py::Betoule14Parsing::test_unique_ids,tests.test_jla,test_unique_ids,tests/data_parsing_template_tests.py,Test all object Ids are unique,,passed,,0.017310488037765026
tests/test_combined_datasets.py::CombinedDataParsing::test_no_empty_ids,tests.test_combined_datasets,test_no_empty_ids,tests/data_parsing_template_tests.py,Test no object Ids are empty strings,,passed,,0.006588992662727833
tests/test_sweetspot.py::DR1Parsing::test_minimal_metadata_keys,tests.test_sweetspot,test_minimal_metadata_keys,tests/data_parsing_template_tests.py,"Test data table metadata has the expected minimum data
        ('obj_id', 'ra', 'dec', 'z', 'z_err')",,passed,,0.058251332491636276
tests/test_snls.py::Balland09Parsing::test_cache_not_mutated,tests.test_snls,test_cache_not_mutated,tests/data_parsing_template_tests.py,Test mutating returned tables does not mutate them in the cache,,passed,,0.014875439926981926
tests/test_csp.py::DR3Parsing::test_unique_ids,tests.test_csp,test_unique_ids,tests/data_parsing_template_tests.py,Test all object Ids are unique,,passed,,0.001781548373401165
tests/test_sweetspot.py::DR1Parsing::test_jd_time_format,tests.test_sweetspot,test_jd_time_format,tests/data_parsing_template_tests.py,"Test time values are specified as julian dates when formatting
        for sncosmo.",,passed,,0.043331535533070564
tests/test_sweetspot.py::DR1Parsing::test_get_zp,tests.test_sweetspot,test_get_zp,tests/data_parsing_template_tests.py,Test that ``sndata.get_zp`` returns the correct zero point,,passed,,0.00047094468027353287
tests/test_sdss.py::Sako18SpecParsing::test_unique_ids,tests.test_sdss,test_unique_ids,tests/data_parsing_template_tests.py,Test all object Ids are unique,,passed,,0.04782391246408224
tests/test_csp.py::DR3Parsing::test_no_empty_ids,tests.test_csp,test_no_empty_ids,tests/data_parsing_template_tests.py,Test no object Ids are empty strings,,passed,,0.001527012325823307
tests/test_combined_datasets.py::CombinedDataParsing::test_no_duplicate_aliases,tests.test_combined_datasets,test_no_duplicate_aliases,tests/data_parsing_template_tests.py,Test column names do not have duplicate sncosmo aliases,,passed,,0.040960938669741154
tests/test_combined_datasets.py::CombinedDataParsing::test_jd_time_format,tests.test_combined_datasets,test_jd_time_format,tests/data_parsing_template_tests.py,"Test time values are specified as julian dates when formatting
        for sncosmo.",,passed,,0.04347747191786766
tests/test_combined_datasets.py::CombinedDataParsing::test_ids_are_sorted,tests.test_combined_datasets,test_ids_are_sorted,tests/data_parsing_template_tests.py,Test ``get_available_ids`` returns sorted ids,,passed,,0.0038844281807541847
tests/test_jla.py::Betoule14Parsing::test_get_zp,tests.test_jla,test_get_zp,tests/data_parsing_template_tests.py,Test that ``sndata.get_zp`` returns the correct zero point,,passed,,0.002561568282544613
tests/test_loss.py::Ganeshalingam13Parsing::test_get_zp,tests.test_loss,test_get_zp,tests/data_parsing_template_tests.py,Test that ``sndata.get_zp`` returns the correct zero point,,passed,,0.0013203704729676247
tests/test_csp.py::DR3Parsing::test_standard_column_names,tests.test_csp,test_standard_column_names,tests/data_parsing_template_tests.py,"Test columns required by sncosmo are included in formatted tables

        Columns checked to exist include:
            'time', 'band', 'flux', 'fluxerr', 'zp', 'zpsys'",,passed,,0.15519870724529028
tests/test_essence.py::Narayan16Parsing::test_paper_tables_are_parsed,tests.test_essence,test_paper_tables_are_parsed,tests/data_parsing_template_tests.py,"Test no errors are raised by ``load_table`` when parsing any of the
        table numbers returned by ``get_available_tables``",,passed,,0.03412912506610155
tests/test_csp.py::DR1Parsing::test_minimal_metadata_keys,tests.test_csp,test_minimal_metadata_keys,tests/data_parsing_template_tests.py,"Test data table metadata has the expected minimum data
        ('obj_id', 'ra', 'dec', 'z', 'z_err')",,passed,,0.27768677193671465
tests/test_csp.py::DR1Parsing::test_standard_column_names,tests.test_csp,test_standard_column_names,tests/data_parsing_template_tests.py,"Test columns required by sncosmo are included in formatted tables

        Columns checked to exist include:
            'time', 'band', 'flux'",,passed,,0.2687014788389206
tests/test_des.py::SN3YRParsing::test_bad_table_id_err,tests.test_des,test_bad_table_id_err,tests/data_parsing_template_tests.py,Test an InvalidObjId exception is raised for a made up Id,,passed,,0.00041472911834716797
tests/test_combined_datasets.py::CombinedDataParsing::test_paper_tables_are_parsed,tests.test_combined_datasets,test_paper_tables_are_parsed,tests/data_parsing_template_tests.py,"Test no errors are raised by ``load_table`` when parsing any of the
        table numbers returned by ``get_available_tables``",,passed,,0.5089937299489975
tests/test_combined_datasets.py::CombinedDataParsing::test_sncosmo_registered_band_names,tests.test_combined_datasets,test_sncosmo_registered_band_names,tests/data_parsing_template_tests.py,Test registered bands do have the correct name,,passed,,0.04932051990181208
tests/test_essence.py::Narayan16Parsing::test_bad_table_id_err,tests.test_essence,test_bad_table_id_err,tests/data_parsing_template_tests.py,Test an InvalidObjId exception is raised for a made up Id,,passed,,0.001104411669075489
tests/test_sdss.py::Sako18Parsing::test_bad_table_id_err,tests.test_sdss,test_bad_table_id_err,tests/data_parsing_template_tests.py,Test an InvalidObjId exception is raised for a made up Id,,passed,,0.001562468707561493
tests/test_csp.py::DR3Parsing::test_ids_are_sorted,tests.test_csp,test_ids_are_sorted,tests/data_parsing_template_tests.py,Test ``get_available_ids`` returns sorted ids,,passed,,0.0015221647918224335
tests/test_jla.py::Betoule14Parsing::test_jd_time_format,tests.test_jla,test_jd_time_format,tests/data_parsing_template_tests.py,"Test time values are specified as julian dates when formatting
        for sncosmo.",,passed,,0.02903113141655922
tests/test_loss.py::Ganeshalingam13Parsing::test_standard_column_names,tests.test_loss,test_standard_column_names,tests/data_parsing_template_tests.py,"Test columns required by sncosmo are included in formatted tables

        Columns checked to exist include:
            'time', 'band', 'flux', 'fluxerr', 'zp', 'zpsys'",,passed,,0.3774488866329193
tests/test_combined_datasets.py::CombinedDataParsing::test_standard_column_names,tests.test_combined_datasets,test_standard_column_names,tests/data_parsing_template_tests.py,"Test columns required by sncosmo are included in formatted tables

        Columns checked to exist include:
            'time', 'band', 'flux', 'fluxerr', 'zp', 'zpsys'",,passed,,0.04702843725681305
tests/test_des.py::SN3YRParsing::test_minimal_metadata_keys,tests.test_des,test_minimal_metadata_keys,tests/data_parsing_template_tests.py,"Test data table metadata has the expected minimum data
        ('obj_id', 'ra', 'dec', 'z', 'z_err')",,passed,,0.03766613733023405
tests/test_sdss.py::Sako18Parsing::test_sncosmo_registered_band_names,tests.test_sdss,test_sncosmo_registered_band_names,tests/data_parsing_template_tests.py,Test registered bands do have the correct name,,passed,,0.027568720281124115
tests/test_des.py::SN3YRParsing::test_jd_time_format,tests.test_des,test_jd_time_format,tests/data_parsing_template_tests.py,"Test time values are specified as julian dates when formatting
        for sncosmo.",,passed,,0.03796681482344866
tests/test_des.py::SN3YRParsing::test_no_duplicate_aliases,tests.test_des,test_no_duplicate_aliases,tests/data_parsing_template_tests.py,Test column names do not have duplicate sncosmo aliases,,passed,,0.03834899980574846
tests/test_sweetspot.py::DR1Parsing::test_no_empty_ids,tests.test_sweetspot,test_no_empty_ids,tests/data_parsing_template_tests.py,Test no object Ids are empty strings,,passed,,0.000693795271217823
tests/test_sdss.py::Sako18Parsing::test_paper_tables_are_parsed,tests.test_sdss,test_paper_tables_are_parsed,tests/data_parsing_template_tests.py,"Test no errors are raised by ``load_table`` when parsing any of the
        table numbers returned by ``get_available_tables``",,passed,,3.7477007089182734
tests/test_sdss.py::Sako18Parsing::test_cache_not_mutated,tests.test_sdss,test_cache_not_mutated,tests/data_parsing_template_tests.py,Test mutating returned tables does not mutate them in the cache,,passed,,0.12108853086829185
tests/test_sdss.py::Sako18Parsing::test_standard_column_names,tests.test_sdss,test_standard_column_names,tests/data_parsing_template_tests.py,"Test columns required by sncosmo are included in formatted tables

        Columns checked to exist include:
            'time', 'band', 'flux', 'fluxerr', 'zp', 'zpsys'",,passed,,0.2632329873740673
tests/test_csp.py::DR3Parsing::test_instrument_offsets_ar_applied,tests.test_csp,test_instrument_offsets_ar_applied,../../../../ifix/datavol/Repo/SNData/tests/test_csp.py,"Test returned DR3 data includes the instrument offset using a
         single data point from 2005el.",,passed,,0.2629923243075609
tests/test_utils.py::HourangleToDegrees::test_coordinates_0_0,tests.test_utils,test_coordinates_0_0,../../../../ifix/datavol/Repo/SNData/tests/test_utils.py,Test a zero hourangle returns zero degrees,,passed,,0.0009118504822254181
tests/test_utils.py::RequireDataPath::test_missing_dir_raises_error,tests.test_utils,test_missing_dir_raises_error,../../../../ifix/datavol/Repo/SNData/tests/test_utils.py,Test a ``NoDownloadedData`` error is raised,,passed,,0.0003834916278719902
tests/test_utils.py::FindDataDir::test_enforces_lowercase,tests.test_utils,test_enforces_lowercase,../../../../ifix/datavol/Repo/SNData/tests/test_utils.py,Test returned directories are always lowercase,,passed,,0.0006399201229214668
tests/test_utils.py::ConvertToJD::test_snoopy_format,tests.test_utils,test_snoopy_format,../../../../ifix/datavol/Repo/SNData/tests/test_utils.py,Test conversion of the snoopy date format to JD,,passed,,0.00040312763303518295
tests/test_utils.py::FindDataDir::test_no_environmental_directory,tests.test_utils,test_no_environmental_directory,../../../../ifix/datavol/Repo/SNData/tests/test_utils.py,Test a local directory is returned if environment is not set,,passed,,0.0006256690248847008
tests/test_utils.py::ConvertToJD::test_mjd_format,tests.test_utils,test_mjd_format,../../../../ifix/datavol/Repo/SNData/tests/test_utils.py,Test conversion of the MJD format to JD,,passed,,0.00040606409311294556
tests/test_utils.py::FindDataDir::test_retrieves_environmental_directory,tests.test_utils,test_retrieves_environmental_directory,../../../../ifix/datavol/Repo/SNData/tests/test_utils.py,Test the environmental directory is returned if set,,passed,,0.00046206358820199966
tests/test_combined_datasets.py::CombinedDataStringIDs::test_duplicate_obj_id_strings,tests.test_combined_datasets,test_duplicate_obj_id_strings,../../../../ifix/datavol/Repo/SNData/tests/test_combined_datasets.py,Test an error is raised for non unique string Ids,,passed,,0.006551220081746578
tests/test_combined_datasets.py::CombinedDataParsing::test_join_id_string_error,tests.test_combined_datasets,test_join_id_string_error,../../../../ifix/datavol/Repo/SNData/tests/test_combined_datasets.py,Test joining object ids as strings raises an error,,passed,,0.0004348438233137131
tests/test_combined_datasets.py::CombinedDataParsing::test_id_joining,tests.test_combined_datasets,test_id_joining,../../../../ifix/datavol/Repo/SNData/tests/test_combined_datasets.py,Test correct data is returned after joining / separating IDs,,passed,,0.9290976179763675
tests/test_combined_datasets.py::CombinedDataStringIDs::test_obj_id_as_str,tests.test_combined_datasets,test_obj_id_as_str,../../../../ifix/datavol/Repo/SNData/tests/test_combined_datasets.py,Test returned data is the same for obj_ids as strings and tuples,,passed,,0.3057983070611954
tests/test_combined_datasets.py::MapReduction::test_joining,tests.test_combined_datasets,test_joining,../../../../ifix/datavol/Repo/SNData/tests/test_combined_datasets.py,Test _reduce_id_mapping correctly joins sets,,passed,,0.0003131888806819916
tests/test_combined_datasets.py::MapReduction::test_single_value_sets,tests.test_combined_datasets,test_single_value_sets,../../../../ifix/datavol/Repo/SNData/tests/test_combined_datasets.py,Test _reduce_id_mapping removes empty of length 1,,passed,,0.00029174424707889557
tests/test_combined_datasets.py::CombinedDataParsing::test_bad_table_id_err,tests.test_combined_datasets,test_bad_table_id_err,../../../../ifix/datavol/Repo/SNData/tests/test_combined_datasets.py,Test an InvalidObjId exception is raised for a made up Id,,passed,,0.00036728568375110626
tests/test_combined_datasets.py::MapReduction::test_empty_sets,tests.test_combined_datasets,test_empty_sets,../../../../ifix/datavol/Repo/SNData/tests/test_combined_datasets.py,Test _reduce_id_mapping removes empty sets,,passed,,0.0002922331914305687
tests/test_jla.py::Betoule14UI::test_not_missing_metadata,tests.test_jla,test_not_missing_metadata,tests/standard_ui_template_tests.py,Test that standard metadata attributes are not null,,passed,,0.00029975175857543945
tests/test_sdss.py::Sako18UI::test_correct_data_type_attribute,tests.test_sdss,test_correct_data_type_attribute,tests/standard_ui_template_tests.py,Test the ``data_type`` attribute is set to ``photometric``,,passed,,0.00028600171208381653
tests/test_essence.py::Narayan16UI::test_correct_data_type_attribute,tests.test_essence,test_correct_data_type_attribute,tests/standard_ui_template_tests.py,Test the ``data_type`` attribute is set to ``photometric``,,passed,,0.00028955284506082535
tests/test_sweetspot.py::DR1UI::test_not_missing_metadata,tests.test_sweetspot,test_not_missing_metadata,tests/standard_ui_template_tests.py,Test that standard metadata attributes are not null,,passed,,0.00029227975755929947
tests/test_sdss.py::Sako18SpecUI::test_correct_data_type_attribute,tests.test_sdss,test_correct_data_type_attribute,tests/standard_ui_template_tests.py,Test the ``data_type`` attribute is set to ``spectroscopic``,,passed,,0.0002815285697579384
tests/test_snls.py::Balland09UI::test_not_missing_metadata,tests.test_snls,test_not_missing_metadata,tests/standard_ui_template_tests.py,Test that standard metadata attributes are not null,,passed,,0.0002869078889489174
tests/test_csp.py::DR1UI::test_not_missing_metadata,tests.test_csp,test_not_missing_metadata,tests/standard_ui_template_tests.py,Test that standard metadata attributes are not null,,passed,,0.0002863854169845581
tests/test_snls.py::Balland09UI::test_correct_data_type_attribute,tests.test_snls,test_correct_data_type_attribute,tests/standard_ui_template_tests.py,Test the ``data_type`` attribute is set to ``spectroscopic``,,passed,,0.00028795376420021057
tests/test_csp.py::DR3UI::test_correct_data_type_attribute,tests.test_csp,test_correct_data_type_attribute,tests/standard_ui_template_tests.py,Test the ``data_type`` attribute is set to ``photometric``,,passed,,0.00028385408222675323
tests/test_sdss.py::Sako18UI::test_not_missing_metadata,tests.test_sdss,test_not_missing_metadata,tests/standard_ui_template_tests.py,Test that standard metadata attributes are not null,,passed,,0.00028969813138246536
tests/test_essence.py::Narayan16UI::test_not_missing_metadata,tests.test_essence,test_not_missing_metadata,tests/standard_ui_template_tests.py,Test that standard metadata attributes are not null,,passed,,0.0002902112901210785
tests/test_des.py::SN3YRUI::test_correct_data_type_attribute,tests.test_des,test_correct_data_type_attribute,tests/standard_ui_template_tests.py,Test the ``data_type`` attribute is set to ``photometric``,,passed,,0.0002803206443786621
tests/test_csp.py::DR3UI::test_not_missing_metadata,tests.test_csp,test_not_missing_metadata,tests/standard_ui_template_tests.py,Test that standard metadata attributes are not null,,passed,,0.00028725527226924896
tests/test_sweetspot.py::DR1UI::test_correct_data_type_attribute,tests.test_sweetspot,test_correct_data_type_attribute,tests/standard_ui_template_tests.py,Test the ``data_type`` attribute is set to ``photometric``,,passed,,0.00027895625680685043
tests/test_loss.py::Ganeshalingam13UI::test_correct_data_type_attribute,tests.test_loss,test_correct_data_type_attribute,tests/standard_ui_template_tests.py,Test the ``data_type`` attribute is set to ``photometric``,,passed,,0.0002901703119277954
tests/test_loss.py::Ganeshalingam13UI::test_not_missing_metadata,tests.test_loss,test_not_missing_metadata,tests/standard_ui_template_tests.py,Test that standard metadata attributes are not null,,passed,,0.00028325989842414856
tests/test_sdss.py::Sako18SpecUI::test_not_missing_metadata,tests.test_sdss,test_not_missing_metadata,tests/standard_ui_template_tests.py,Test that standard metadata attributes are not null,,passed,,0.00029528792947530746
tests/test_jla.py::Betoule14UI::test_correct_data_type_attribute,tests.test_jla,test_correct_data_type_attribute,tests/standard_ui_template_tests.py,Test the ``data_type`` attribute is set to ``photometric``,,passed,,0.0002808570861816406
tests/test_csp.py::DR1UI::test_correct_data_type_attribute,tests.test_csp,test_correct_data_type_attribute,tests/standard_ui_template_tests.py,Test the ``data_type`` attribute is set to ``spectroscopic``,,passed,,0.0002817166969180107
tests/test_des.py::SN3YRUI::test_not_missing_metadata,tests.test_des,test_not_missing_metadata,tests/standard_ui_template_tests.py,Test that standard metadata attributes are not null,,passed,,0.0003058016300201416
tests/test_exceptions.py::NonEmptyDefaultMessage::runTest,tests.test_exceptions,runTest,../../../../ifix/datavol/Repo/SNData/tests/test_exceptions.py,,,passed,,0.0003063483163714409
tests/test_sweetspot.py::DR1Parsing::test_has_33_objids,tests.test_sweetspot,test_has_33_objids,../../../../ifix/datavol/Repo/SNData/tests/test_sweetspot.py,Test the data release includes all 33 objects,,passed,,0.000754278153181076
