id,module,name,file,doc,markers,status,message,duration
tests/collectors/test_ndbc_sos.py::NdbcSosTest::test_raw_ndbc_get_observation_all_stations,tests.collectors.test_ndbc_sos,test_raw_ndbc_get_observation_all_stations,../../../../ifix/datavol/Repo/pyoos/tests/collectors/test_ndbc_sos.py,,,failed,"AssertionError: assert 258 == 264
 +  where 258 = len(['urn:ioos:station:wmo:46076', 'urn:ioos:station:wmo:pvgf1', 'urn:ioos:station:wmo:bgcf1', 'urn:ioos:station:wmo:bsca1', 'urn:ioos:station:wmo:pila2', 'urn:ioos:station:wmo:46012', ...])",3.1699793338775635
tests/collectors/test_ndbc_sos.py::NdbcSosTest::test_raw_ndbc_get_observation_no_stations,tests.collectors.test_ndbc_sos,test_raw_ndbc_get_observation_no_stations,../../../../ifix/datavol/Repo/pyoos/tests/collectors/test_ndbc_sos.py,,,failed,"AssertionError: assert 258 == 264
 +  where 258 = len(['urn:ioos:station:wmo:46076', 'urn:ioos:station:wmo:pvgf1', 'urn:ioos:station:wmo:bgcf1', 'urn:ioos:station:wmo:bsca1', 'urn:ioos:station:wmo:pila2', 'urn:ioos:station:wmo:46012', ...])",3.4353216364979744
tests/collectors/test_ndbc_sos.py::NdbcSosTest::test_ndbc_server_id,tests.collectors.test_ndbc_sos,test_ndbc_server_id,../../../../ifix/datavol/Repo/pyoos/tests/collectors/test_ndbc_sos.py,,,passed,,2.0623757392168045
tests/collectors/test_ndbc_sos.py::NdbcSosTest::test_ndbc_describe_sensor,tests.collectors.test_ndbc_sos,test_ndbc_describe_sensor,../../../../ifix/datavol/Repo/pyoos/tests/collectors/test_ndbc_sos.py,,,passed,,2.1856142580509186
tests/collectors/test_ndbc_sos.py::NdbcSosTest::test_raw_ndbc_get_observation,tests.collectors.test_ndbc_sos,test_raw_ndbc_get_observation,../../../../ifix/datavol/Repo/pyoos/tests/collectors/test_ndbc_sos.py,,,passed,,2.216526448726654
tests/parsers/test_hads.py::HadsParserTest::test__parse_metadata,tests.parsers.test_hads,test__parse_metadata,../../../../ifix/datavol/Repo/pyoos/tests/parsers/test_hads.py,,,passed,,0.0006272867321968079
tests/parsers/test_hads.py::HadsParserTest::test__parse_data,tests.parsers.test_hads,test__parse_data,../../../../ifix/datavol/Repo/pyoos/tests/parsers/test_hads.py,,,passed,,0.0027636662125587463
tests/parsers/test_hads.py::HadsParserTest::test__parse_data_with_var_filter,tests.parsers.test_hads,test__parse_data_with_var_filter,../../../../ifix/datavol/Repo/pyoos/tests/parsers/test_hads.py,,,passed,,0.0011292695999145508
tests/parsers/test_hads.py::HadsParserTest::test_parse,tests.parsers.test_hads,test_parse,../../../../ifix/datavol/Repo/pyoos/tests/parsers/test_hads.py,,,passed,,0.006026744842529297
tests/collectors/test_collector.py::CollectorTest::test_times_return_utc,tests.collectors.test_collector,test_times_return_utc,../../../../ifix/datavol/Repo/pyoos/tests/collectors/test_collector.py,,,passed,,0.0006335005164146423
tests/collectors/test_nerrs.py::NerrTest::test_nerrs_bbox_filter,tests.collectors.test_nerrs,test_nerrs_bbox_filter,../../../../ifix/datavol/Repo/pyoos/tests/collectors/test_nerrs.py,,xfail,xfailed,,0.0004982799291610718
tests/collectors/test_nerrs.py::NerrTest::test_nerrs_time_filter,tests.collectors.test_nerrs,test_nerrs_time_filter,../../../../ifix/datavol/Repo/pyoos/tests/collectors/test_nerrs.py,,xfail,xfailed,,0.00043541938066482544
tests/collectors/test_nerrs.py::NerrTest::test_nerrs_variable_filter,tests.collectors.test_nerrs,test_nerrs_variable_filter,../../../../ifix/datavol/Repo/pyoos/tests/collectors/test_nerrs.py,,xfail,xfailed,,0.00043416768312454224
tests/collectors/test_nerrs.py::NerrTest::test_nerrs_feature_filter,tests.collectors.test_nerrs,test_nerrs_feature_filter,../../../../ifix/datavol/Repo/pyoos/tests/collectors/test_nerrs.py,,xfail,xfailed,,0.00037451833486557007
tests/collectors/test_nerrs.py::NerrTest::test_list_nerrs_features,tests.collectors.test_nerrs,test_list_nerrs_features,../../../../ifix/datavol/Repo/pyoos/tests/collectors/test_nerrs.py,,xfail,xfailed,,0.00041963905096054077
tests/collectors/test_nerrs.py::NerrTest::test_list_nerrs_variables,tests.collectors.test_nerrs,test_list_nerrs_variables,../../../../ifix/datavol/Repo/pyoos/tests/collectors/test_nerrs.py,,xfail,xfailed,,0.0005047023296356201
tests/collectors/test_nerrs.py::NerrTest::test_nerrs_filter_chaining,tests.collectors.test_nerrs,test_nerrs_filter_chaining,../../../../ifix/datavol/Repo/pyoos/tests/collectors/test_nerrs.py,,xfail,xfailed,,0.0003754273056983948
tests/collectors/test_awc_rest.py::AwcRestTest::test_nwc_stations,tests.collectors.test_awc_rest,test_nwc_stations,../../../../ifix/datavol/Repo/pyoos/tests/collectors/test_awc_rest.py,,,passed,,0.10206101834774017
tests/collectors/test_awc_rest.py::AwcRestTest::test_bigbbox_filter_paegan,tests.collectors.test_awc_rest,test_bigbbox_filter_paegan,../../../../ifix/datavol/Repo/pyoos/tests/collectors/test_awc_rest.py,,,passed,,10.444269880652428
tests/collectors/test_awc_rest.py::AwcRestTest::test_bbox_filter_raw,tests.collectors.test_awc_rest,test_bbox_filter_raw,../../../../ifix/datavol/Repo/pyoos/tests/collectors/test_awc_rest.py,,,failed,"AssertionError: assert '<response xmlns:xsd=""http://www.w3.org/2001/XMLSchema"" xmlns:xsi=""http://www.w3.org/2001/XML-Schema-instance"" version=""1.2"" xsi:noNamespaceSchemaLocation=""http://aviationweather.gov/adds/schema/metar1_2.xsd"">' in '<?xml version=""1.0"" encoding=""UTF-8""?>\r\n<response xmlns:xsd=""http://www.w3.org/2001/XMLSchema"" xmlns:xsi=""http://ww...rrors />\r\n  <warnings />\r\n  <time_taken_ms>13</time_taken_ms>\r\n  <data num_results=""0"" />\r\n</response>\r\n\r\n'",3.6412352174520493
tests/collectors/test_awc_rest.py::AwcRestTest::test_smallbbox_filter_paegan,tests.collectors.test_awc_rest,test_smallbbox_filter_paegan,../../../../ifix/datavol/Repo/pyoos/tests/collectors/test_awc_rest.py,,,passed,,0.537195235490799
tests/collectors/test_hads.py::HadsTest::test_set_bbox_property_clears_cached_station_codes,tests.collectors.test_hads,test_set_bbox_property_clears_cached_station_codes,../../../../ifix/datavol/Repo/pyoos/tests/collectors/test_hads.py,,,passed,,0.0012857988476753235
tests/collectors/test_hads.py::HadsTest::test_feature_filter,tests.collectors.test_hads,test_feature_filter,../../../../ifix/datavol/Repo/pyoos/tests/collectors/test_hads.py,,,passed,,0.0006053522229194641
tests/collectors/test_hads.py::HadsTest::test_list_features,tests.collectors.test_hads,test_list_features,../../../../ifix/datavol/Repo/pyoos/tests/collectors/test_hads.py,,,passed,,0.0004951357841491699
tests/collectors/test_hads.py::HadsTest::test_set_features_property_clears_cached_station_codes,tests.collectors.test_hads,test_set_features_property_clears_cached_station_codes,../../../../ifix/datavol/Repo/pyoos/tests/collectors/test_hads.py,,,passed,,0.0005387961864471436
tests/parsers/test_ioos_get_observation.py::SweIoosTest::test_timeseries_single_station_single_sensor,tests.parsers.test_ioos_get_observation,test_timeseries_single_station_single_sensor,../../../../ifix/datavol/Repo/pyoos/tests/parsers/test_ioos_get_observation.py,,,passed,,0.013336636126041412
tests/parsers/test_ioos_get_observation.py::SweIoosTest::test_timeseries_multi_station_multi_sensor,tests.parsers.test_ioos_get_observation,test_timeseries_multi_station_multi_sensor,../../../../ifix/datavol/Repo/pyoos/tests/parsers/test_ioos_get_observation.py,,,passed,,0.01653413474559784
tests/parsers/test_ioos_get_observation.py::SweIoosTest::test_timeseries_profile_single_station,tests.parsers.test_ioos_get_observation,test_timeseries_profile_single_station,../../../../ifix/datavol/Repo/pyoos/tests/parsers/test_ioos_get_observation.py,,,passed,,0.022227078676223755
tests/parsers/test_ioos_get_observation.py::SweIoosTest::test_o_and_m_get_observation,tests.parsers.test_ioos_get_observation,test_o_and_m_get_observation,../../../../ifix/datavol/Repo/pyoos/tests/parsers/test_ioos_get_observation.py,,,passed,,0.004660762846469879
tests/collectors/test_wqp.py::WqpTest::test_bad_wqp_site,tests.collectors.test_wqp,test_bad_wqp_site,../../../../ifix/datavol/Repo/pyoos/tests/collectors/test_wqp.py,,,passed,,5.927918262779713
tests/collectors/test_wqp.py::WqpTest::test_wqp_results_metadata,tests.collectors.test_wqp,test_wqp_results_metadata,../../../../ifix/datavol/Repo/pyoos/tests/collectors/test_wqp.py,,,passed,,2.5851161628961563
tests/collectors/test_wqp.py::WqpTest::test_into_dsg,tests.collectors.test_wqp,test_into_dsg,../../../../ifix/datavol/Repo/pyoos/tests/collectors/test_wqp.py,,,passed,,3.1724386885762215
tests/collectors/test_wqp.py::WqpTest::test_wqp_sites_metadata,tests.collectors.test_wqp,test_wqp_sites_metadata,../../../../ifix/datavol/Repo/pyoos/tests/collectors/test_wqp.py,"<WQX xmlns=""http://qwwebservices.usgs.gov/schemas/WQX-Outbound/2_0/"" xmlns:xsi=""http://www.w3.org/2001/XMLSchema-instance"" xsi:schemaLocation=""http://qwwebservices.usgs.gov/schemas/WQX-Outbound/2_0/ http://qwwebservices.usgs.gov/schemas/WQX-Outbound/2_0/index.xsd"">  # noqa
            <Organization>
                <OrganizationDescription>
                    <OrganizationIdentifier>21IOWA</OrganizationIdentifier>
                    <OrganizationFormalName>Iowa Dept. of  Natural Resources</OrganizationFormalName>
                </OrganizationDescription>
                <MonitoringLocation>
                    <MonitoringLocationIdentity>
                        <MonitoringLocationIdentifier>21IOWA-10070005</MonitoringLocationIdentifier>
                        <MonitoringLocationName>Cedar River Upstream of Waterloo/Cedar Falls</MonitoringLocationName>
                        <MonitoringLocationTypeName>River/Stream</MonitoringLocationTypeName>
                        <MonitoringLocationDescriptionText>Below the dam of Old Highway 218 in Cedar Falls.¿Upstream City Site.</MonitoringLocationDescriptionText>
                        <HUCEightDigitCode>07080205</HUCEightDigitCode>
                    </MonitoringLocationIdentity>
                    <MonitoringLocationGeospatial>
                        <LatitudeMeasure>42.5392</LatitudeMeasure>
                        <LongitudeMeasure>-92.4495</LongitudeMeasure>
                        <SourceMapScaleNumeric>000</SourceMapScaleNumeric>
                        <HorizontalCollectionMethodName>Interpolation-Map</HorizontalCollectionMethodName>
                        <HorizontalCoordinateReferenceSystemDatumName>NAD27</HorizontalCoordinateReferenceSystemDatumName>
                        <VerticalMeasure>
                            <MeasureValue>854</MeasureValue>
                            <MeasureUnitCode>ft</MeasureUnitCode>
                        </VerticalMeasure>
                        <VerticalCollectionMethodName>Topographic Map Interpolation</VerticalCollectionMethodName>
                        <VerticalCoordinateReferenceSystemDatumName>NGVD29</VerticalCoordinateReferenceSystemDatumName>
                        <CountryCode>US</CountryCode>
                        <StateCode>19</StateCode>
                        <CountyCode>013</CountyCode>
                    </MonitoringLocationGeospatial>
                </MonitoringLocation>
            </Organization>
        </WQX>",,failed,"AssertionError: assert '42.5392000' == '42.5392'
  - 42.5392
  + 42.5392000
  ?        +++",0.26341649889945984
tests/collectors/test_coops_sos.py::CoopsSosTest::test_raw_coops_get_observation,tests.collectors.test_coops_sos,test_raw_coops_get_observation,../../../../ifix/datavol/Repo/pyoos/tests/collectors/test_coops_sos.py,,,passed,,2.7652743831276894
tests/collectors/test_coops_sos.py::CoopsSosTest::test_coops_describe_sensor,tests.collectors.test_coops_sos,test_coops_describe_sensor,../../../../ifix/datavol/Repo/pyoos/tests/collectors/test_coops_sos.py,,,passed,,1.8140180110931396
tests/collectors/test_coops_sos.py::CoopsSosTest::test_raw_coops_get_observation_with_datum,tests.collectors.test_coops_sos,test_raw_coops_get_observation_with_datum,../../../../ifix/datavol/Repo/pyoos/tests/collectors/test_coops_sos.py,,,passed,,2.389795310795307
tests/collectors/test_coops_sos.py::CoopsSosTest::test_raw_coops_get_observation_with_dataType,tests.collectors.test_coops_sos,test_raw_coops_get_observation_with_dataType,../../../../ifix/datavol/Repo/pyoos/tests/collectors/test_coops_sos.py,,,passed,,5.568035088479519
tests/collectors/test_coops_sos.py::CoopsSosTest::test_coops_server_id,tests.collectors.test_coops_sos,test_coops_server_id,../../../../ifix/datavol/Repo/pyoos/tests/collectors/test_coops_sos.py,,,passed,,5.62003068625927
tests/collectors/test_ioos_swe_sos.py::IoosSweSosTest::test_metdata,tests.collectors.test_ioos_swe_sos,test_metdata,../../../../ifix/datavol/Repo/pyoos/tests/collectors/test_ioos_swe_sos.py,,xfail,xfailed,,29.689054436981678
tests/collectors/test_ioos_swe_sos.py::IoosSweSosTest::test_server_id,tests.collectors.test_ioos_swe_sos,test_server_id,../../../../ifix/datavol/Repo/pyoos/tests/collectors/test_ioos_swe_sos.py,,xfail,xpassed,,0.33219992369413376
tests/collectors/test_ioos_swe_sos.py::IoosSweSosTest::test_metadata_plus_exceptions,tests.collectors.test_ioos_swe_sos,test_metadata_plus_exceptions,../../../../ifix/datavol/Repo/pyoos/tests/collectors/test_ioos_swe_sos.py,,xfail,xfailed,,14.154611490666866
tests/parsers/test_ioos_describe_sensor.py::IoosDescribeSensorTest::test_sensor,tests.parsers.test_ioos_describe_sensor,test_sensor,../../../../ifix/datavol/Repo/pyoos/tests/parsers/test_ioos_describe_sensor.py,,,passed,,0.01524302363395691
tests/parsers/test_ioos_describe_sensor.py::IoosDescribeSensorTest::test_network,tests.parsers.test_ioos_describe_sensor,test_network,../../../../ifix/datavol/Repo/pyoos/tests/parsers/test_ioos_describe_sensor.py,,,passed,,0.008431829512119293
tests/parsers/test_ioos_describe_sensor.py::IoosDescribeSensorTest::test_station,tests.parsers.test_ioos_describe_sensor,test_station,../../../../ifix/datavol/Repo/pyoos/tests/parsers/test_ioos_describe_sensor.py,,,passed,,0.006933845579624176
tests/collectors/test_usgs.py::USGSTest::test_by_site_code,tests.collectors.test_usgs,test_by_site_code,../../../../ifix/datavol/Repo/pyoos/tests/collectors/test_usgs.py,,,passed,,0.3903420567512512
tests/collectors/test_usgs.py::USGSTest::test_by_state,tests.collectors.test_usgs,test_by_state,../../../../ifix/datavol/Repo/pyoos/tests/collectors/test_usgs.py,,,failed,"AssertionError: assert 63 == 58
 +  where 63 = len([<paegan.cdm.dsg.features.station.Station object at 0x7f8fe38f7bb0>, <paegan.cdm.dsg.features.station.Station object a...res.station.Station object at 0x7f8fe391cd30>, <paegan.cdm.dsg.features.station.Station object at 0x7f8fe391ce80>, ...])
 +    where [<paegan.cdm.dsg.features.station.Station object at 0x7f8fe38f7bb0>, <paegan.cdm.dsg.features.station.Station object a...res.station.Station object at 0x7f8fe391cd30>, <paegan.cdm.dsg.features.station.Station object at 0x7f8fe391ce80>, ...] = <paegan.cdm.dsg.collections.station_collection.StationCollection object at 0x7f8fe38f71c0>.elements",1.0286341607570648
tests/collectors/test_usgs.py::USGSTest::test_by_bbox,tests.collectors.test_usgs,test_by_bbox,../../../../ifix/datavol/Repo/pyoos/tests/collectors/test_usgs.py,,,passed,,7.160273805260658
