id,module,name,file,doc,markers,status,message,duration
tests/collectors/test_usgs.py::USGSTest::test_by_site_code,tests.collectors.test_usgs,test_by_site_code,../../../../ifix/datavol/Repo/pyoos/tests/collectors/test_usgs.py,,,passed,,4.516315408051014
tests/collectors/test_usgs.py::USGSTest::test_by_state,tests.collectors.test_usgs,test_by_state,../../../../ifix/datavol/Repo/pyoos/tests/collectors/test_usgs.py,,,failed,"AssertionError: assert 63 == 58
 +  where 63 = len([<paegan.cdm.dsg.features.station.Station object at 0x7fabfedca9a0>, <paegan.cdm.dsg.features.station.Station object a...res.station.Station object at 0x7fabf55b2970>, <paegan.cdm.dsg.features.station.Station object at 0x7fabf55b2ac0>, ...])
 +    where [<paegan.cdm.dsg.features.station.Station object at 0x7fabfedca9a0>, <paegan.cdm.dsg.features.station.Station object a...res.station.Station object at 0x7fabf55b2970>, <paegan.cdm.dsg.features.station.Station object at 0x7fabf55b2ac0>, ...] = <paegan.cdm.dsg.collections.station_collection.StationCollection object at 0x7fabfedca4f0>.elements",3.420223742723465
tests/collectors/test_usgs.py::USGSTest::test_by_bbox,tests.collectors.test_usgs,test_by_bbox,../../../../ifix/datavol/Repo/pyoos/tests/collectors/test_usgs.py,,,passed,,7.257503420114517
tests/collectors/test_awc_rest.py::AwcRestTest::test_bigbbox_filter_paegan,tests.collectors.test_awc_rest,test_bigbbox_filter_paegan,../../../../ifix/datavol/Repo/pyoos/tests/collectors/test_awc_rest.py,,,passed,,9.83485259860754
tests/collectors/test_awc_rest.py::AwcRestTest::test_smallbbox_filter_paegan,tests.collectors.test_awc_rest,test_smallbbox_filter_paegan,../../../../ifix/datavol/Repo/pyoos/tests/collectors/test_awc_rest.py,,,passed,,0.4859291687607765
tests/collectors/test_awc_rest.py::AwcRestTest::test_bbox_filter_raw,tests.collectors.test_awc_rest,test_bbox_filter_raw,../../../../ifix/datavol/Repo/pyoos/tests/collectors/test_awc_rest.py,,,failed,"AssertionError: assert '<response xmlns:xsd=""http://www.w3.org/2001/XMLSchema"" xmlns:xsi=""http://www.w3.org/2001/XML-Schema-instance"" version=""1.2"" xsi:noNamespaceSchemaLocation=""http://aviationweather.gov/adds/schema/metar1_2.xsd"">' in '<?xml version=""1.0"" encoding=""UTF-8""?>\r\n<response xmlns:xsd=""http://www.w3.org/2001/XMLSchema"" xmlns:xsi=""http://ww...errors />\r\n  <warnings />\r\n  <time_taken_ms>5</time_taken_ms>\r\n  <data num_results=""0"" />\r\n</response>\r\n\r\n'",3.490147814154625
tests/collectors/test_awc_rest.py::AwcRestTest::test_nwc_stations,tests.collectors.test_awc_rest,test_nwc_stations,../../../../ifix/datavol/Repo/pyoos/tests/collectors/test_awc_rest.py,,,passed,,0.08603087812662125
tests/parsers/test_hads.py::HadsParserTest::test__parse_data_with_var_filter,tests.parsers.test_hads,test__parse_data_with_var_filter,../../../../ifix/datavol/Repo/pyoos/tests/parsers/test_hads.py,,,passed,,0.001424938440322876
tests/parsers/test_hads.py::HadsParserTest::test__parse_data,tests.parsers.test_hads,test__parse_data,../../../../ifix/datavol/Repo/pyoos/tests/parsers/test_hads.py,,,passed,,0.002398870885372162
tests/parsers/test_hads.py::HadsParserTest::test__parse_metadata,tests.parsers.test_hads,test__parse_metadata,../../../../ifix/datavol/Repo/pyoos/tests/parsers/test_hads.py,,,passed,,0.0005174949765205383
tests/parsers/test_hads.py::HadsParserTest::test_parse,tests.parsers.test_hads,test_parse,../../../../ifix/datavol/Repo/pyoos/tests/parsers/test_hads.py,,,passed,,0.004793405532836914
tests/collectors/test_ndbc_sos.py::NdbcSosTest::test_ndbc_describe_sensor,tests.collectors.test_ndbc_sos,test_ndbc_describe_sensor,../../../../ifix/datavol/Repo/pyoos/tests/collectors/test_ndbc_sos.py,,,passed,,2.3852423951029778
tests/collectors/test_ndbc_sos.py::NdbcSosTest::test_raw_ndbc_get_observation_no_stations,tests.collectors.test_ndbc_sos,test_raw_ndbc_get_observation_no_stations,../../../../ifix/datavol/Repo/pyoos/tests/collectors/test_ndbc_sos.py,,,failed,"AssertionError: assert 258 == 264
 +  where 258 = len(['urn:ioos:station:wmo:41002', 'urn:ioos:station:wmo:46086', 'urn:ioos:station:wmo:mbla1', 'urn:ioos:station:wmo:sdia2', 'urn:ioos:station:wmo:cdea2', 'urn:ioos:station:wmo:ldlc3', ...])",3.860469251871109
tests/collectors/test_ndbc_sos.py::NdbcSosTest::test_raw_ndbc_get_observation_all_stations,tests.collectors.test_ndbc_sos,test_raw_ndbc_get_observation_all_stations,../../../../ifix/datavol/Repo/pyoos/tests/collectors/test_ndbc_sos.py,,,failed,"AssertionError: assert 258 == 264
 +  where 258 = len(['urn:ioos:station:wmo:41002', 'urn:ioos:station:wmo:46086', 'urn:ioos:station:wmo:mbla1', 'urn:ioos:station:wmo:sdia2', 'urn:ioos:station:wmo:cdea2', 'urn:ioos:station:wmo:ldlc3', ...])",2.997306101024151
tests/collectors/test_ndbc_sos.py::NdbcSosTest::test_raw_ndbc_get_observation,tests.collectors.test_ndbc_sos,test_raw_ndbc_get_observation,../../../../ifix/datavol/Repo/pyoos/tests/collectors/test_ndbc_sos.py,,,passed,,2.217835046350956
tests/collectors/test_ndbc_sos.py::NdbcSosTest::test_ndbc_server_id,tests.collectors.test_ndbc_sos,test_ndbc_server_id,../../../../ifix/datavol/Repo/pyoos/tests/collectors/test_ndbc_sos.py,,,passed,,1.9730395078659058
tests/collectors/test_collector.py::CollectorTest::test_times_return_utc,tests.collectors.test_collector,test_times_return_utc,../../../../ifix/datavol/Repo/pyoos/tests/collectors/test_collector.py,,,passed,,0.0013734474778175354
tests/collectors/test_ioos_swe_sos.py::IoosSweSosTest::test_server_id,tests.collectors.test_ioos_swe_sos,test_server_id,../../../../ifix/datavol/Repo/pyoos/tests/collectors/test_ioos_swe_sos.py,,xfail,xpassed,,0.32171329855918884
tests/collectors/test_ioos_swe_sos.py::IoosSweSosTest::test_metadata_plus_exceptions,tests.collectors.test_ioos_swe_sos,test_metadata_plus_exceptions,../../../../ifix/datavol/Repo/pyoos/tests/collectors/test_ioos_swe_sos.py,,xfail,xfailed,,9.876156777143478
tests/collectors/test_ioos_swe_sos.py::IoosSweSosTest::test_metdata,tests.collectors.test_ioos_swe_sos,test_metdata,../../../../ifix/datavol/Repo/pyoos/tests/collectors/test_ioos_swe_sos.py,,xfail,xfailed,,29.692557580769062
tests/collectors/test_nerrs.py::NerrTest::test_nerrs_variable_filter,tests.collectors.test_nerrs,test_nerrs_variable_filter,../../../../ifix/datavol/Repo/pyoos/tests/collectors/test_nerrs.py,,xfail,xfailed,,0.0005007311701774597
tests/collectors/test_nerrs.py::NerrTest::test_nerrs_bbox_filter,tests.collectors.test_nerrs,test_nerrs_bbox_filter,../../../../ifix/datavol/Repo/pyoos/tests/collectors/test_nerrs.py,,xfail,xfailed,,0.000382058322429657
tests/collectors/test_nerrs.py::NerrTest::test_list_nerrs_variables,tests.collectors.test_nerrs,test_list_nerrs_variables,../../../../ifix/datavol/Repo/pyoos/tests/collectors/test_nerrs.py,,xfail,xfailed,,0.00037506967782974243
tests/collectors/test_nerrs.py::NerrTest::test_list_nerrs_features,tests.collectors.test_nerrs,test_list_nerrs_features,../../../../ifix/datavol/Repo/pyoos/tests/collectors/test_nerrs.py,,xfail,xfailed,,0.0003715828061103821
tests/collectors/test_nerrs.py::NerrTest::test_nerrs_feature_filter,tests.collectors.test_nerrs,test_nerrs_feature_filter,../../../../ifix/datavol/Repo/pyoos/tests/collectors/test_nerrs.py,,xfail,xfailed,,0.0008221566677093506
tests/collectors/test_nerrs.py::NerrTest::test_nerrs_time_filter,tests.collectors.test_nerrs,test_nerrs_time_filter,../../../../ifix/datavol/Repo/pyoos/tests/collectors/test_nerrs.py,,xfail,xfailed,,0.00038430094718933105
tests/collectors/test_nerrs.py::NerrTest::test_nerrs_filter_chaining,tests.collectors.test_nerrs,test_nerrs_filter_chaining,../../../../ifix/datavol/Repo/pyoos/tests/collectors/test_nerrs.py,,xfail,xfailed,,0.0003893226385116577
tests/parsers/test_ioos_describe_sensor.py::IoosDescribeSensorTest::test_network,tests.parsers.test_ioos_describe_sensor,test_network,../../../../ifix/datavol/Repo/pyoos/tests/parsers/test_ioos_describe_sensor.py,,,passed,,0.008321821689605713
tests/parsers/test_ioos_describe_sensor.py::IoosDescribeSensorTest::test_sensor,tests.parsers.test_ioos_describe_sensor,test_sensor,../../../../ifix/datavol/Repo/pyoos/tests/parsers/test_ioos_describe_sensor.py,,,passed,,0.003094807267189026
tests/parsers/test_ioos_describe_sensor.py::IoosDescribeSensorTest::test_station,tests.parsers.test_ioos_describe_sensor,test_station,../../../../ifix/datavol/Repo/pyoos/tests/parsers/test_ioos_describe_sensor.py,,,passed,,0.004889369010925293
tests/parsers/test_ioos_get_observation.py::SweIoosTest::test_timeseries_profile_single_station,tests.parsers.test_ioos_get_observation,test_timeseries_profile_single_station,../../../../ifix/datavol/Repo/pyoos/tests/parsers/test_ioos_get_observation.py,,,passed,,0.02063172310590744
tests/parsers/test_ioos_get_observation.py::SweIoosTest::test_o_and_m_get_observation,tests.parsers.test_ioos_get_observation,test_o_and_m_get_observation,../../../../ifix/datavol/Repo/pyoos/tests/parsers/test_ioos_get_observation.py,,,passed,,0.004021123051643372
tests/parsers/test_ioos_get_observation.py::SweIoosTest::test_timeseries_multi_station_multi_sensor,tests.parsers.test_ioos_get_observation,test_timeseries_multi_station_multi_sensor,../../../../ifix/datavol/Repo/pyoos/tests/parsers/test_ioos_get_observation.py,,,passed,,0.013527393341064453
tests/parsers/test_ioos_get_observation.py::SweIoosTest::test_timeseries_single_station_single_sensor,tests.parsers.test_ioos_get_observation,test_timeseries_single_station_single_sensor,../../../../ifix/datavol/Repo/pyoos/tests/parsers/test_ioos_get_observation.py,,,passed,,0.0047917962074279785
tests/collectors/test_coops_sos.py::CoopsSosTest::test_coops_describe_sensor,tests.collectors.test_coops_sos,test_coops_describe_sensor,../../../../ifix/datavol/Repo/pyoos/tests/collectors/test_coops_sos.py,,,passed,,1.8333908542990685
tests/collectors/test_coops_sos.py::CoopsSosTest::test_raw_coops_get_observation,tests.collectors.test_coops_sos,test_raw_coops_get_observation,../../../../ifix/datavol/Repo/pyoos/tests/collectors/test_coops_sos.py,,,passed,,0.45242542028427124
tests/collectors/test_coops_sos.py::CoopsSosTest::test_raw_coops_get_observation_with_dataType,tests.collectors.test_coops_sos,test_raw_coops_get_observation_with_dataType,../../../../ifix/datavol/Repo/pyoos/tests/collectors/test_coops_sos.py,,,passed,,0.5712800323963165
tests/collectors/test_coops_sos.py::CoopsSosTest::test_raw_coops_get_observation_with_datum,tests.collectors.test_coops_sos,test_raw_coops_get_observation_with_datum,../../../../ifix/datavol/Repo/pyoos/tests/collectors/test_coops_sos.py,,,passed,,0.4224729984998703
tests/collectors/test_coops_sos.py::CoopsSosTest::test_coops_server_id,tests.collectors.test_coops_sos,test_coops_server_id,../../../../ifix/datavol/Repo/pyoos/tests/collectors/test_coops_sos.py,,,passed,,0.19006650149822235
tests/collectors/test_wqp.py::WqpTest::test_into_dsg,tests.collectors.test_wqp,test_into_dsg,../../../../ifix/datavol/Repo/pyoos/tests/collectors/test_wqp.py,,,passed,,2.8224752992391586
tests/collectors/test_wqp.py::WqpTest::test_wqp_results_metadata,tests.collectors.test_wqp,test_wqp_results_metadata,../../../../ifix/datavol/Repo/pyoos/tests/collectors/test_wqp.py,,,passed,,2.5165123119950294
tests/collectors/test_wqp.py::WqpTest::test_wqp_sites_metadata,tests.collectors.test_wqp,test_wqp_sites_metadata,../../../../ifix/datavol/Repo/pyoos/tests/collectors/test_wqp.py,"<WQX xmlns=""http://qwwebservices.usgs.gov/schemas/WQX-Outbound/2_0/"" xmlns:xsi=""http://www.w3.org/2001/XMLSchema-instance"" xsi:schemaLocation=""http://qwwebservices.usgs.gov/schemas/WQX-Outbound/2_0/ http://qwwebservices.usgs.gov/schemas/WQX-Outbound/2_0/index.xsd"">  # noqa
            <Organization>
                <OrganizationDescription>
                    <OrganizationIdentifier>21IOWA</OrganizationIdentifier>
                    <OrganizationFormalName>Iowa Dept. of  Natural Resources</OrganizationFormalName>
                </OrganizationDescription>
                <MonitoringLocation>
                    <MonitoringLocationIdentity>
                        <MonitoringLocationIdentifier>21IOWA-10070005</MonitoringLocationIdentifier>
                        <MonitoringLocationName>Cedar River Upstream of Waterloo/Cedar Falls</MonitoringLocationName>
                        <MonitoringLocationTypeName>River/Stream</MonitoringLocationTypeName>
                        <MonitoringLocationDescriptionText>Below the dam of Old Highway 218 in Cedar Falls.¿Upstream City Site.</MonitoringLocationDescriptionText>
                        <HUCEightDigitCode>07080205</HUCEightDigitCode>
                    </MonitoringLocationIdentity>
                    <MonitoringLocationGeospatial>
                        <LatitudeMeasure>42.5392</LatitudeMeasure>
                        <LongitudeMeasure>-92.4495</LongitudeMeasure>
                        <SourceMapScaleNumeric>000</SourceMapScaleNumeric>
                        <HorizontalCollectionMethodName>Interpolation-Map</HorizontalCollectionMethodName>
                        <HorizontalCoordinateReferenceSystemDatumName>NAD27</HorizontalCoordinateReferenceSystemDatumName>
                        <VerticalMeasure>
                            <MeasureValue>854</MeasureValue>
                            <MeasureUnitCode>ft</MeasureUnitCode>
                        </VerticalMeasure>
                        <VerticalCollectionMethodName>Topographic Map Interpolation</VerticalCollectionMethodName>
                        <VerticalCoordinateReferenceSystemDatumName>NGVD29</VerticalCoordinateReferenceSystemDatumName>
                        <CountryCode>US</CountryCode>
                        <StateCode>19</StateCode>
                        <CountyCode>013</CountyCode>
                    </MonitoringLocationGeospatial>
                </MonitoringLocation>
            </Organization>
        </WQX>",,failed,"AssertionError: assert '42.5392000' == '42.5392'
  - 42.5392
  + 42.5392000
  ?        +++",0.22639881819486618
tests/collectors/test_wqp.py::WqpTest::test_bad_wqp_site,tests.collectors.test_wqp,test_bad_wqp_site,../../../../ifix/datavol/Repo/pyoos/tests/collectors/test_wqp.py,,,passed,,1.8420944586396217
tests/collectors/test_hads.py::HadsTest::test_list_features,tests.collectors.test_hads,test_list_features,../../../../ifix/datavol/Repo/pyoos/tests/collectors/test_hads.py,,,passed,,0.00039127469062805176
tests/collectors/test_hads.py::HadsTest::test_set_features_property_clears_cached_station_codes,tests.collectors.test_hads,test_set_features_property_clears_cached_station_codes,../../../../ifix/datavol/Repo/pyoos/tests/collectors/test_hads.py,,,passed,,0.0003376379609107971
tests/collectors/test_hads.py::HadsTest::test_feature_filter,tests.collectors.test_hads,test_feature_filter,../../../../ifix/datavol/Repo/pyoos/tests/collectors/test_hads.py,,,passed,,0.00035446882247924805
tests/collectors/test_hads.py::HadsTest::test_set_bbox_property_clears_cached_station_codes,tests.collectors.test_hads,test_set_bbox_property_clears_cached_station_codes,../../../../ifix/datavol/Repo/pyoos/tests/collectors/test_hads.py,,,passed,,0.0003328174352645874
