id,module,name,file,doc,markers,status,message,duration
tests/collectors/test_nerrs.py::NerrTest::test_nerrs_variable_filter,tests.collectors.test_nerrs,test_nerrs_variable_filter,../../../../ifix/datavol/Repo/pyoos/tests/collectors/test_nerrs.py,,xfail,xfailed,,0.000857919454574585
tests/collectors/test_nerrs.py::NerrTest::test_nerrs_filter_chaining,tests.collectors.test_nerrs,test_nerrs_filter_chaining,../../../../ifix/datavol/Repo/pyoos/tests/collectors/test_nerrs.py,,xfail,xfailed,,0.000513024628162384
tests/collectors/test_nerrs.py::NerrTest::test_nerrs_feature_filter,tests.collectors.test_nerrs,test_nerrs_feature_filter,../../../../ifix/datavol/Repo/pyoos/tests/collectors/test_nerrs.py,,xfail,xfailed,,0.00038024038076400757
tests/collectors/test_nerrs.py::NerrTest::test_list_nerrs_variables,tests.collectors.test_nerrs,test_list_nerrs_variables,../../../../ifix/datavol/Repo/pyoos/tests/collectors/test_nerrs.py,,xfail,xfailed,,0.0004182383418083191
tests/collectors/test_nerrs.py::NerrTest::test_nerrs_time_filter,tests.collectors.test_nerrs,test_nerrs_time_filter,../../../../ifix/datavol/Repo/pyoos/tests/collectors/test_nerrs.py,,xfail,xfailed,,0.00037263333797454834
tests/collectors/test_nerrs.py::NerrTest::test_list_nerrs_features,tests.collectors.test_nerrs,test_list_nerrs_features,../../../../ifix/datavol/Repo/pyoos/tests/collectors/test_nerrs.py,,xfail,xfailed,,0.00037025660276412964
tests/collectors/test_nerrs.py::NerrTest::test_nerrs_bbox_filter,tests.collectors.test_nerrs,test_nerrs_bbox_filter,../../../../ifix/datavol/Repo/pyoos/tests/collectors/test_nerrs.py,,xfail,xfailed,,0.00036934763193130493
tests/collectors/test_ioos_swe_sos.py::IoosSweSosTest::test_metadata_plus_exceptions,tests.collectors.test_ioos_swe_sos,test_metadata_plus_exceptions,../../../../ifix/datavol/Repo/pyoos/tests/collectors/test_ioos_swe_sos.py,,xfail,xfailed,,16.76734257489443
tests/collectors/test_ioos_swe_sos.py::IoosSweSosTest::test_server_id,tests.collectors.test_ioos_swe_sos,test_server_id,../../../../ifix/datavol/Repo/pyoos/tests/collectors/test_ioos_swe_sos.py,,xfail,xpassed,,0.31502727419137955
tests/collectors/test_ioos_swe_sos.py::IoosSweSosTest::test_metdata,tests.collectors.test_ioos_swe_sos,test_metdata,../../../../ifix/datavol/Repo/pyoos/tests/collectors/test_ioos_swe_sos.py,,xfail,xfailed,,29.678484834730625
tests/collectors/test_awc_rest.py::AwcRestTest::test_smallbbox_filter_paegan,tests.collectors.test_awc_rest,test_smallbbox_filter_paegan,../../../../ifix/datavol/Repo/pyoos/tests/collectors/test_awc_rest.py,,,passed,,0.5432823300361633
tests/collectors/test_awc_rest.py::AwcRestTest::test_nwc_stations,tests.collectors.test_awc_rest,test_nwc_stations,../../../../ifix/datavol/Repo/pyoos/tests/collectors/test_awc_rest.py,,,passed,,0.09386810660362244
tests/collectors/test_awc_rest.py::AwcRestTest::test_bigbbox_filter_paegan,tests.collectors.test_awc_rest,test_bigbbox_filter_paegan,../../../../ifix/datavol/Repo/pyoos/tests/collectors/test_awc_rest.py,,,passed,,18.792200446128845
tests/collectors/test_awc_rest.py::AwcRestTest::test_bbox_filter_raw,tests.collectors.test_awc_rest,test_bbox_filter_raw,../../../../ifix/datavol/Repo/pyoos/tests/collectors/test_awc_rest.py,,,failed,"AssertionError: assert '<response xmlns:xsd=""http://www.w3.org/2001/XMLSchema"" xmlns:xsi=""http://www.w3.org/2001/XML-Schema-instance"" version=""1.2"" xsi:noNamespaceSchemaLocation=""http://aviationweather.gov/adds/schema/metar1_2.xsd"">' in '<?xml version=""1.0"" encoding=""UTF-8""?>\r\n<response xmlns:xsd=""http://www.w3.org/2001/XMLSchema"" xmlns:xsi=""http://ww...errors />\r\n  <warnings />\r\n  <time_taken_ms>4</time_taken_ms>\r\n  <data num_results=""0"" />\r\n</response>\r\n\r\n'",3.461110010743141
tests/collectors/test_ndbc_sos.py::NdbcSosTest::test_raw_ndbc_get_observation_no_stations,tests.collectors.test_ndbc_sos,test_raw_ndbc_get_observation_no_stations,../../../../ifix/datavol/Repo/pyoos/tests/collectors/test_ndbc_sos.py,,,failed,"AssertionError: assert 258 == 264
 +  where 258 = len(['urn:ioos:station:wmo:sanf1', 'urn:ioos:station:wmo:44009', 'urn:ioos:station:wmo:45003', 'urn:ioos:station:wmo:46082', 'urn:ioos:station:wmo:41043', 'urn:ioos:station:wmo:eroa2', ...])",3.2526838034391403
tests/collectors/test_ndbc_sos.py::NdbcSosTest::test_raw_ndbc_get_observation_all_stations,tests.collectors.test_ndbc_sos,test_raw_ndbc_get_observation_all_stations,../../../../ifix/datavol/Repo/pyoos/tests/collectors/test_ndbc_sos.py,,,failed,"AssertionError: assert 258 == 264
 +  where 258 = len(['urn:ioos:station:wmo:sanf1', 'urn:ioos:station:wmo:44009', 'urn:ioos:station:wmo:45003', 'urn:ioos:station:wmo:46082', 'urn:ioos:station:wmo:41043', 'urn:ioos:station:wmo:eroa2', ...])",3.2043962627649307
tests/collectors/test_ndbc_sos.py::NdbcSosTest::test_raw_ndbc_get_observation,tests.collectors.test_ndbc_sos,test_raw_ndbc_get_observation,../../../../ifix/datavol/Repo/pyoos/tests/collectors/test_ndbc_sos.py,,,passed,,2.235346421599388
tests/collectors/test_ndbc_sos.py::NdbcSosTest::test_ndbc_describe_sensor,tests.collectors.test_ndbc_sos,test_ndbc_describe_sensor,../../../../ifix/datavol/Repo/pyoos/tests/collectors/test_ndbc_sos.py,,,passed,,2.0577355921268463
tests/collectors/test_ndbc_sos.py::NdbcSosTest::test_ndbc_server_id,tests.collectors.test_ndbc_sos,test_ndbc_server_id,../../../../ifix/datavol/Repo/pyoos/tests/collectors/test_ndbc_sos.py,,,passed,,1.9925553351640701
tests/collectors/test_collector.py::CollectorTest::test_times_return_utc,tests.collectors.test_collector,test_times_return_utc,../../../../ifix/datavol/Repo/pyoos/tests/collectors/test_collector.py,,,passed,,0.0007857680320739746
tests/collectors/test_wqp.py::WqpTest::test_wqp_sites_metadata,tests.collectors.test_wqp,test_wqp_sites_metadata,../../../../ifix/datavol/Repo/pyoos/tests/collectors/test_wqp.py,"<WQX xmlns=""http://qwwebservices.usgs.gov/schemas/WQX-Outbound/2_0/"" xmlns:xsi=""http://www.w3.org/2001/XMLSchema-instance"" xsi:schemaLocation=""http://qwwebservices.usgs.gov/schemas/WQX-Outbound/2_0/ http://qwwebservices.usgs.gov/schemas/WQX-Outbound/2_0/index.xsd"">  # noqa
            <Organization>
                <OrganizationDescription>
                    <OrganizationIdentifier>21IOWA</OrganizationIdentifier>
                    <OrganizationFormalName>Iowa Dept. of  Natural Resources</OrganizationFormalName>
                </OrganizationDescription>
                <MonitoringLocation>
                    <MonitoringLocationIdentity>
                        <MonitoringLocationIdentifier>21IOWA-10070005</MonitoringLocationIdentifier>
                        <MonitoringLocationName>Cedar River Upstream of Waterloo/Cedar Falls</MonitoringLocationName>
                        <MonitoringLocationTypeName>River/Stream</MonitoringLocationTypeName>
                        <MonitoringLocationDescriptionText>Below the dam of Old Highway 218 in Cedar Falls.¿Upstream City Site.</MonitoringLocationDescriptionText>
                        <HUCEightDigitCode>07080205</HUCEightDigitCode>
                    </MonitoringLocationIdentity>
                    <MonitoringLocationGeospatial>
                        <LatitudeMeasure>42.5392</LatitudeMeasure>
                        <LongitudeMeasure>-92.4495</LongitudeMeasure>
                        <SourceMapScaleNumeric>000</SourceMapScaleNumeric>
                        <HorizontalCollectionMethodName>Interpolation-Map</HorizontalCollectionMethodName>
                        <HorizontalCoordinateReferenceSystemDatumName>NAD27</HorizontalCoordinateReferenceSystemDatumName>
                        <VerticalMeasure>
                            <MeasureValue>854</MeasureValue>
                            <MeasureUnitCode>ft</MeasureUnitCode>
                        </VerticalMeasure>
                        <VerticalCollectionMethodName>Topographic Map Interpolation</VerticalCollectionMethodName>
                        <VerticalCoordinateReferenceSystemDatumName>NGVD29</VerticalCoordinateReferenceSystemDatumName>
                        <CountryCode>US</CountryCode>
                        <StateCode>19</StateCode>
                        <CountyCode>013</CountyCode>
                    </MonitoringLocationGeospatial>
                </MonitoringLocation>
            </Organization>
        </WQX>",,failed,"AssertionError: assert '42.5392000' == '42.5392'
  - 42.5392
  + 42.5392000
  ?        +++",0.25906965136528015
tests/collectors/test_wqp.py::WqpTest::test_bad_wqp_site,tests.collectors.test_wqp,test_bad_wqp_site,../../../../ifix/datavol/Repo/pyoos/tests/collectors/test_wqp.py,,,passed,,0.799665629863739
tests/collectors/test_wqp.py::WqpTest::test_into_dsg,tests.collectors.test_wqp,test_into_dsg,../../../../ifix/datavol/Repo/pyoos/tests/collectors/test_wqp.py,,,passed,,2.6400967985391617
tests/collectors/test_wqp.py::WqpTest::test_wqp_results_metadata,tests.collectors.test_wqp,test_wqp_results_metadata,../../../../ifix/datavol/Repo/pyoos/tests/collectors/test_wqp.py,,,passed,,2.2914146184921265
tests/collectors/test_usgs.py::USGSTest::test_by_bbox,tests.collectors.test_usgs,test_by_bbox,../../../../ifix/datavol/Repo/pyoos/tests/collectors/test_usgs.py,,,passed,,7.873331546783447
tests/collectors/test_usgs.py::USGSTest::test_by_state,tests.collectors.test_usgs,test_by_state,../../../../ifix/datavol/Repo/pyoos/tests/collectors/test_usgs.py,,,failed,"AssertionError: assert 63 == 58
 +  where 63 = len([<paegan.cdm.dsg.features.station.Station object at 0x7f16b5aa5280>, <paegan.cdm.dsg.features.station.Station object a...res.station.Station object at 0x7f16a7901070>, <paegan.cdm.dsg.features.station.Station object at 0x7f16a7901160>, ...])
 +    where [<paegan.cdm.dsg.features.station.Station object at 0x7f16b5aa5280>, <paegan.cdm.dsg.features.station.Station object a...res.station.Station object at 0x7f16a7901070>, <paegan.cdm.dsg.features.station.Station object at 0x7f16a7901160>, ...] = <paegan.cdm.dsg.collections.station_collection.StationCollection object at 0x7f16b5aa51c0>.elements",0.9083288460969925
tests/collectors/test_usgs.py::USGSTest::test_by_site_code,tests.collectors.test_usgs,test_by_site_code,../../../../ifix/datavol/Repo/pyoos/tests/collectors/test_usgs.py,,,passed,,0.3667098209261894
tests/parsers/test_ioos_get_observation.py::SweIoosTest::test_o_and_m_get_observation,tests.parsers.test_ioos_get_observation,test_o_and_m_get_observation,../../../../ifix/datavol/Repo/pyoos/tests/parsers/test_ioos_get_observation.py,,,passed,,0.00603485107421875
tests/parsers/test_ioos_get_observation.py::SweIoosTest::test_timeseries_single_station_single_sensor,tests.parsers.test_ioos_get_observation,test_timeseries_single_station_single_sensor,../../../../ifix/datavol/Repo/pyoos/tests/parsers/test_ioos_get_observation.py,,,passed,,0.005494453012943268
tests/parsers/test_ioos_get_observation.py::SweIoosTest::test_timeseries_profile_single_station,tests.parsers.test_ioos_get_observation,test_timeseries_profile_single_station,../../../../ifix/datavol/Repo/pyoos/tests/parsers/test_ioos_get_observation.py,,,passed,,0.021076783537864685
tests/parsers/test_ioos_get_observation.py::SweIoosTest::test_timeseries_multi_station_multi_sensor,tests.parsers.test_ioos_get_observation,test_timeseries_multi_station_multi_sensor,../../../../ifix/datavol/Repo/pyoos/tests/parsers/test_ioos_get_observation.py,,,passed,,0.01493053138256073
tests/parsers/test_hads.py::HadsParserTest::test__parse_metadata,tests.parsers.test_hads,test__parse_metadata,../../../../ifix/datavol/Repo/pyoos/tests/parsers/test_hads.py,,,passed,,0.00055646151304245
tests/parsers/test_hads.py::HadsParserTest::test__parse_data_with_var_filter,tests.parsers.test_hads,test__parse_data_with_var_filter,../../../../ifix/datavol/Repo/pyoos/tests/parsers/test_hads.py,,,passed,,0.0010893195867538452
tests/parsers/test_hads.py::HadsParserTest::test__parse_data,tests.parsers.test_hads,test__parse_data,../../../../ifix/datavol/Repo/pyoos/tests/parsers/test_hads.py,,,passed,,0.002331949770450592
tests/parsers/test_hads.py::HadsParserTest::test_parse,tests.parsers.test_hads,test_parse,../../../../ifix/datavol/Repo/pyoos/tests/parsers/test_hads.py,,,passed,,0.0038471221923828125
tests/collectors/test_coops_sos.py::CoopsSosTest::test_coops_server_id,tests.collectors.test_coops_sos,test_coops_server_id,../../../../ifix/datavol/Repo/pyoos/tests/collectors/test_coops_sos.py,,,passed,,3.819759726524353
tests/collectors/test_coops_sos.py::CoopsSosTest::test_coops_describe_sensor,tests.collectors.test_coops_sos,test_coops_describe_sensor,../../../../ifix/datavol/Repo/pyoos/tests/collectors/test_coops_sos.py,,,passed,,5.0272194147109985
tests/collectors/test_coops_sos.py::CoopsSosTest::test_raw_coops_get_observation_with_datum,tests.collectors.test_coops_sos,test_raw_coops_get_observation_with_datum,../../../../ifix/datavol/Repo/pyoos/tests/collectors/test_coops_sos.py,,,passed,,5.078368067741394
tests/collectors/test_coops_sos.py::CoopsSosTest::test_raw_coops_get_observation,tests.collectors.test_coops_sos,test_raw_coops_get_observation,../../../../ifix/datavol/Repo/pyoos/tests/collectors/test_coops_sos.py,,,passed,,1.8545742481946945
tests/collectors/test_coops_sos.py::CoopsSosTest::test_raw_coops_get_observation_with_dataType,tests.collectors.test_coops_sos,test_raw_coops_get_observation_with_dataType,../../../../ifix/datavol/Repo/pyoos/tests/collectors/test_coops_sos.py,,,passed,,6.357145123183727
tests/parsers/test_ioos_describe_sensor.py::IoosDescribeSensorTest::test_sensor,tests.parsers.test_ioos_describe_sensor,test_sensor,../../../../ifix/datavol/Repo/pyoos/tests/parsers/test_ioos_describe_sensor.py,,,passed,,0.008366875350475311
tests/parsers/test_ioos_describe_sensor.py::IoosDescribeSensorTest::test_network,tests.parsers.test_ioos_describe_sensor,test_network,../../../../ifix/datavol/Repo/pyoos/tests/parsers/test_ioos_describe_sensor.py,,,passed,,0.004039272665977478
tests/parsers/test_ioos_describe_sensor.py::IoosDescribeSensorTest::test_station,tests.parsers.test_ioos_describe_sensor,test_station,../../../../ifix/datavol/Repo/pyoos/tests/parsers/test_ioos_describe_sensor.py,,,passed,,0.0050630122423172
tests/collectors/test_hads.py::HadsTest::test_feature_filter,tests.collectors.test_hads,test_feature_filter,../../../../ifix/datavol/Repo/pyoos/tests/collectors/test_hads.py,,,passed,,0.0005045086145401001
tests/collectors/test_hads.py::HadsTest::test_set_features_property_clears_cached_station_codes,tests.collectors.test_hads,test_set_features_property_clears_cached_station_codes,../../../../ifix/datavol/Repo/pyoos/tests/collectors/test_hads.py,,,passed,,0.0003304407000541687
tests/collectors/test_hads.py::HadsTest::test_list_features,tests.collectors.test_hads,test_list_features,../../../../ifix/datavol/Repo/pyoos/tests/collectors/test_hads.py,,,passed,,0.00033442676067352295
tests/collectors/test_hads.py::HadsTest::test_set_bbox_property_clears_cached_station_codes,tests.collectors.test_hads,test_set_bbox_property_clears_cached_station_codes,../../../../ifix/datavol/Repo/pyoos/tests/collectors/test_hads.py,,,passed,,0.0003352612257003784
