id,module,name,file,doc,markers,status,message,duration
tests/collectors/test_wqp.py::WqpTest::test_into_dsg,tests.collectors.test_wqp,test_into_dsg,../../../../ifix/datavol/Repo/pyoos/tests/collectors/test_wqp.py,,,passed,,2.612042896449566
tests/collectors/test_wqp.py::WqpTest::test_wqp_results_metadata,tests.collectors.test_wqp,test_wqp_results_metadata,../../../../ifix/datavol/Repo/pyoos/tests/collectors/test_wqp.py,,,passed,,2.3694318532943726
tests/collectors/test_wqp.py::WqpTest::test_bad_wqp_site,tests.collectors.test_wqp,test_bad_wqp_site,../../../../ifix/datavol/Repo/pyoos/tests/collectors/test_wqp.py,,,passed,,0.7213091626763344
tests/collectors/test_wqp.py::WqpTest::test_wqp_sites_metadata,tests.collectors.test_wqp,test_wqp_sites_metadata,../../../../ifix/datavol/Repo/pyoos/tests/collectors/test_wqp.py,"<WQX xmlns=""http://qwwebservices.usgs.gov/schemas/WQX-Outbound/2_0/"" xmlns:xsi=""http://www.w3.org/2001/XMLSchema-instance"" xsi:schemaLocation=""http://qwwebservices.usgs.gov/schemas/WQX-Outbound/2_0/ http://qwwebservices.usgs.gov/schemas/WQX-Outbound/2_0/index.xsd"">  # noqa
            <Organization>
                <OrganizationDescription>
                    <OrganizationIdentifier>21IOWA</OrganizationIdentifier>
                    <OrganizationFormalName>Iowa Dept. of  Natural Resources</OrganizationFormalName>
                </OrganizationDescription>
                <MonitoringLocation>
                    <MonitoringLocationIdentity>
                        <MonitoringLocationIdentifier>21IOWA-10070005</MonitoringLocationIdentifier>
                        <MonitoringLocationName>Cedar River Upstream of Waterloo/Cedar Falls</MonitoringLocationName>
                        <MonitoringLocationTypeName>River/Stream</MonitoringLocationTypeName>
                        <MonitoringLocationDescriptionText>Below the dam of Old Highway 218 in Cedar Falls.¿Upstream City Site.</MonitoringLocationDescriptionText>
                        <HUCEightDigitCode>07080205</HUCEightDigitCode>
                    </MonitoringLocationIdentity>
                    <MonitoringLocationGeospatial>
                        <LatitudeMeasure>42.5392</LatitudeMeasure>
                        <LongitudeMeasure>-92.4495</LongitudeMeasure>
                        <SourceMapScaleNumeric>000</SourceMapScaleNumeric>
                        <HorizontalCollectionMethodName>Interpolation-Map</HorizontalCollectionMethodName>
                        <HorizontalCoordinateReferenceSystemDatumName>NAD27</HorizontalCoordinateReferenceSystemDatumName>
                        <VerticalMeasure>
                            <MeasureValue>854</MeasureValue>
                            <MeasureUnitCode>ft</MeasureUnitCode>
                        </VerticalMeasure>
                        <VerticalCollectionMethodName>Topographic Map Interpolation</VerticalCollectionMethodName>
                        <VerticalCoordinateReferenceSystemDatumName>NGVD29</VerticalCoordinateReferenceSystemDatumName>
                        <CountryCode>US</CountryCode>
                        <StateCode>19</StateCode>
                        <CountyCode>013</CountyCode>
                    </MonitoringLocationGeospatial>
                </MonitoringLocation>
            </Organization>
        </WQX>",,failed,"AssertionError: assert '42.5392000' == '42.5392'
  - 42.5392
  + 42.5392000
  ?        +++",0.21474353224039078
tests/parsers/test_hads.py::HadsParserTest::test__parse_data,tests.parsers.test_hads,test__parse_data,../../../../ifix/datavol/Repo/pyoos/tests/parsers/test_hads.py,,,passed,,0.002646051347255707
tests/parsers/test_hads.py::HadsParserTest::test__parse_data_with_var_filter,tests.parsers.test_hads,test__parse_data_with_var_filter,../../../../ifix/datavol/Repo/pyoos/tests/parsers/test_hads.py,,,passed,,0.0010569170117378235
tests/parsers/test_hads.py::HadsParserTest::test_parse,tests.parsers.test_hads,test_parse,../../../../ifix/datavol/Repo/pyoos/tests/parsers/test_hads.py,,,passed,,0.00459657609462738
tests/parsers/test_hads.py::HadsParserTest::test__parse_metadata,tests.parsers.test_hads,test__parse_metadata,../../../../ifix/datavol/Repo/pyoos/tests/parsers/test_hads.py,,,passed,,0.0005526840686798096
tests/collectors/test_awc_rest.py::AwcRestTest::test_smallbbox_filter_paegan,tests.collectors.test_awc_rest,test_smallbbox_filter_paegan,../../../../ifix/datavol/Repo/pyoos/tests/collectors/test_awc_rest.py,,,passed,,0.4924105927348137
tests/collectors/test_awc_rest.py::AwcRestTest::test_bbox_filter_raw,tests.collectors.test_awc_rest,test_bbox_filter_raw,../../../../ifix/datavol/Repo/pyoos/tests/collectors/test_awc_rest.py,,,failed,"AssertionError: assert '<response xmlns:xsd=""http://www.w3.org/2001/XMLSchema"" xmlns:xsi=""http://www.w3.org/2001/XML-Schema-instance"" version=""1.2"" xsi:noNamespaceSchemaLocation=""http://aviationweather.gov/adds/schema/metar1_2.xsd"">' in '<?xml version=""1.0"" encoding=""UTF-8""?>\r\n<response xmlns:xsd=""http://www.w3.org/2001/XMLSchema"" xmlns:xsi=""http://ww...errors />\r\n  <warnings />\r\n  <time_taken_ms>6</time_taken_ms>\r\n  <data num_results=""0"" />\r\n</response>\r\n\r\n'",3.2610256373882294
tests/collectors/test_awc_rest.py::AwcRestTest::test_nwc_stations,tests.collectors.test_awc_rest,test_nwc_stations,../../../../ifix/datavol/Repo/pyoos/tests/collectors/test_awc_rest.py,,,passed,,0.07997910678386688
tests/collectors/test_awc_rest.py::AwcRestTest::test_bigbbox_filter_paegan,tests.collectors.test_awc_rest,test_bigbbox_filter_paegan,../../../../ifix/datavol/Repo/pyoos/tests/collectors/test_awc_rest.py,,,passed,,9.660978339612484
tests/collectors/test_hads.py::HadsTest::test_set_bbox_property_clears_cached_station_codes,tests.collectors.test_hads,test_set_bbox_property_clears_cached_station_codes,../../../../ifix/datavol/Repo/pyoos/tests/collectors/test_hads.py,,,passed,,0.0004341602325439453
tests/collectors/test_hads.py::HadsTest::test_set_features_property_clears_cached_station_codes,tests.collectors.test_hads,test_set_features_property_clears_cached_station_codes,../../../../ifix/datavol/Repo/pyoos/tests/collectors/test_hads.py,,,passed,,0.00033029913902282715
tests/collectors/test_hads.py::HadsTest::test_feature_filter,tests.collectors.test_hads,test_feature_filter,../../../../ifix/datavol/Repo/pyoos/tests/collectors/test_hads.py,,,passed,,0.00035753846168518066
tests/collectors/test_hads.py::HadsTest::test_list_features,tests.collectors.test_hads,test_list_features,../../../../ifix/datavol/Repo/pyoos/tests/collectors/test_hads.py,,,passed,,0.00032876431941986084
tests/collectors/test_collector.py::CollectorTest::test_times_return_utc,tests.collectors.test_collector,test_times_return_utc,../../../../ifix/datavol/Repo/pyoos/tests/collectors/test_collector.py,,,passed,,0.0005127415060997009
tests/collectors/test_usgs.py::USGSTest::test_by_state,tests.collectors.test_usgs,test_by_state,../../../../ifix/datavol/Repo/pyoos/tests/collectors/test_usgs.py,,,failed,"AssertionError: assert 63 == 58
 +  where 63 = len([<paegan.cdm.dsg.features.station.Station object at 0x7f550b990c40>, <paegan.cdm.dsg.features.station.Station object a...res.station.Station object at 0x7f54f984d940>, <paegan.cdm.dsg.features.station.Station object at 0x7f54f984da90>, ...])
 +    where [<paegan.cdm.dsg.features.station.Station object at 0x7f550b990c40>, <paegan.cdm.dsg.features.station.Station object a...res.station.Station object at 0x7f54f984d940>, <paegan.cdm.dsg.features.station.Station object at 0x7f54f984da90>, ...] = <paegan.cdm.dsg.collections.station_collection.StationCollection object at 0x7f550b990cd0>.elements",1.147090345621109
tests/collectors/test_usgs.py::USGSTest::test_by_bbox,tests.collectors.test_usgs,test_by_bbox,../../../../ifix/datavol/Repo/pyoos/tests/collectors/test_usgs.py,,,passed,,7.051036909222603
tests/collectors/test_usgs.py::USGSTest::test_by_site_code,tests.collectors.test_usgs,test_by_site_code,../../../../ifix/datavol/Repo/pyoos/tests/collectors/test_usgs.py,,,passed,,0.27080949395895004
tests/collectors/test_coops_sos.py::CoopsSosTest::test_coops_server_id,tests.collectors.test_coops_sos,test_coops_server_id,../../../../ifix/datavol/Repo/pyoos/tests/collectors/test_coops_sos.py,,,passed,,0.4850875064730644
tests/collectors/test_coops_sos.py::CoopsSosTest::test_raw_coops_get_observation_with_datum,tests.collectors.test_coops_sos,test_raw_coops_get_observation_with_datum,../../../../ifix/datavol/Repo/pyoos/tests/collectors/test_coops_sos.py,,,passed,,0.3682585284113884
tests/collectors/test_coops_sos.py::CoopsSosTest::test_coops_describe_sensor,tests.collectors.test_coops_sos,test_coops_describe_sensor,../../../../ifix/datavol/Repo/pyoos/tests/collectors/test_coops_sos.py,,,passed,,1.1748471483588219
tests/collectors/test_coops_sos.py::CoopsSosTest::test_raw_coops_get_observation,tests.collectors.test_coops_sos,test_raw_coops_get_observation,../../../../ifix/datavol/Repo/pyoos/tests/collectors/test_coops_sos.py,,,passed,,1.1130296513438225
tests/collectors/test_coops_sos.py::CoopsSosTest::test_raw_coops_get_observation_with_dataType,tests.collectors.test_coops_sos,test_raw_coops_get_observation_with_dataType,../../../../ifix/datavol/Repo/pyoos/tests/collectors/test_coops_sos.py,,,passed,,0.5024075359106064
tests/parsers/test_ioos_get_observation.py::SweIoosTest::test_timeseries_multi_station_multi_sensor,tests.parsers.test_ioos_get_observation,test_timeseries_multi_station_multi_sensor,../../../../ifix/datavol/Repo/pyoos/tests/parsers/test_ioos_get_observation.py,,,passed,,0.014565587043762207
tests/parsers/test_ioos_get_observation.py::SweIoosTest::test_timeseries_profile_single_station,tests.parsers.test_ioos_get_observation,test_timeseries_profile_single_station,../../../../ifix/datavol/Repo/pyoos/tests/parsers/test_ioos_get_observation.py,,,passed,,0.01923452317714691
tests/parsers/test_ioos_get_observation.py::SweIoosTest::test_o_and_m_get_observation,tests.parsers.test_ioos_get_observation,test_o_and_m_get_observation,../../../../ifix/datavol/Repo/pyoos/tests/parsers/test_ioos_get_observation.py,,,passed,,0.004184626042842865
tests/parsers/test_ioos_get_observation.py::SweIoosTest::test_timeseries_single_station_single_sensor,tests.parsers.test_ioos_get_observation,test_timeseries_single_station_single_sensor,../../../../ifix/datavol/Repo/pyoos/tests/parsers/test_ioos_get_observation.py,,,passed,,0.005048900842666626
tests/collectors/test_ioos_swe_sos.py::IoosSweSosTest::test_metdata,tests.collectors.test_ioos_swe_sos,test_metdata,../../../../ifix/datavol/Repo/pyoos/tests/collectors/test_ioos_swe_sos.py,,xfail,xfailed,,29.72866929322481
tests/collectors/test_ioos_swe_sos.py::IoosSweSosTest::test_server_id,tests.collectors.test_ioos_swe_sos,test_server_id,../../../../ifix/datavol/Repo/pyoos/tests/collectors/test_ioos_swe_sos.py,,xfail,xpassed,,0.30451592803001404
tests/collectors/test_ioos_swe_sos.py::IoosSweSosTest::test_metadata_plus_exceptions,tests.collectors.test_ioos_swe_sos,test_metadata_plus_exceptions,../../../../ifix/datavol/Repo/pyoos/tests/collectors/test_ioos_swe_sos.py,,xfail,xfailed,,18.223846577107906
tests/collectors/test_ndbc_sos.py::NdbcSosTest::test_raw_ndbc_get_observation_no_stations,tests.collectors.test_ndbc_sos,test_raw_ndbc_get_observation_no_stations,../../../../ifix/datavol/Repo/pyoos/tests/collectors/test_ndbc_sos.py,,,failed,"AssertionError: assert 258 == 264
 +  where 258 = len(['urn:ioos:station:wmo:ptac1', 'urn:ioos:station:wmo:44058', 'urn:ioos:station:wmo:gtrm4', 'urn:ioos:station:wmo:51004', 'urn:ioos:station:wmo:44014', 'urn:ioos:station:wmo:ptgc1', ...])",3.008457198739052
tests/collectors/test_ndbc_sos.py::NdbcSosTest::test_ndbc_server_id,tests.collectors.test_ndbc_sos,test_ndbc_server_id,../../../../ifix/datavol/Repo/pyoos/tests/collectors/test_ndbc_sos.py,,,passed,,2.054496832191944
tests/collectors/test_ndbc_sos.py::NdbcSosTest::test_raw_ndbc_get_observation,tests.collectors.test_ndbc_sos,test_raw_ndbc_get_observation,../../../../ifix/datavol/Repo/pyoos/tests/collectors/test_ndbc_sos.py,,,passed,,2.1346298828721046
tests/collectors/test_ndbc_sos.py::NdbcSosTest::test_raw_ndbc_get_observation_all_stations,tests.collectors.test_ndbc_sos,test_raw_ndbc_get_observation_all_stations,../../../../ifix/datavol/Repo/pyoos/tests/collectors/test_ndbc_sos.py,,,failed,"AssertionError: assert 258 == 264
 +  where 258 = len(['urn:ioos:station:wmo:ptac1', 'urn:ioos:station:wmo:44058', 'urn:ioos:station:wmo:gtrm4', 'urn:ioos:station:wmo:51004', 'urn:ioos:station:wmo:44014', 'urn:ioos:station:wmo:ptgc1', ...])",2.9694953858852386
tests/collectors/test_ndbc_sos.py::NdbcSosTest::test_ndbc_describe_sensor,tests.collectors.test_ndbc_sos,test_ndbc_describe_sensor,../../../../ifix/datavol/Repo/pyoos/tests/collectors/test_ndbc_sos.py,,,passed,,2.1655528247356415
tests/parsers/test_ioos_describe_sensor.py::IoosDescribeSensorTest::test_station,tests.parsers.test_ioos_describe_sensor,test_station,../../../../ifix/datavol/Repo/pyoos/tests/parsers/test_ioos_describe_sensor.py,,,passed,,0.009686335921287537
tests/parsers/test_ioos_describe_sensor.py::IoosDescribeSensorTest::test_sensor,tests.parsers.test_ioos_describe_sensor,test_sensor,../../../../ifix/datavol/Repo/pyoos/tests/parsers/test_ioos_describe_sensor.py,,,passed,,0.003227442502975464
tests/parsers/test_ioos_describe_sensor.py::IoosDescribeSensorTest::test_network,tests.parsers.test_ioos_describe_sensor,test_network,../../../../ifix/datavol/Repo/pyoos/tests/parsers/test_ioos_describe_sensor.py,,,passed,,0.004005268216133118
tests/collectors/test_nerrs.py::NerrTest::test_nerrs_feature_filter,tests.collectors.test_nerrs,test_nerrs_feature_filter,../../../../ifix/datavol/Repo/pyoos/tests/collectors/test_nerrs.py,,xfail,xfailed,,0.0004996806383132935
tests/collectors/test_nerrs.py::NerrTest::test_nerrs_filter_chaining,tests.collectors.test_nerrs,test_nerrs_filter_chaining,../../../../ifix/datavol/Repo/pyoos/tests/collectors/test_nerrs.py,,xfail,xfailed,,0.0003850683569908142
tests/collectors/test_nerrs.py::NerrTest::test_list_nerrs_variables,tests.collectors.test_nerrs,test_list_nerrs_variables,../../../../ifix/datavol/Repo/pyoos/tests/collectors/test_nerrs.py,,xfail,xfailed,,0.0003778040409088135
tests/collectors/test_nerrs.py::NerrTest::test_nerrs_time_filter,tests.collectors.test_nerrs,test_nerrs_time_filter,../../../../ifix/datavol/Repo/pyoos/tests/collectors/test_nerrs.py,,xfail,xfailed,,0.0003720000386238098
tests/collectors/test_nerrs.py::NerrTest::test_nerrs_bbox_filter,tests.collectors.test_nerrs,test_nerrs_bbox_filter,../../../../ifix/datavol/Repo/pyoos/tests/collectors/test_nerrs.py,,xfail,xfailed,,0.000371299684047699
tests/collectors/test_nerrs.py::NerrTest::test_list_nerrs_features,tests.collectors.test_nerrs,test_list_nerrs_features,../../../../ifix/datavol/Repo/pyoos/tests/collectors/test_nerrs.py,,xfail,xfailed,,0.0003713741898536682
tests/collectors/test_nerrs.py::NerrTest::test_nerrs_variable_filter,tests.collectors.test_nerrs,test_nerrs_variable_filter,../../../../ifix/datavol/Repo/pyoos/tests/collectors/test_nerrs.py,,xfail,xfailed,,0.0003725588321685791
