id,module,name,file,doc,markers,status,message,duration
tests/collectors/test_collector.py::CollectorTest::test_times_return_utc,tests.collectors.test_collector,test_times_return_utc,../../../../ifix/datavol/Repo/pyoos/tests/collectors/test_collector.py,,,passed,,0.0011094287037849426
tests/collectors/test_usgs.py::USGSTest::test_by_bbox,tests.collectors.test_usgs,test_by_bbox,../../../../ifix/datavol/Repo/pyoos/tests/collectors/test_usgs.py,,,passed,,16.10428285598755
tests/collectors/test_usgs.py::USGSTest::test_by_state,tests.collectors.test_usgs,test_by_state,../../../../ifix/datavol/Repo/pyoos/tests/collectors/test_usgs.py,,,failed,"AssertionError: assert 63 == 58
 +  where 63 = len([<paegan.cdm.dsg.features.station.Station object at 0x7f37fb78fd00>, <paegan.cdm.dsg.features.station.Station object a...res.station.Station object at 0x7f37f1f71af0>, <paegan.cdm.dsg.features.station.Station object at 0x7f37f1f71c70>, ...])
 +    where [<paegan.cdm.dsg.features.station.Station object at 0x7f37fb78fd00>, <paegan.cdm.dsg.features.station.Station object a...res.station.Station object at 0x7f37f1f71af0>, <paegan.cdm.dsg.features.station.Station object at 0x7f37f1f71c70>, ...] = <paegan.cdm.dsg.collections.station_collection.StationCollection object at 0x7f37fb78f640>.elements",0.728314682841301
tests/collectors/test_usgs.py::USGSTest::test_by_site_code,tests.collectors.test_usgs,test_by_site_code,../../../../ifix/datavol/Repo/pyoos/tests/collectors/test_usgs.py,,,passed,,0.33531277626752853
tests/collectors/test_coops_sos.py::CoopsSosTest::test_coops_server_id,tests.collectors.test_coops_sos,test_coops_server_id,../../../../ifix/datavol/Repo/pyoos/tests/collectors/test_coops_sos.py,,,passed,,6.25516439974308
tests/collectors/test_coops_sos.py::CoopsSosTest::test_coops_describe_sensor,tests.collectors.test_coops_sos,test_coops_describe_sensor,../../../../ifix/datavol/Repo/pyoos/tests/collectors/test_coops_sos.py,,,passed,,1.8771992698311806
tests/collectors/test_coops_sos.py::CoopsSosTest::test_raw_coops_get_observation_with_datum,tests.collectors.test_coops_sos,test_raw_coops_get_observation_with_datum,../../../../ifix/datavol/Repo/pyoos/tests/collectors/test_coops_sos.py,,,passed,,2.755762554705143
tests/collectors/test_coops_sos.py::CoopsSosTest::test_raw_coops_get_observation,tests.collectors.test_coops_sos,test_raw_coops_get_observation,../../../../ifix/datavol/Repo/pyoos/tests/collectors/test_coops_sos.py,,,passed,,3.853648528456688
tests/collectors/test_coops_sos.py::CoopsSosTest::test_raw_coops_get_observation_with_dataType,tests.collectors.test_coops_sos,test_raw_coops_get_observation_with_dataType,../../../../ifix/datavol/Repo/pyoos/tests/collectors/test_coops_sos.py,,,passed,,6.621891975402832
tests/parsers/test_hads.py::HadsParserTest::test__parse_metadata,tests.parsers.test_hads,test__parse_metadata,../../../../ifix/datavol/Repo/pyoos/tests/parsers/test_hads.py,,,passed,,0.001635722815990448
tests/parsers/test_hads.py::HadsParserTest::test__parse_data_with_var_filter,tests.parsers.test_hads,test__parse_data_with_var_filter,../../../../ifix/datavol/Repo/pyoos/tests/parsers/test_hads.py,,,passed,,0.0028062835335731506
tests/parsers/test_hads.py::HadsParserTest::test__parse_data,tests.parsers.test_hads,test__parse_data,../../../../ifix/datavol/Repo/pyoos/tests/parsers/test_hads.py,,,passed,,0.0029609277844429016
tests/parsers/test_hads.py::HadsParserTest::test_parse,tests.parsers.test_hads,test_parse,../../../../ifix/datavol/Repo/pyoos/tests/parsers/test_hads.py,,,passed,,0.007505878806114197
tests/parsers/test_ioos_describe_sensor.py::IoosDescribeSensorTest::test_station,tests.parsers.test_ioos_describe_sensor,test_station,../../../../ifix/datavol/Repo/pyoos/tests/parsers/test_ioos_describe_sensor.py,,,passed,,0.017729967832565308
tests/parsers/test_ioos_describe_sensor.py::IoosDescribeSensorTest::test_sensor,tests.parsers.test_ioos_describe_sensor,test_sensor,../../../../ifix/datavol/Repo/pyoos/tests/parsers/test_ioos_describe_sensor.py,,,passed,,0.005063153803348541
tests/parsers/test_ioos_describe_sensor.py::IoosDescribeSensorTest::test_network,tests.parsers.test_ioos_describe_sensor,test_network,../../../../ifix/datavol/Repo/pyoos/tests/parsers/test_ioos_describe_sensor.py,,,passed,,0.006244391202926636
tests/collectors/test_awc_rest.py::AwcRestTest::test_nwc_stations,tests.collectors.test_awc_rest,test_nwc_stations,../../../../ifix/datavol/Repo/pyoos/tests/collectors/test_awc_rest.py,,,passed,,0.10573863983154297
tests/collectors/test_awc_rest.py::AwcRestTest::test_smallbbox_filter_paegan,tests.collectors.test_awc_rest,test_smallbbox_filter_paegan,../../../../ifix/datavol/Repo/pyoos/tests/collectors/test_awc_rest.py,,,passed,,0.5659147724509239
tests/collectors/test_awc_rest.py::AwcRestTest::test_bigbbox_filter_paegan,tests.collectors.test_awc_rest,test_bigbbox_filter_paegan,../../../../ifix/datavol/Repo/pyoos/tests/collectors/test_awc_rest.py,,,passed,,9.985728822648525
tests/collectors/test_awc_rest.py::AwcRestTest::test_bbox_filter_raw,tests.collectors.test_awc_rest,test_bbox_filter_raw,../../../../ifix/datavol/Repo/pyoos/tests/collectors/test_awc_rest.py,,,failed,"AssertionError: assert '<response xmlns:xsd=""http://www.w3.org/2001/XMLSchema"" xmlns:xsi=""http://www.w3.org/2001/XML-Schema-instance"" version=""1.2"" xsi:noNamespaceSchemaLocation=""http://aviationweather.gov/adds/schema/metar1_2.xsd"">' in '<?xml version=""1.0"" encoding=""UTF-8""?>\r\n<response xmlns:xsd=""http://www.w3.org/2001/XMLSchema"" xmlns:xsi=""http://ww...errors />\r\n  <warnings />\r\n  <time_taken_ms>5</time_taken_ms>\r\n  <data num_results=""0"" />\r\n</response>\r\n\r\n'",3.536486469209194
tests/collectors/test_ndbc_sos.py::NdbcSosTest::test_raw_ndbc_get_observation,tests.collectors.test_ndbc_sos,test_raw_ndbc_get_observation,../../../../ifix/datavol/Repo/pyoos/tests/collectors/test_ndbc_sos.py,,,passed,,12.188970312476158
tests/collectors/test_ndbc_sos.py::NdbcSosTest::test_ndbc_server_id,tests.collectors.test_ndbc_sos,test_ndbc_server_id,../../../../ifix/datavol/Repo/pyoos/tests/collectors/test_ndbc_sos.py,,,passed,,6.922807298600674
tests/collectors/test_ndbc_sos.py::NdbcSosTest::test_raw_ndbc_get_observation_all_stations,tests.collectors.test_ndbc_sos,test_raw_ndbc_get_observation_all_stations,../../../../ifix/datavol/Repo/pyoos/tests/collectors/test_ndbc_sos.py,,,failed,"AssertionError: assert 258 == 264
 +  where 258 = len(['urn:ioos:station:wmo:46060', 'urn:ioos:station:wmo:46006', 'urn:ioos:station:wmo:44042', 'urn:ioos:station:wmo:pcnt2', 'urn:ioos:station:wmo:cdea2', 'urn:ioos:station:wmo:mrka2', ...])",12.980151809751987
tests/collectors/test_ndbc_sos.py::NdbcSosTest::test_raw_ndbc_get_observation_no_stations,tests.collectors.test_ndbc_sos,test_raw_ndbc_get_observation_no_stations,../../../../ifix/datavol/Repo/pyoos/tests/collectors/test_ndbc_sos.py,,,failed,"AssertionError: assert 258 == 264
 +  where 258 = len(['urn:ioos:station:wmo:46060', 'urn:ioos:station:wmo:46006', 'urn:ioos:station:wmo:44042', 'urn:ioos:station:wmo:pcnt2', 'urn:ioos:station:wmo:cdea2', 'urn:ioos:station:wmo:mrka2', ...])",13.164720475673676
tests/collectors/test_ndbc_sos.py::NdbcSosTest::test_ndbc_describe_sensor,tests.collectors.test_ndbc_sos,test_ndbc_describe_sensor,../../../../ifix/datavol/Repo/pyoos/tests/collectors/test_ndbc_sos.py,,,passed,,2.64076329767704
tests/parsers/test_ioos_get_observation.py::SweIoosTest::test_o_and_m_get_observation,tests.parsers.test_ioos_get_observation,test_o_and_m_get_observation,../../../../ifix/datavol/Repo/pyoos/tests/parsers/test_ioos_get_observation.py,,,passed,,0.007067382335662842
tests/parsers/test_ioos_get_observation.py::SweIoosTest::test_timeseries_single_station_single_sensor,tests.parsers.test_ioos_get_observation,test_timeseries_single_station_single_sensor,../../../../ifix/datavol/Repo/pyoos/tests/parsers/test_ioos_get_observation.py,,,passed,,0.005948938429355621
tests/parsers/test_ioos_get_observation.py::SweIoosTest::test_timeseries_multi_station_multi_sensor,tests.parsers.test_ioos_get_observation,test_timeseries_multi_station_multi_sensor,../../../../ifix/datavol/Repo/pyoos/tests/parsers/test_ioos_get_observation.py,,,passed,,0.01431749016046524
tests/parsers/test_ioos_get_observation.py::SweIoosTest::test_timeseries_profile_single_station,tests.parsers.test_ioos_get_observation,test_timeseries_profile_single_station,../../../../ifix/datavol/Repo/pyoos/tests/parsers/test_ioos_get_observation.py,,,passed,,0.019703052937984467
tests/collectors/test_nerrs.py::NerrTest::test_nerrs_feature_filter,tests.collectors.test_nerrs,test_nerrs_feature_filter,../../../../ifix/datavol/Repo/pyoos/tests/collectors/test_nerrs.py,,xfail,xfailed,,0.000642925500869751
tests/collectors/test_nerrs.py::NerrTest::test_list_nerrs_variables,tests.collectors.test_nerrs,test_list_nerrs_variables,../../../../ifix/datavol/Repo/pyoos/tests/collectors/test_nerrs.py,,xfail,xfailed,,0.000925116240978241
tests/collectors/test_nerrs.py::NerrTest::test_nerrs_bbox_filter,tests.collectors.test_nerrs,test_nerrs_bbox_filter,../../../../ifix/datavol/Repo/pyoos/tests/collectors/test_nerrs.py,,xfail,xfailed,,0.000958077609539032
tests/collectors/test_nerrs.py::NerrTest::test_nerrs_variable_filter,tests.collectors.test_nerrs,test_nerrs_variable_filter,../../../../ifix/datavol/Repo/pyoos/tests/collectors/test_nerrs.py,,xfail,xfailed,,0.0008245408535003662
tests/collectors/test_nerrs.py::NerrTest::test_nerrs_filter_chaining,tests.collectors.test_nerrs,test_nerrs_filter_chaining,../../../../ifix/datavol/Repo/pyoos/tests/collectors/test_nerrs.py,,xfail,xfailed,,0.00038156658411026
tests/collectors/test_nerrs.py::NerrTest::test_list_nerrs_features,tests.collectors.test_nerrs,test_list_nerrs_features,../../../../ifix/datavol/Repo/pyoos/tests/collectors/test_nerrs.py,,xfail,xfailed,,0.00037954747676849365
tests/collectors/test_nerrs.py::NerrTest::test_nerrs_time_filter,tests.collectors.test_nerrs,test_nerrs_time_filter,../../../../ifix/datavol/Repo/pyoos/tests/collectors/test_nerrs.py,,xfail,xfailed,,0.000429689884185791
tests/collectors/test_ioos_swe_sos.py::IoosSweSosTest::test_server_id,tests.collectors.test_ioos_swe_sos,test_server_id,../../../../ifix/datavol/Repo/pyoos/tests/collectors/test_ioos_swe_sos.py,,xfail,xpassed,,0.33014150708913803
tests/collectors/test_ioos_swe_sos.py::IoosSweSosTest::test_metdata,tests.collectors.test_ioos_swe_sos,test_metdata,../../../../ifix/datavol/Repo/pyoos/tests/collectors/test_ioos_swe_sos.py,,xfail,xfailed,,29.659333497285843
tests/collectors/test_ioos_swe_sos.py::IoosSweSosTest::test_metadata_plus_exceptions,tests.collectors.test_ioos_swe_sos,test_metadata_plus_exceptions,../../../../ifix/datavol/Repo/pyoos/tests/collectors/test_ioos_swe_sos.py,,xfail,xfailed,,11.996437966823578
tests/collectors/test_hads.py::HadsTest::test_feature_filter,tests.collectors.test_hads,test_feature_filter,../../../../ifix/datavol/Repo/pyoos/tests/collectors/test_hads.py,,,passed,,0.0016800761222839355
tests/collectors/test_hads.py::HadsTest::test_set_features_property_clears_cached_station_codes,tests.collectors.test_hads,test_set_features_property_clears_cached_station_codes,../../../../ifix/datavol/Repo/pyoos/tests/collectors/test_hads.py,,,passed,,0.00033260881900787354
tests/collectors/test_hads.py::HadsTest::test_set_bbox_property_clears_cached_station_codes,tests.collectors.test_hads,test_set_bbox_property_clears_cached_station_codes,../../../../ifix/datavol/Repo/pyoos/tests/collectors/test_hads.py,,,passed,,0.0003321841359138489
tests/collectors/test_hads.py::HadsTest::test_list_features,tests.collectors.test_hads,test_list_features,../../../../ifix/datavol/Repo/pyoos/tests/collectors/test_hads.py,,,passed,,0.00033120810985565186
tests/collectors/test_wqp.py::WqpTest::test_into_dsg,tests.collectors.test_wqp,test_into_dsg,../../../../ifix/datavol/Repo/pyoos/tests/collectors/test_wqp.py,,,passed,,2.813848055899143
tests/collectors/test_wqp.py::WqpTest::test_bad_wqp_site,tests.collectors.test_wqp,test_bad_wqp_site,../../../../ifix/datavol/Repo/pyoos/tests/collectors/test_wqp.py,,,passed,,5.897251613438129
tests/collectors/test_wqp.py::WqpTest::test_wqp_results_metadata,tests.collectors.test_wqp,test_wqp_results_metadata,../../../../ifix/datavol/Repo/pyoos/tests/collectors/test_wqp.py,,,passed,,2.3187797591090202
tests/collectors/test_wqp.py::WqpTest::test_wqp_sites_metadata,tests.collectors.test_wqp,test_wqp_sites_metadata,../../../../ifix/datavol/Repo/pyoos/tests/collectors/test_wqp.py,"<WQX xmlns=""http://qwwebservices.usgs.gov/schemas/WQX-Outbound/2_0/"" xmlns:xsi=""http://www.w3.org/2001/XMLSchema-instance"" xsi:schemaLocation=""http://qwwebservices.usgs.gov/schemas/WQX-Outbound/2_0/ http://qwwebservices.usgs.gov/schemas/WQX-Outbound/2_0/index.xsd"">  # noqa
            <Organization>
                <OrganizationDescription>
                    <OrganizationIdentifier>21IOWA</OrganizationIdentifier>
                    <OrganizationFormalName>Iowa Dept. of  Natural Resources</OrganizationFormalName>
                </OrganizationDescription>
                <MonitoringLocation>
                    <MonitoringLocationIdentity>
                        <MonitoringLocationIdentifier>21IOWA-10070005</MonitoringLocationIdentifier>
                        <MonitoringLocationName>Cedar River Upstream of Waterloo/Cedar Falls</MonitoringLocationName>
                        <MonitoringLocationTypeName>River/Stream</MonitoringLocationTypeName>
                        <MonitoringLocationDescriptionText>Below the dam of Old Highway 218 in Cedar Falls.¿Upstream City Site.</MonitoringLocationDescriptionText>
                        <HUCEightDigitCode>07080205</HUCEightDigitCode>
                    </MonitoringLocationIdentity>
                    <MonitoringLocationGeospatial>
                        <LatitudeMeasure>42.5392</LatitudeMeasure>
                        <LongitudeMeasure>-92.4495</LongitudeMeasure>
                        <SourceMapScaleNumeric>000</SourceMapScaleNumeric>
                        <HorizontalCollectionMethodName>Interpolation-Map</HorizontalCollectionMethodName>
                        <HorizontalCoordinateReferenceSystemDatumName>NAD27</HorizontalCoordinateReferenceSystemDatumName>
                        <VerticalMeasure>
                            <MeasureValue>854</MeasureValue>
                            <MeasureUnitCode>ft</MeasureUnitCode>
                        </VerticalMeasure>
                        <VerticalCollectionMethodName>Topographic Map Interpolation</VerticalCollectionMethodName>
                        <VerticalCoordinateReferenceSystemDatumName>NGVD29</VerticalCoordinateReferenceSystemDatumName>
                        <CountryCode>US</CountryCode>
                        <StateCode>19</StateCode>
                        <CountyCode>013</CountyCode>
                    </MonitoringLocationGeospatial>
                </MonitoringLocation>
            </Organization>
        </WQX>",,failed,"AssertionError: assert '42.5392000' == '42.5392'
  - 42.5392
  + 42.5392000
  ?        +++",0.20128300040960312
