riemann/tests/encoding/test_addresses.py::TestAddresses::test_from_output_script,Tue Oct 12 00:33:45 UTC 2021
riemann/tests/encoding/test_addresses.py::TestAddresses::test_make_p2pkh_address,Tue Oct 12 00:34:04 UTC 2021
riemann/tests/encoding/test_addresses.py::TestAddresses::test_make_p2sh_address,Tue Oct 12 00:34:09 UTC 2021
riemann/tests/encoding/test_addresses.py::TestAddresses::test_make_p2sh_address_msig,Tue Oct 12 00:34:13 UTC 2021
riemann/tests/encoding/test_addresses.py::TestAddresses::test_make_p2wpkh_address,Tue Oct 12 00:34:17 UTC 2021
riemann/tests/encoding/test_addresses.py::TestAddresses::test_make_p2wsh_address,Tue Oct 12 00:34:21 UTC 2021
riemann/tests/encoding/test_addresses.py::TestAddresses::test_parse,Tue Oct 12 00:34:25 UTC 2021
riemann/tests/encoding/test_addresses.py::TestAddresses::test_parse_hash,Tue Oct 12 00:34:29 UTC 2021
riemann/tests/encoding/test_addresses.py::TestAddresses::test_to_output_script,Tue Oct 12 00:34:34 UTC 2021
riemann/tests/test_simple.py::TestSimple::test_output,Tue Oct 12 00:34:39 UTC 2021
riemann/tests/test_simple.py::TestSimple::test_unsigned_legacy_tx,Tue Oct 12 00:34:43 UTC 2021
riemann/tests/test_simple.py::TestSimple::test_unsigned_witness_tx,Tue Oct 12 00:34:50 UTC 2021
riemann/tests/tx/test_tx_builder.py::TestTxBuilder::test_make_p2wpkh_output,Tue Oct 12 00:34:55 UTC 2021
riemann/tests/tx/test_tx_builder.py::TestTxBuilder::test_make_p2wpkh_output_script,Tue Oct 12 00:35:02 UTC 2021
riemann/tests/tx/test_tx_builder.py::TestTxBuilder::test_make_p2wsh_output,Tue Oct 12 00:35:20 UTC 2021
riemann/tests/tx/test_tx_builder.py::TestTxBuilder::test_make_p2wsh_output_script,Tue Oct 12 00:35:24 UTC 2021
riemann/tests/tx/test_tx_builder.py::TestTxBuilder::test_make_pkh_output_script,Tue Oct 12 00:35:28 UTC 2021
riemann/tests/tx/test_tx_builder.py::TestTxBuilder::test_make_sh_output_script,Tue Oct 12 00:35:32 UTC 2021
