riemann/tests/encoding/test_addresses.py::TestAddresses::test_from_output_script,d83eefe45f0935f3dfc87f34cf128bdd
riemann/tests/encoding/test_addresses.py::TestAddresses::test_make_p2pkh_address,8a5976ea058ba8ad918633068f724868
riemann/tests/encoding/test_addresses.py::TestAddresses::test_make_p2sh_address,200be8f704ea00d26e63c484d0577b6d
riemann/tests/encoding/test_addresses.py::TestAddresses::test_make_p2sh_address_msig,c54e7cb97f57d6cd9569aa8bc8d37ea1
riemann/tests/encoding/test_addresses.py::TestAddresses::test_make_p2wpkh_address,949f8e1451ad3d96fdcf1774c1e7c95e
riemann/tests/encoding/test_addresses.py::TestAddresses::test_make_p2wsh_address,fd24cdf72505713ce75f4500b707f38d
riemann/tests/encoding/test_addresses.py::TestAddresses::test_parse,4fbdc05ec7bf26842bdc0210d99de169
riemann/tests/encoding/test_addresses.py::TestAddresses::test_parse_hash,6c04f7465e48fbc1e239cad728c42f4e
riemann/tests/encoding/test_addresses.py::TestAddresses::test_to_output_script,1d92e93e2905f28862049c7d699bd522
riemann/tests/test_simple.py::TestSimple::test_output,ba653d7185fb8a680cdab9d2198d8cf3
riemann/tests/test_simple.py::TestSimple::test_unsigned_legacy_tx,7710e10d394c0bbec82634b013231df5
riemann/tests/test_simple.py::TestSimple::test_unsigned_witness_tx,0e2cb52f26563bbb1c9e337cb5a609b8
riemann/tests/tx/test_tx_builder.py::TestTxBuilder::test_make_p2wpkh_output,62d13206a7e785c2898bed9646dc7585
riemann/tests/tx/test_tx_builder.py::TestTxBuilder::test_make_p2wpkh_output_script,d7f672cf8e83f0f8fd37aa7b42f6abbd
riemann/tests/tx/test_tx_builder.py::TestTxBuilder::test_make_p2wsh_output,cd3fbb4a67559b25fe877b95e4227619
riemann/tests/tx/test_tx_builder.py::TestTxBuilder::test_make_p2wsh_output_script,e483e41fc42df938cee15011caadb410
riemann/tests/tx/test_tx_builder.py::TestTxBuilder::test_make_pkh_output_script,a6d13569643ede0ca8d263be1a3be26b
riemann/tests/tx/test_tx_builder.py::TestTxBuilder::test_make_sh_output_script,a9be0574fef896b355975e75f56b7609
