id,module,name,file,doc,markers,status,message,duration
elemental/client_test.py::test_send_request_should_raise_InvalidResponse_on_invalid_status_code,elemental.client_test,test_send_request_should_raise_InvalidResponse_on_invalid_status_code,elemental/client_test.py,,,passed,,0.0018613934516906738
elemental/client_test.py::test_create_event_should_call_send_request_as_expect_and_return_event_id,elemental.client_test,test_create_event_should_call_send_request_as_expect_and_return_event_id,elemental/client_test.py,,,passed,,0.02813473343849182
elemental/client_test.py::test_generate_header_with_authentication_should_contain_user,elemental.client_test,test_generate_header_with_authentication_should_contain_user,elemental/client_test.py,,,passed,,0.00047969818115234375
elemental/client_test.py::test_stop_event_should_call_send_request_as_expect,elemental.client_test,test_stop_event_should_call_send_request_as_expect,elemental/client_test.py,,,passed,,0.0010939985513687134
elemental/client_test.py::test_find_devices_in_use_will_call_send_request_as_expect,elemental.client_test,test_find_devices_in_use_will_call_send_request_as_expect,elemental/client_test.py,,,passed,,0.0014803186058998108
elemental/client_test.py::test_get_preview_will_parse_response_json_as_expect,elemental.client_test,test_get_preview_will_parse_response_json_as_expect,elemental/client_test.py,,,passed,,0.0020311251282691956
elemental/client_test.py::test_get_input_devices_will_get_right_devices_info,elemental.client_test,test_get_input_devices_will_get_right_devices_info,elemental/client_test.py,,,passed,,0.001863427460193634
elemental/client_test.py::test_genterate_header_without_authentication_should_not_contain_user,elemental.client_test,test_genterate_header_without_authentication_should_not_contain_user,elemental/client_test.py,,,passed,,0.0002811327576637268
elemental/client_test.py::test_ElementalLive_should_receive_server_ip,elemental.client_test,test_ElementalLive_should_receive_server_ip,elemental/client_test.py,,,passed,,0.00027379393577575684
elemental/client_test.py::test_get_input_devices_will_call_send_request_as_expect,elemental.client_test,test_get_input_devices_will_call_send_request_as_expect,elemental/client_test.py,,,passed,,0.0018044114112854004
elemental/client_test.py::test_send_request_should_return_response_on_correct_status_code,elemental.client_test,test_send_request_should_return_response_on_correct_status_code,elemental/client_test.py,,,passed,,0.0012994185090065002
elemental/client_test.py::test_start_event_should_call_send_request_as_expect,elemental.client_test,test_start_event_should_call_send_request_as_expect,elemental/client_test.py,,,passed,,0.0012162327766418457
elemental/client_test.py::test_get_input_device_by_id_will_get_right_devices_info,elemental.client_test,test_get_input_device_by_id_will_get_right_devices_info,elemental/client_test.py,,,passed,,0.0015811100602149963
elemental/client_test.py::test_get_preview_will_raise_ElementalException_if_preview_unavaliable,elemental.client_test,test_get_preview_will_raise_ElementalException_if_preview_unavaliable,elemental/client_test.py,,,passed,,0.0011578351259231567
elemental/client_test.py::test_find_devices_in_use_will_return_in_used_devices,elemental.client_test,test_find_devices_in_use_will_return_in_used_devices,elemental/client_test.py,,,passed,,0.0013986006379127502
elemental/client_test.py::test_send_request_should_call_request_as_expected,elemental.client_test,test_send_request_should_call_request_as_expected,elemental/client_test.py,,,failed,"AssertionError: assert '*/*' == 'application/xml'
  - application/xml
  + */*",0.001633770763874054
elemental/client_test.py::test_describe_event_will_return_event_info_as_expect,elemental.client_test,test_describe_event_will_return_event_info_as_expect,elemental/client_test.py,,,passed,,0.010341495275497437
elemental/client_test.py::test_send_request_should_raise_InvalidRequest_on_RequestException,elemental.client_test,test_send_request_should_raise_InvalidRequest_on_RequestException,elemental/client_test.py,,,passed,,0.001058034598827362
elemental/client_test.py::test_describe_event_will_call_send_request_as_expect,elemental.client_test,test_describe_event_will_call_send_request_as_expect,elemental/client_test.py,,,passed,,0.00853024423122406
elemental/client_test.py::test_event_can_delete_will_raise_exception_if_pending,elemental.client_test,test_event_can_delete_will_raise_exception_if_pending,elemental/client_test.py,,,passed,,0.000596560537815094
elemental/client_test.py::test_get_input_device_by_id_will_call_send_request_as_expect,elemental.client_test,test_get_input_device_by_id_will_call_send_request_as_expect,elemental/client_test.py,,,passed,,0.001597583293914795
elemental/client_test.py::test_delete_event_should_call_send_request_as_expect,elemental.client_test,test_delete_event_should_call_send_request_as_expect,elemental/client_test.py,,,passed,,0.0012013539671897888
