id,module,name,file,doc,markers,status,message,duration
elemental/client_test.py::test_send_request_should_call_request_as_expected,elemental.client_test,test_send_request_should_call_request_as_expected,elemental/client_test.py,,,passed,,0.0015608593821525574
elemental/client_test.py::test_find_devices_in_use_will_return_in_used_devices,elemental.client_test,test_find_devices_in_use_will_return_in_used_devices,elemental/client_test.py,,,passed,,0.002049356698989868
elemental/client_test.py::test_ElementalLive_should_receive_server_ip,elemental.client_test,test_ElementalLive_should_receive_server_ip,elemental/client_test.py,,,passed,,0.00027911365032196045
elemental/client_test.py::test_delete_event_should_call_send_request_as_expect,elemental.client_test,test_delete_event_should_call_send_request_as_expect,elemental/client_test.py,,,passed,,0.0010972097516059875
elemental/client_test.py::test_get_input_device_by_id_will_call_send_request_as_expect,elemental.client_test,test_get_input_device_by_id_will_call_send_request_as_expect,elemental/client_test.py,,,passed,,0.0017573311924934387
elemental/client_test.py::test_get_preview_will_raise_ElementalException_if_preview_unavaliable,elemental.client_test,test_get_preview_will_raise_ElementalException_if_preview_unavaliable,elemental/client_test.py,,,passed,,0.0015197843313217163
elemental/client_test.py::test_stop_event_should_call_send_request_as_expect,elemental.client_test,test_stop_event_should_call_send_request_as_expect,elemental/client_test.py,,,passed,,0.004173651337623596
elemental/client_test.py::test_get_input_devices_will_call_send_request_as_expect,elemental.client_test,test_get_input_devices_will_call_send_request_as_expect,elemental/client_test.py,,,passed,,0.003838181495666504
elemental/client_test.py::test_event_can_delete_will_raise_exception_if_pending,elemental.client_test,test_event_can_delete_will_raise_exception_if_pending,elemental/client_test.py,,,passed,,0.0007562264800071716
elemental/client_test.py::test_describe_event_will_return_event_info_as_expect,elemental.client_test,test_describe_event_will_return_event_info_as_expect,elemental/client_test.py,,,passed,,0.11429060250520706
elemental/client_test.py::test_send_request_should_raise_InvalidRequest_on_RequestException,elemental.client_test,test_send_request_should_raise_InvalidRequest_on_RequestException,elemental/client_test.py,,,passed,,0.0010361596941947937
elemental/client_test.py::test_send_request_should_return_response_on_correct_status_code,elemental.client_test,test_send_request_should_return_response_on_correct_status_code,elemental/client_test.py,,,passed,,0.001787431538105011
elemental/client_test.py::test_describe_event_will_call_send_request_as_expect,elemental.client_test,test_describe_event_will_call_send_request_as_expect,elemental/client_test.py,,,passed,,0.008894562721252441
elemental/client_test.py::test_generate_header_with_authentication_should_contain_user,elemental.client_test,test_generate_header_with_authentication_should_contain_user,elemental/client_test.py,,,passed,,0.00038401782512664795
elemental/client_test.py::test_get_input_devices_will_get_right_devices_info,elemental.client_test,test_get_input_devices_will_get_right_devices_info,elemental/client_test.py,,,passed,,0.0018574893474578857
elemental/client_test.py::test_get_preview_will_parse_response_json_as_expect,elemental.client_test,test_get_preview_will_parse_response_json_as_expect,elemental/client_test.py,,,passed,,0.0022147521376609802
elemental/client_test.py::test_create_event_should_call_send_request_as_expect_and_return_event_id,elemental.client_test,test_create_event_should_call_send_request_as_expect_and_return_event_id,elemental/client_test.py,,,passed,,0.026821687817573547
elemental/client_test.py::test_send_request_should_raise_InvalidResponse_on_invalid_status_code,elemental.client_test,test_send_request_should_raise_InvalidResponse_on_invalid_status_code,elemental/client_test.py,,,passed,,0.0012875497341156006
elemental/client_test.py::test_genterate_header_without_authentication_should_not_contain_user,elemental.client_test,test_genterate_header_without_authentication_should_not_contain_user,elemental/client_test.py,,,passed,,0.00037122517824172974
elemental/client_test.py::test_find_devices_in_use_will_call_send_request_as_expect,elemental.client_test,test_find_devices_in_use_will_call_send_request_as_expect,elemental/client_test.py,,,passed,,0.0013988092541694641
elemental/client_test.py::test_get_input_device_by_id_will_get_right_devices_info,elemental.client_test,test_get_input_device_by_id_will_get_right_devices_info,elemental/client_test.py,,,passed,,0.0015352293848991394
elemental/client_test.py::test_start_event_should_call_send_request_as_expect,elemental.client_test,test_start_event_should_call_send_request_as_expect,elemental/client_test.py,,,passed,,0.0011005699634552002
