id,module,name,file,doc,markers,status,message,duration
elemental/client_test.py::test_send_request_should_raise_InvalidRequest_on_RequestException,elemental.client_test,test_send_request_should_raise_InvalidRequest_on_RequestException,elemental/client_test.py,,,passed,,0.0011726394295692444
elemental/client_test.py::test_get_input_device_by_id_will_get_right_devices_info,elemental.client_test,test_get_input_device_by_id_will_get_right_devices_info,elemental/client_test.py,,,passed,,0.0019841939210891724
elemental/client_test.py::test_get_preview_will_raise_ElementalException_if_preview_unavaliable,elemental.client_test,test_get_preview_will_raise_ElementalException_if_preview_unavaliable,elemental/client_test.py,,,passed,,0.0012415200471878052
elemental/client_test.py::test_genterate_header_without_authentication_should_not_contain_user,elemental.client_test,test_genterate_header_without_authentication_should_not_contain_user,elemental/client_test.py,,,passed,,0.00028427690267562866
elemental/client_test.py::test_find_devices_in_use_will_return_in_used_devices,elemental.client_test,test_find_devices_in_use_will_return_in_used_devices,elemental/client_test.py,,,passed,,0.0018672645092010498
elemental/client_test.py::test_get_input_device_by_id_will_call_send_request_as_expect,elemental.client_test,test_get_input_device_by_id_will_call_send_request_as_expect,elemental/client_test.py,,,passed,,0.0016160309314727783
elemental/client_test.py::test_event_can_delete_will_raise_exception_if_pending,elemental.client_test,test_event_can_delete_will_raise_exception_if_pending,elemental/client_test.py,,,passed,,0.0005494728684425354
elemental/client_test.py::test_get_preview_will_parse_response_json_as_expect,elemental.client_test,test_get_preview_will_parse_response_json_as_expect,elemental/client_test.py,,,passed,,0.0025775954127311707
elemental/client_test.py::test_describe_event_will_return_event_info_as_expect,elemental.client_test,test_describe_event_will_return_event_info_as_expect,elemental/client_test.py,,,passed,,0.08539405465126038
elemental/client_test.py::test_find_devices_in_use_will_call_send_request_as_expect,elemental.client_test,test_find_devices_in_use_will_call_send_request_as_expect,elemental/client_test.py,,,passed,,0.0027114972472190857
elemental/client_test.py::test_ElementalLive_should_receive_server_ip,elemental.client_test,test_ElementalLive_should_receive_server_ip,elemental/client_test.py,,,passed,,0.00036634504795074463
elemental/client_test.py::test_send_request_should_raise_InvalidResponse_on_invalid_status_code,elemental.client_test,test_send_request_should_raise_InvalidResponse_on_invalid_status_code,elemental/client_test.py,,,passed,,0.0020089074969291687
elemental/client_test.py::test_send_request_should_call_request_as_expected,elemental.client_test,test_send_request_should_call_request_as_expected,elemental/client_test.py,,,failed,"AssertionError: assert '*/*' == 'application/xml'
  - application/xml
  + */*",0.0018054544925689697
elemental/client_test.py::test_get_input_devices_will_get_right_devices_info,elemental.client_test,test_get_input_devices_will_get_right_devices_info,elemental/client_test.py,,,passed,,0.0019245445728302002
elemental/client_test.py::test_delete_event_should_call_send_request_as_expect,elemental.client_test,test_delete_event_should_call_send_request_as_expect,elemental/client_test.py,,,passed,,0.0010381266474723816
elemental/client_test.py::test_describe_event_will_call_send_request_as_expect,elemental.client_test,test_describe_event_will_call_send_request_as_expect,elemental/client_test.py,,,passed,,0.008860759437084198
elemental/client_test.py::test_send_request_should_return_response_on_correct_status_code,elemental.client_test,test_send_request_should_return_response_on_correct_status_code,elemental/client_test.py,,,passed,,0.0016918107867240906
elemental/client_test.py::test_get_input_devices_will_call_send_request_as_expect,elemental.client_test,test_get_input_devices_will_call_send_request_as_expect,elemental/client_test.py,,,passed,,0.0017601251602172852
elemental/client_test.py::test_generate_header_with_authentication_should_contain_user,elemental.client_test,test_generate_header_with_authentication_should_contain_user,elemental/client_test.py,,,passed,,0.0004225000739097595
elemental/client_test.py::test_create_event_should_call_send_request_as_expect_and_return_event_id,elemental.client_test,test_create_event_should_call_send_request_as_expect_and_return_event_id,elemental/client_test.py,,,passed,,0.026178479194641113
elemental/client_test.py::test_start_event_should_call_send_request_as_expect,elemental.client_test,test_start_event_should_call_send_request_as_expect,elemental/client_test.py,,,passed,,0.001066066324710846
elemental/client_test.py::test_stop_event_should_call_send_request_as_expect,elemental.client_test,test_stop_event_should_call_send_request_as_expect,elemental/client_test.py,,,passed,,0.0010227560997009277
