id,module,name,file,doc,markers,status,message,duration
elemental/client_test.py::test_describe_event_will_return_event_info_as_expect,elemental.client_test,test_describe_event_will_return_event_info_as_expect,elemental/client_test.py,,,passed,,0.10803469270467758
elemental/client_test.py::test_delete_event_should_call_send_request_as_expect,elemental.client_test,test_delete_event_should_call_send_request_as_expect,elemental/client_test.py,,,passed,,0.0018586069345474243
elemental/client_test.py::test_find_devices_in_use_will_call_send_request_as_expect,elemental.client_test,test_find_devices_in_use_will_call_send_request_as_expect,elemental/client_test.py,,,passed,,0.0020173639059066772
elemental/client_test.py::test_event_can_delete_will_raise_exception_if_pending,elemental.client_test,test_event_can_delete_will_raise_exception_if_pending,elemental/client_test.py,,,passed,,0.0009371191263198853
elemental/client_test.py::test_genterate_header_without_authentication_should_not_contain_user,elemental.client_test,test_genterate_header_without_authentication_should_not_contain_user,elemental/client_test.py,,,passed,,0.00028552860021591187
elemental/client_test.py::test_stop_event_should_call_send_request_as_expect,elemental.client_test,test_stop_event_should_call_send_request_as_expect,elemental/client_test.py,,,passed,,0.0016967728734016418
elemental/client_test.py::test_find_devices_in_use_will_return_in_used_devices,elemental.client_test,test_find_devices_in_use_will_return_in_used_devices,elemental/client_test.py,,,passed,,0.0020397156476974487
elemental/client_test.py::test_get_preview_will_parse_response_json_as_expect,elemental.client_test,test_get_preview_will_parse_response_json_as_expect,elemental/client_test.py,,,passed,,0.003064848482608795
elemental/client_test.py::test_get_input_device_by_id_will_call_send_request_as_expect,elemental.client_test,test_get_input_device_by_id_will_call_send_request_as_expect,elemental/client_test.py,,,passed,,0.0020555108785629272
elemental/client_test.py::test_send_request_should_raise_InvalidResponse_on_invalid_status_code,elemental.client_test,test_send_request_should_raise_InvalidResponse_on_invalid_status_code,elemental/client_test.py,,,passed,,0.0019044950604438782
elemental/client_test.py::test_send_request_should_return_response_on_correct_status_code,elemental.client_test,test_send_request_should_return_response_on_correct_status_code,elemental/client_test.py,,,passed,,0.0019667893648147583
elemental/client_test.py::test_ElementalLive_should_receive_server_ip,elemental.client_test,test_ElementalLive_should_receive_server_ip,elemental/client_test.py,,,passed,,0.00032101571559906006
elemental/client_test.py::test_generate_header_with_authentication_should_contain_user,elemental.client_test,test_generate_header_with_authentication_should_contain_user,elemental/client_test.py,,,passed,,0.0005186125636100769
elemental/client_test.py::test_get_input_devices_will_get_right_devices_info,elemental.client_test,test_get_input_devices_will_get_right_devices_info,elemental/client_test.py,,,passed,,0.0018579065799713135
elemental/client_test.py::test_create_event_should_call_send_request_as_expect_and_return_event_id,elemental.client_test,test_create_event_should_call_send_request_as_expect_and_return_event_id,elemental/client_test.py,,,passed,,0.03498426079750061
elemental/client_test.py::test_get_input_devices_will_call_send_request_as_expect,elemental.client_test,test_get_input_devices_will_call_send_request_as_expect,elemental/client_test.py,,,passed,,0.0021551623940467834
elemental/client_test.py::test_start_event_should_call_send_request_as_expect,elemental.client_test,test_start_event_should_call_send_request_as_expect,elemental/client_test.py,,,passed,,0.001319393515586853
elemental/client_test.py::test_send_request_should_call_request_as_expected,elemental.client_test,test_send_request_should_call_request_as_expected,elemental/client_test.py,,,failed,"AssertionError: assert '*/*' == 'application/xml'
  - application/xml
  + */*",0.0021902993321418762
elemental/client_test.py::test_send_request_should_raise_InvalidRequest_on_RequestException,elemental.client_test,test_send_request_should_raise_InvalidRequest_on_RequestException,elemental/client_test.py,,,passed,,0.0015386417508125305
elemental/client_test.py::test_get_input_device_by_id_will_get_right_devices_info,elemental.client_test,test_get_input_device_by_id_will_get_right_devices_info,elemental/client_test.py,,,passed,,0.0020828023552894592
elemental/client_test.py::test_describe_event_will_call_send_request_as_expect,elemental.client_test,test_describe_event_will_call_send_request_as_expect,elemental/client_test.py,,,passed,,0.010455630719661713
elemental/client_test.py::test_get_preview_will_raise_ElementalException_if_preview_unavaliable,elemental.client_test,test_get_preview_will_raise_ElementalException_if_preview_unavaliable,elemental/client_test.py,,,passed,,0.001560501754283905
