id,module,name,file,doc,markers,status,message,duration
elemental/client_test.py::test_find_devices_in_use_will_return_in_used_devices,elemental.client_test,test_find_devices_in_use_will_return_in_used_devices,elemental/client_test.py,,,passed,,0.0022055283188819885
elemental/client_test.py::test_send_request_should_raise_InvalidResponse_on_invalid_status_code,elemental.client_test,test_send_request_should_raise_InvalidResponse_on_invalid_status_code,elemental/client_test.py,,,passed,,0.0014309361577033997
elemental/client_test.py::test_ElementalLive_should_receive_server_ip,elemental.client_test,test_ElementalLive_should_receive_server_ip,elemental/client_test.py,,,passed,,0.00028721243143081665
elemental/client_test.py::test_get_input_devices_will_get_right_devices_info,elemental.client_test,test_get_input_devices_will_get_right_devices_info,elemental/client_test.py,,,passed,,0.0019373968243598938
elemental/client_test.py::test_send_request_should_raise_InvalidRequest_on_RequestException,elemental.client_test,test_send_request_should_raise_InvalidRequest_on_RequestException,elemental/client_test.py,,,passed,,0.0007933154702186584
elemental/client_test.py::test_start_event_should_call_send_request_as_expect,elemental.client_test,test_start_event_should_call_send_request_as_expect,elemental/client_test.py,,,passed,,0.001265197992324829
elemental/client_test.py::test_describe_event_will_call_send_request_as_expect,elemental.client_test,test_describe_event_will_call_send_request_as_expect,elemental/client_test.py,,,passed,,0.09475358575582504
elemental/client_test.py::test_send_request_should_call_request_as_expected,elemental.client_test,test_send_request_should_call_request_as_expected,elemental/client_test.py,,,passed,,0.0013688504695892334
elemental/client_test.py::test_generate_header_with_authentication_should_contain_user,elemental.client_test,test_generate_header_with_authentication_should_contain_user,elemental/client_test.py,,,passed,,0.0003740265965461731
elemental/client_test.py::test_get_input_device_by_id_will_call_send_request_as_expect,elemental.client_test,test_get_input_device_by_id_will_call_send_request_as_expect,elemental/client_test.py,,,passed,,0.0019839107990264893
elemental/client_test.py::test_find_devices_in_use_will_call_send_request_as_expect,elemental.client_test,test_find_devices_in_use_will_call_send_request_as_expect,elemental/client_test.py,,,passed,,0.0014935210347175598
elemental/client_test.py::test_delete_event_should_call_send_request_as_expect,elemental.client_test,test_delete_event_should_call_send_request_as_expect,elemental/client_test.py,,,passed,,0.0010511130094528198
elemental/client_test.py::test_get_preview_will_raise_ElementalException_if_preview_unavaliable,elemental.client_test,test_get_preview_will_raise_ElementalException_if_preview_unavaliable,elemental/client_test.py,,,passed,,0.0014056563377380371
elemental/client_test.py::test_genterate_header_without_authentication_should_not_contain_user,elemental.client_test,test_genterate_header_without_authentication_should_not_contain_user,elemental/client_test.py,,,passed,,0.0003247186541557312
elemental/client_test.py::test_get_input_devices_will_call_send_request_as_expect,elemental.client_test,test_get_input_devices_will_call_send_request_as_expect,elemental/client_test.py,,,passed,,0.0020191818475723267
elemental/client_test.py::test_send_request_should_return_response_on_correct_status_code,elemental.client_test,test_send_request_should_return_response_on_correct_status_code,elemental/client_test.py,,,passed,,0.0014432966709136963
elemental/client_test.py::test_describe_event_will_return_event_info_as_expect,elemental.client_test,test_describe_event_will_return_event_info_as_expect,elemental/client_test.py,,,passed,,0.008776798844337463
elemental/client_test.py::test_get_input_device_by_id_will_get_right_devices_info,elemental.client_test,test_get_input_device_by_id_will_get_right_devices_info,elemental/client_test.py,,,passed,,0.0015671327710151672
elemental/client_test.py::test_stop_event_should_call_send_request_as_expect,elemental.client_test,test_stop_event_should_call_send_request_as_expect,elemental/client_test.py,,,passed,,0.0010266005992889404
elemental/client_test.py::test_get_preview_will_parse_response_json_as_expect,elemental.client_test,test_get_preview_will_parse_response_json_as_expect,elemental/client_test.py,,,passed,,0.0020712167024612427
elemental/client_test.py::test_event_can_delete_will_raise_exception_if_pending,elemental.client_test,test_event_can_delete_will_raise_exception_if_pending,elemental/client_test.py,,,passed,,0.0005260780453681946
elemental/client_test.py::test_create_event_should_call_send_request_as_expect_and_return_event_id,elemental.client_test,test_create_event_should_call_send_request_as_expect_and_return_event_id,elemental/client_test.py,,,passed,,0.026991426944732666
