id,module,name,file,doc,markers,status,message,duration
butter/mas/tests/api_test.py::TestTcpClientApiMethods::testGetMotorRegister,butter.mas.tests.api_test,testGetMotorRegister,butter/mas/tests/clients/client_test.py,,,passed,,0.001988030970096588
butter/mas/tests/clients/client_udp_test.py::TestUdpClientApiMethods::testStopAudio,butter.mas.tests.clients.client_udp_test,testStopAudio,butter/mas/tests/clients/client_test.py,,,failed,AttributeError: 'TestUdpClientApiMethods' object has no attribute 'client',0.0005035921931266785
butter/mas/tests/clients/client_tcp_test.py::TestTcpClientApiMethods::testResumeAnimation,butter.mas.tests.clients.client_tcp_test,testResumeAnimation,butter/mas/tests/clients/client_test.py,,,passed,,0.0008160099387168884
butter/mas/tests/packets/packet_builder_test.py::TestPacketBuilderMethods::testBuild,butter.mas.tests.packets.packet_builder_test,testBuild,butter/mas/tests/packets/packet_builder_test.py,,,passed,,0.00036571919918060303
butter/mas/tests/api_test.py::TestPacketBuilderMethods::testAddArgument,butter.mas.tests.api_test,testAddArgument,butter/mas/tests/packets/packet_builder_test.py,,,passed,,0.00033707916736602783
butter/mas/tests/clients/client_udp_test.py::TestClientApiMethods::testPlayAnimation,butter.mas.tests.clients.client_udp_test,testPlayAnimation,butter/mas/tests/clients/client_test.py,,,failed,AttributeError: 'TestClientApiMethods' object has no attribute 'client',0.0003631412982940674
butter/mas/tests/clients/client_tcp_test.py::TestClientApiMethods::testGetAvailableSounds,butter.mas.tests.clients.client_tcp_test,testGetAvailableSounds,butter/mas/tests/clients/client_test.py,,,failed,AttributeError: 'TestClientApiMethods' object has no attribute 'client',0.0003660619258880615
butter/mas/tests/utils/version_validations_test.py::TestVersionValidationsMethods::testCheckForUpdates,butter.mas.tests.utils.version_validations_test,testCheckForUpdates,butter/mas/tests/utils/version_validations_test.py,,,failed,AssertionError: True is not false,0.04740922898054123
butter/mas/tests/api_test.py::TestHttpClientApiMethods::testPauseAnimation,butter.mas.tests.api_test,testPauseAnimation,butter/mas/tests/clients/client_test.py,,,passed,,0.004727117717266083
butter/mas/tests/clients/client_http_test.py::TestClientApiMethods::testPlayAudio,butter.mas.tests.clients.client_http_test,testPlayAudio,butter/mas/tests/clients/client_test.py,,,failed,AttributeError: 'NoneType' object has no attribute 'playAudio',0.00038073211908340454
butter/mas/tests/api_test.py::TestUdpClientApiMethods::testGetMotorRegisterRange,butter.mas.tests.api_test,testGetMotorRegisterRange,butter/mas/tests/clients/client_test.py,,,passed,,5.007722295820713
butter/mas/tests/clients/client_test.py::TestClientApiMethods::testGetAvailableMotorRegisters,butter.mas.tests.clients.client_test,testGetAvailableMotorRegisters,butter/mas/tests/clients/client_test.py,,,failed,AttributeError: 'NoneType' object has no attribute 'getAvailableMotorRegisters',0.0005401968955993652
butter/mas/tests/utils/version_validations_test.py::TestVersionValidationsMethods::testGetLatestAppVersion,butter.mas.tests.utils.version_validations_test,testGetLatestAppVersion,butter/mas/tests/utils/version_validations_test.py,,,passed,,0.03955530375242233
butter/mas/tests/clients/client_tcp_test.py::TestTcpClientApiMethods::testMoveMotorInDirection,butter.mas.tests.clients.client_tcp_test,testMoveMotorInDirection,butter/mas/tests/clients/client_test.py,,,passed,,0.0009389445185661316
butter/mas/tests/clients/client_http_test.py::TestHttpClientApiMethods::testMoveMotorInDirection,butter.mas.tests.clients.client_http_test,testMoveMotorInDirection,butter/mas/tests/clients/client_test.py,,,passed,,0.0034916847944259644
butter/mas/tests/api_test.py::TestTcpClientApiMethods::testPauseAudio,butter.mas.tests.api_test,testPauseAudio,butter/mas/tests/clients/client_test.py,,,passed,,0.000659555196762085
butter/mas/tests/api_test.py::TestTcpClientApiMethods::testMoveMotorToPosition,butter.mas.tests.api_test,testMoveMotorToPosition,butter/mas/tests/clients/client_test.py,,,passed,,0.0006167441606521606
butter/mas/tests/api_test.py::TestPacketBuilderMethods::testBuild,butter.mas.tests.api_test,testBuild,butter/mas/tests/packets/packet_builder_test.py,,,passed,,0.00036431849002838135
butter/mas/tests/packets/packet_udp_test.py::TestUdpPacketMethods::testSend,butter.mas.tests.packets.packet_udp_test,testSend,butter/mas/tests/packets/packet_udp_test.py,,,passed,,5.00742893666029
butter/mas/tests/clients/client_udp_test.py::TestUdpClientApiMethods::testMoveMotorInTime,butter.mas.tests.clients.client_udp_test,testMoveMotorInTime,butter/mas/tests/clients/client_test.py,,,passed,,5.007460221648216
butter/mas/tests/api_test.py::TestTcpClientApiMethods::testGetAvailableHandlers,butter.mas.tests.api_test,testGetAvailableHandlers,butter/mas/tests/clients/client_test.py,,,passed,,0.0011831969022750854
butter/mas/tests/clients/client_test.py::TestClientApiMethods::testPlayAnimation,butter.mas.tests.clients.client_test,testPlayAnimation,butter/mas/tests/clients/client_test.py,,,failed,AttributeError: 'NoneType' object has no attribute 'playAnimation',0.0004859939217567444
butter/mas/tests/api_test.py::TestTcpClientApiMethods::testResumeAudio,butter.mas.tests.api_test,testResumeAudio,butter/mas/tests/clients/client_test.py,,,passed,,0.0007009729743003845
butter/mas/tests/packets/packet_builder_test.py::TestPacketBuilderMethods::testAddArgument,butter.mas.tests.packets.packet_builder_test,testAddArgument,butter/mas/tests/packets/packet_builder_test.py,,,passed,,0.00039574503898620605
butter/mas/tests/api_test.py::TestTcpClientApiMethods::testGetAvailableSounds,butter.mas.tests.api_test,testGetAvailableSounds,butter/mas/tests/clients/client_test.py,,,passed,,0.0006387382745742798
butter/mas/tests/clients/client_tcp_test.py::TestClientApiMethods::testStopAudio,butter.mas.tests.clients.client_tcp_test,testStopAudio,butter/mas/tests/clients/client_test.py,,,failed,AttributeError: 'NoneType' object has no attribute 'stopAudio',0.00039533525705337524
butter/mas/tests/clients/client_http_test.py::TestClientApiMethods::testGetAvailableHandlers,butter.mas.tests.clients.client_http_test,testGetAvailableHandlers,butter/mas/tests/clients/client_test.py,,,failed,AttributeError: 'NoneType' object has no attribute 'getAvailableHandlers',0.000365428626537323
butter/mas/tests/clients/client_tcp_test.py::TestTcpClientApiMethods::testGetAvailableMotorRegisters,butter.mas.tests.clients.client_tcp_test,testGetAvailableMotorRegisters,butter/mas/tests/clients/client_test.py,,,passed,,0.0006849765777587891
butter/mas/tests/api_test.py::TestHttpClientApiMethods::testMoveMotorInDirection,butter.mas.tests.api_test,testMoveMotorInDirection,butter/mas/tests/clients/client_test.py,,,passed,,0.004150398075580597
butter/mas/tests/clients/client_http_test.py::TestHttpClientApiMethods::testGetAvailableHandlers,butter.mas.tests.clients.client_http_test,testGetAvailableHandlers,butter/mas/tests/clients/client_test.py,,,passed,,0.0029158741235733032
butter/mas/tests/clients/client_http_test.py::TestHttpClientApiMethods::testGetMotorRegister,butter.mas.tests.clients.client_http_test,testGetMotorRegister,butter/mas/tests/clients/client_test.py,,,passed,,0.0032108351588249207
butter/mas/tests/clients/client_http_test.py::TestClientApiMethods::testGetMotorRegisterRange,butter.mas.tests.clients.client_http_test,testGetMotorRegisterRange,butter/mas/tests/clients/client_test.py,,,failed,AttributeError: 'NoneType' object has no attribute 'getMotorRegisterRange',0.00040161609649658203
butter/mas/tests/api_test.py::TestUdpClientApiMethods::testPauseAudio,butter.mas.tests.api_test,testPauseAudio,butter/mas/tests/clients/client_test.py,,,passed,,5.004471153020859
butter/mas/tests/clients/client_udp_test.py::TestClientApiMethods::testSetMotorRegister,butter.mas.tests.clients.client_udp_test,testSetMotorRegister,butter/mas/tests/clients/client_test.py,,,failed,AttributeError: 'NoneType' object has no attribute 'setMotorRegister',0.0006349757313728333
butter/mas/tests/clients/client_tcp_test.py::TestClientApiMethods::testStopAnimation,butter.mas.tests.clients.client_tcp_test,testStopAnimation,butter/mas/tests/clients/client_test.py,,,failed,AttributeError: 'NoneType' object has no attribute 'stopAnimation',0.0003669038414955139
butter/mas/tests/api_test.py::TestPacketBuilderMethods::testAddParameter,butter.mas.tests.api_test,testAddParameter,butter/mas/tests/packets/packet_builder_test.py,,,passed,,0.0005074366927146912
butter/mas/tests/api_test.py::TestTcpClientApiMethods::testGetAvailableMotorRegisters,butter.mas.tests.api_test,testGetAvailableMotorRegisters,butter/mas/tests/clients/client_test.py,,,passed,,0.001080736517906189
butter/mas/tests/packets/packet_builder_test.py::TestPacketBuilderMethods::testAddCommand,butter.mas.tests.packets.packet_builder_test,testAddCommand,butter/mas/tests/packets/packet_builder_test.py,,,passed,,0.0003379210829734802
butter/mas/tests/clients/client_udp_test.py::TestClientApiMethods::testMoveMotorInTime,butter.mas.tests.clients.client_udp_test,testMoveMotorInTime,butter/mas/tests/clients/client_test.py,,,failed,AttributeError: 'NoneType' object has no attribute 'moveMotorInTime',0.0003623664379119873
butter/mas/tests/clients/client_udp_test.py::TestClientApiMethods::testResumeAnimation,butter.mas.tests.clients.client_udp_test,testResumeAnimation,butter/mas/tests/clients/client_test.py,,,failed,AttributeError: 'NoneType' object has no attribute 'resumeAnimation',0.0003629922866821289
butter/mas/tests/clients/client_http_test.py::TestHttpClientApiMethods::testResumeAudio,butter.mas.tests.clients.client_http_test,testResumeAudio,butter/mas/tests/clients/client_test.py,,,passed,,0.004575416445732117
butter/mas/tests/clients/client_udp_test.py::TestUdpClientApiMethods::testMoveMotorToPosition,butter.mas.tests.clients.client_udp_test,testMoveMotorToPosition,butter/mas/tests/clients/client_test.py,,,passed,,5.008640632033348
butter/mas/tests/api_test.py::TestUdpClientApiMethods::testStopAudio,butter.mas.tests.api_test,testStopAudio,butter/mas/tests/clients/client_test.py,,,passed,,5.00779177993536
butter/mas/tests/api_test.py::TestTcpClientApiMethods::testMoveMotorInTime,butter.mas.tests.api_test,testMoveMotorInTime,butter/mas/tests/clients/client_test.py,,,passed,,0.0008333995938301086
butter/mas/tests/api_test.py::TestUdpClientApiMethods::testSetMotorRegister,butter.mas.tests.api_test,testSetMotorRegister,butter/mas/tests/clients/client_test.py,,,passed,,5.008002646267414
butter/mas/tests/clients/client_http_test.py::TestClientApiMethods::testMoveMotorToPosition,butter.mas.tests.clients.client_http_test,testMoveMotorToPosition,butter/mas/tests/clients/client_test.py,,,failed,AttributeError: 'NoneType' object has no attribute 'moveMotorToPosition',0.0006953179836273193
butter/mas/tests/api_test.py::TestUdpClientApiMethods::testGetAvailableAnimations,butter.mas.tests.api_test,testGetAvailableAnimations,butter/mas/tests/clients/client_test.py,,,passed,,5.008256681263447
butter/mas/tests/clients/client_udp_test.py::TestUdpClientApiMethods::testPauseAnimation,butter.mas.tests.clients.client_udp_test,testPauseAnimation,butter/mas/tests/clients/client_test.py,,,passed,,5.008936360478401
butter/mas/tests/clients/client_test.py::TestClientApiMethods::testPlayAudio,butter.mas.tests.clients.client_test,testPlayAudio,butter/mas/tests/clients/client_test.py,,,failed,AttributeError: 'NoneType' object has no attribute 'playAudio',0.0008013471961021423
butter/mas/tests/clients/client_tcp_test.py::TestTcpClientApiMethods::testResumeAudio,butter.mas.tests.clients.client_tcp_test,testResumeAudio,butter/mas/tests/clients/client_test.py,,,passed,,0.0014545470476150513
butter/mas/tests/api_test.py::TestVersionValidationsMethods::testCheckCompatibility,butter.mas.tests.api_test,testCheckCompatibility,butter/mas/tests/utils/version_validations_test.py,,,failed,AssertionError: False is not true,0.004648342728614807
butter/mas/tests/packets/packet_tcp_test.py::TestTcpPacketMethods::testSend,butter.mas.tests.packets.packet_tcp_test,testSend,butter/mas/tests/packets/packet_tcp_test.py,,,passed,,0.0006617903709411621
butter/mas/tests/clients/client_http_test.py::TestHttpClientApiMethods::testPauseAudio,butter.mas.tests.clients.client_http_test,testPauseAudio,butter/mas/tests/clients/client_test.py,,,passed,,0.003141261637210846
butter/mas/tests/api_test.py::TestTcpClientApiMethods::testPlayAnimation,butter.mas.tests.api_test,testPlayAnimation,butter/mas/tests/clients/client_test.py,,,passed,,0.0006491467356681824
butter/mas/tests/clients/client_http_test.py::TestClientApiMethods::testGetAvailableSounds,butter.mas.tests.clients.client_http_test,testGetAvailableSounds,butter/mas/tests/clients/client_test.py,,,failed,AttributeError: 'NoneType' object has no attribute 'getAvailableSounds',0.0003704652190208435
butter/mas/tests/clients/client_udp_test.py::TestClientApiMethods::testMoveMotorToPosition,butter.mas.tests.clients.client_udp_test,testMoveMotorToPosition,butter/mas/tests/clients/client_test.py,,,failed,AttributeError: 'NoneType' object has no attribute 'moveMotorToPosition',0.00037422776222229004
butter/mas/tests/clients/client_tcp_test.py::TestClientApiMethods::testResumeAudio,butter.mas.tests.clients.client_tcp_test,testResumeAudio,butter/mas/tests/clients/client_test.py,,,failed,AttributeError: 'NoneType' object has no attribute 'resumeAudio',0.00036703795194625854
butter/mas/tests/clients/client_test.py::TestClientApiMethods::testMoveMotorInDirection,butter.mas.tests.clients.client_test,testMoveMotorInDirection,butter/mas/tests/clients/client_test.py,,,failed,AttributeError: 'NoneType' object has no attribute 'moveMotorToPosition',0.0003648027777671814
butter/mas/tests/api_test.py::TestHttpClientApiMethods::testGetAvailableMotorRegisters,butter.mas.tests.api_test,testGetAvailableMotorRegisters,butter/mas/tests/clients/client_test.py,,,passed,,0.003199934959411621
butter/mas/tests/utils/version_validations_test.py::TestVersionValidationsMethods::testCheckCompatibility,butter.mas.tests.utils.version_validations_test,testCheckCompatibility,butter/mas/tests/utils/version_validations_test.py,,,failed,AssertionError: False is not true,0.0028458833694458008
butter/mas/tests/clients/client_http_test.py::TestHttpClientApiMethods::testStopAudio,butter.mas.tests.clients.client_http_test,testStopAudio,butter/mas/tests/clients/client_test.py,,,passed,,0.0033461228013038635
butter/mas/tests/clients/client_http_test.py::TestClientApiMethods::testGetAvailableAnimations,butter.mas.tests.clients.client_http_test,testGetAvailableAnimations,butter/mas/tests/clients/client_test.py,,,failed,AttributeError: 'NoneType' object has no attribute 'getAvailableAnimations',0.0003752186894416809
butter/mas/tests/clients/client_tcp_test.py::TestClientApiMethods::testGetMotorRegister,butter.mas.tests.clients.client_tcp_test,testGetMotorRegister,butter/mas/tests/clients/client_test.py,,,failed,AttributeError: 'NoneType' object has no attribute 'getMotorRegister',0.0003718659281730652
butter/mas/tests/clients/client_test.py::TestClientApiMethods::testSetMotorRegister,butter.mas.tests.clients.client_test,testSetMotorRegister,butter/mas/tests/clients/client_test.py,,,failed,AttributeError: 'NoneType' object has no attribute 'setMotorRegister',0.00036941468715667725
butter/mas/tests/api_test.py::TestTcpClientApiMethods::testGetMotorRegisterRange,butter.mas.tests.api_test,testGetMotorRegisterRange,butter/mas/tests/clients/client_test.py,,,passed,,0.0007346421480178833
butter/mas/tests/clients/client_http_test.py::TestClientApiMethods::testStopAudio,butter.mas.tests.clients.client_http_test,testStopAudio,butter/mas/tests/clients/client_test.py,,,failed,AttributeError: 'NoneType' object has no attribute 'stopAudio',0.00036767125129699707
butter/mas/tests/clients/client_udp_test.py::TestClientApiMethods::testMoveMotorInDirection,butter.mas.tests.clients.client_udp_test,testMoveMotorInDirection,butter/mas/tests/clients/client_test.py,,,failed,AttributeError: 'NoneType' object has no attribute 'moveMotorToPosition',0.0003743097186088562
butter/mas/tests/api_test.py::TestUdpClientApiMethods::testPlayAudio,butter.mas.tests.api_test,testPlayAudio,butter/mas/tests/clients/client_test.py,,,passed,,5.007853947579861
butter/mas/tests/packets/packet_builder_test.py::TestPacketBuilderMethods::testAddArguments,butter.mas.tests.packets.packet_builder_test,testAddArguments,butter/mas/tests/packets/packet_builder_test.py,,,passed,,0.0005851760506629944
butter/mas/tests/api_test.py::TestUdpClientApiMethods::testGetAvailableHandlers,butter.mas.tests.api_test,testGetAvailableHandlers,butter/mas/tests/clients/client_test.py,,,passed,,5.007504150271416
butter/mas/tests/api_test.py::TestTcpClientApiMethods::testGetAvailableAnimations,butter.mas.tests.api_test,testGetAvailableAnimations,butter/mas/tests/clients/client_test.py,,,passed,,0.000873565673828125
butter/mas/tests/packets/packet_builder_test.py::TestPacketBuilderMethods::testAddKeyValuePair,butter.mas.tests.packets.packet_builder_test,testAddKeyValuePair,butter/mas/tests/packets/packet_builder_test.py,,,passed,,0.00033749639987945557
butter/mas/tests/api_test.py::TestHttpClientApiMethods::testPlayAudio,butter.mas.tests.api_test,testPlayAudio,butter/mas/tests/clients/client_test.py,,,passed,,0.004723414778709412
butter/mas/tests/clients/client_tcp_test.py::TestTcpClientApiMethods::testPlayAnimation,butter.mas.tests.clients.client_tcp_test,testPlayAnimation,butter/mas/tests/clients/client_test.py,,,passed,,0.0014237463474273682
butter/mas/tests/clients/client_test.py::TestClientApiMethods::testGetAvailableHandlers,butter.mas.tests.clients.client_test,testGetAvailableHandlers,butter/mas/tests/clients/client_test.py,,,failed,AttributeError: 'NoneType' object has no attribute 'getAvailableHandlers',0.000824950635433197
butter/mas/tests/clients/client_udp_test.py::TestClientApiMethods::testPauseAnimation,butter.mas.tests.clients.client_udp_test,testPauseAnimation,butter/mas/tests/clients/client_test.py,,,failed,AttributeError: 'NoneType' object has no attribute 'pauseAnimation',0.0005038678646087646
butter/mas/tests/clients/client_udp_test.py::TestUdpClientApiMethods::testStopAnimation,butter.mas.tests.clients.client_udp_test,testStopAnimation,butter/mas/tests/clients/client_test.py,,,passed,,5.008685052394867
butter/mas/tests/clients/client_tcp_test.py::TestClientApiMethods::testPauseAnimation,butter.mas.tests.clients.client_tcp_test,testPauseAnimation,butter/mas/tests/clients/client_test.py,,,failed,AttributeError: 'NoneType' object has no attribute 'pauseAnimation',0.0007421821355819702
butter/mas/tests/api_test.py::TestHttpClientApiMethods::testMoveMotorInTime,butter.mas.tests.api_test,testMoveMotorInTime,butter/mas/tests/clients/client_test.py,,,passed,,0.0053898245096206665
butter/mas/tests/api_test.py::TestTcpClientApiMethods::testStopAnimation,butter.mas.tests.api_test,testStopAnimation,butter/mas/tests/clients/client_test.py,,,passed,,0.0008255839347839355
butter/mas/tests/clients/client_http_test.py::TestClientApiMethods::testGetAvailableMotorRegisters,butter.mas.tests.clients.client_http_test,testGetAvailableMotorRegisters,butter/mas/tests/clients/client_test.py,,,failed,AttributeError: 'NoneType' object has no attribute 'getAvailableMotorRegisters',0.00038407742977142334
butter/mas/tests/clients/client_test.py::TestClientApiMethods::testGetMotorRegister,butter.mas.tests.clients.client_test,testGetMotorRegister,butter/mas/tests/clients/client_test.py,,,failed,AttributeError: 'NoneType' object has no attribute 'getMotorRegister',0.00042361021041870117
butter/mas/tests/clients/client_http_test.py::TestClientApiMethods::testStopAnimation,butter.mas.tests.clients.client_http_test,testStopAnimation,butter/mas/tests/clients/client_test.py,,,failed,AttributeError: 'NoneType' object has no attribute 'stopAnimation',0.00036641955375671387
butter/mas/tests/clients/client_http_test.py::TestHttpClientApiMethods::testGetAvailableAnimations,butter.mas.tests.clients.client_http_test,testGetAvailableAnimations,butter/mas/tests/clients/client_test.py,,,passed,,0.0030448809266090393
butter/mas/tests/api_test.py::TestHttpPacketMethods::testSend,butter.mas.tests.api_test,testSend,butter/mas/tests/packets/packet_http_test.py,,,passed,,0.0030006617307662964
butter/mas/tests/clients/client_tcp_test.py::TestTcpClientApiMethods::testStopAudio,butter.mas.tests.clients.client_tcp_test,testStopAudio,butter/mas/tests/clients/client_test.py,,,passed,,0.000798545777797699
butter/mas/tests/utils/version_validations_test.py::TestVersionValidationsMethods::testGetFirmwareVersions,butter.mas.tests.utils.version_validations_test,testGetFirmwareVersions,butter/mas/tests/utils/version_validations_test.py,,,failed,AssertionError: unexpectedly None,0.003374338150024414
butter/mas/tests/clients/client_udp_test.py::TestUdpClientApiMethods::testMoveMotorInDirection,butter.mas.tests.clients.client_udp_test,testMoveMotorInDirection,butter/mas/tests/clients/client_test.py,,,passed,,5.00794468075037
butter/mas/tests/api_test.py::TestHttpClientApiMethods::testMoveMotorToPosition,butter.mas.tests.api_test,testMoveMotorToPosition,butter/mas/tests/clients/client_test.py,,,passed,,0.0050939470529556274
butter/mas/tests/clients/client_test.py::TestClientApiMethods::testGetAvailableSounds,butter.mas.tests.clients.client_test,testGetAvailableSounds,butter/mas/tests/clients/client_test.py,,,failed,AttributeError: 'NoneType' object has no attribute 'getAvailableSounds',0.0004452019929885864
butter/mas/tests/clients/client_udp_test.py::TestClientApiMethods::testGetAvailableHandlers,butter.mas.tests.clients.client_udp_test,testGetAvailableHandlers,butter/mas/tests/clients/client_test.py,,,failed,AttributeError: 'NoneType' object has no attribute 'getAvailableHandlers',0.0004195570945739746
butter/mas/tests/clients/client_udp_test.py::TestUdpClientApiMethods::testGetAvailableHandlers,butter.mas.tests.clients.client_udp_test,testGetAvailableHandlers,butter/mas/tests/clients/client_test.py,,,passed,,5.007155001163483
butter/mas/tests/api_test.py::TestTcpClientApiMethods::testMoveMotorInDirection,butter.mas.tests.api_test,testMoveMotorInDirection,butter/mas/tests/clients/client_test.py,,,passed,,0.001493804156780243
butter/mas/tests/clients/client_tcp_test.py::TestClientApiMethods::testGetAvailableHandlers,butter.mas.tests.clients.client_tcp_test,testGetAvailableHandlers,butter/mas/tests/clients/client_test.py,,,failed,AttributeError: 'NoneType' object has no attribute 'getAvailableHandlers',0.0004538595676422119
butter/mas/tests/clients/client_tcp_test.py::TestTcpClientApiMethods::testGetAvailableHandlers,butter.mas.tests.clients.client_tcp_test,testGetAvailableHandlers,butter/mas/tests/clients/client_test.py,,,passed,,0.0014027208089828491
butter/mas/tests/clients/client_tcp_test.py::TestClientApiMethods::testMoveMotorToPosition,butter.mas.tests.clients.client_tcp_test,testMoveMotorToPosition,butter/mas/tests/clients/client_test.py,,,failed,AttributeError: 'NoneType' object has no attribute 'moveMotorToPosition',0.00048416852951049805
butter/mas/tests/clients/client_tcp_test.py::TestTcpClientApiMethods::testGetMotorRegisterRange,butter.mas.tests.clients.client_tcp_test,testGetMotorRegisterRange,butter/mas/tests/clients/client_test.py,,,passed,,0.0009725466370582581
butter/mas/tests/api_test.py::TestVersionValidationsMethods::testCheckForUpdates,butter.mas.tests.api_test,testCheckForUpdates,butter/mas/tests/utils/version_validations_test.py,,,failed,AssertionError: True is not false,0.04755639284849167
butter/mas/tests/clients/client_udp_test.py::TestClientApiMethods::testStopAudio,butter.mas.tests.clients.client_udp_test,testStopAudio,butter/mas/tests/clients/client_test.py,,,failed,AttributeError: 'NoneType' object has no attribute 'stopAudio',0.00042222440242767334
butter/mas/tests/api_test.py::TestHttpClientApiMethods::testGetMotorRegister,butter.mas.tests.api_test,testGetMotorRegister,butter/mas/tests/clients/client_test.py,,,passed,,0.004639185965061188
butter/mas/tests/clients/client_test.py::TestClientApiMethods::testStopAnimation,butter.mas.tests.clients.client_test,testStopAnimation,butter/mas/tests/clients/client_test.py,,,failed,AttributeError: 'NoneType' object has no attribute 'stopAnimation',0.0005246177315711975
butter/mas/tests/api_test.py::TestHttpClientApiMethods::testPauseAudio,butter.mas.tests.api_test,testPauseAudio,butter/mas/tests/clients/client_test.py,,,passed,,0.0036333948373794556
butter/mas/tests/clients/client_udp_test.py::TestClientApiMethods::testGetMotorRegister,butter.mas.tests.clients.client_udp_test,testGetMotorRegister,butter/mas/tests/clients/client_test.py,,,failed,AttributeError: 'NoneType' object has no attribute 'getMotorRegister',0.0003909990191459656
butter/mas/tests/clients/client_udp_test.py::TestUdpClientApiMethods::testPlayAnimation,butter.mas.tests.clients.client_udp_test,testPlayAnimation,butter/mas/tests/clients/client_test.py,,,passed,,5.003391399979591
butter/mas/tests/api_test.py::TestPacketBuilderMethods::testAddCommand,butter.mas.tests.api_test,testAddCommand,butter/mas/tests/packets/packet_builder_test.py,,,passed,,0.0006560608744621277
butter/mas/tests/api_test.py::TestUdpClientApiMethods::testPauseAnimation,butter.mas.tests.api_test,testPauseAnimation,butter/mas/tests/clients/client_test.py,,,passed,,5.011894412338734
butter/mas/tests/api_test.py::TestUdpClientApiMethods::testMoveMotorInTime,butter.mas.tests.api_test,testMoveMotorInTime,butter/mas/tests/clients/client_test.py,,,passed,,5.009657233953476
butter/mas/tests/api_test.py::TestPacketBuilderMethods::testAddKeyValuePair,butter.mas.tests.api_test,testAddKeyValuePair,butter/mas/tests/packets/packet_builder_test.py,,,passed,,0.0005089640617370605
butter/mas/tests/clients/client_tcp_test.py::TestTcpClientApiMethods::testGetMotorRegister,butter.mas.tests.clients.client_tcp_test,testGetMotorRegister,butter/mas/tests/clients/client_test.py,,,passed,,0.0010974928736686707
butter/mas/tests/clients/client_tcp_test.py::TestTcpClientApiMethods::testPauseAudio,butter.mas.tests.clients.client_tcp_test,testPauseAudio,butter/mas/tests/clients/client_test.py,,,passed,,0.00066346675157547
butter/mas/tests/clients/client_udp_test.py::TestClientApiMethods::testResumeAudio,butter.mas.tests.clients.client_udp_test,testResumeAudio,butter/mas/tests/clients/client_test.py,,,failed,AttributeError: 'NoneType' object has no attribute 'resumeAudio',0.0003925338387489319
butter/mas/tests/api_test.py::TestUdpClientApiMethods::testResumeAudio,butter.mas.tests.api_test,testResumeAudio,butter/mas/tests/clients/client_test.py,,,passed,,5.008163079619408
butter/mas/tests/clients/client_test.py::TestClientApiMethods::testMoveMotorToPosition,butter.mas.tests.clients.client_test,testMoveMotorToPosition,butter/mas/tests/clients/client_test.py,,,failed,AttributeError: 'NoneType' object has no attribute 'moveMotorToPosition',0.0004376545548439026
butter/mas/tests/clients/client_http_test.py::TestClientApiMethods::testGetMotorRegister,butter.mas.tests.clients.client_http_test,testGetMotorRegister,butter/mas/tests/clients/client_test.py,,,failed,AttributeError: 'NoneType' object has no attribute 'getMotorRegister',0.0004098638892173767
butter/mas/tests/clients/client_test.py::TestClientApiMethods::testStopAudio,butter.mas.tests.clients.client_test,testStopAudio,butter/mas/tests/clients/client_test.py,,,failed,AttributeError: 'NoneType' object has no attribute 'stopAudio',0.00036704540252685547
butter/mas/tests/clients/client_http_test.py::TestClientApiMethods::testResumeAudio,butter.mas.tests.clients.client_http_test,testResumeAudio,butter/mas/tests/clients/client_test.py,,,failed,AttributeError: 'NoneType' object has no attribute 'resumeAudio',0.00036313384771347046
butter/mas/tests/clients/client_http_test.py::TestClientApiMethods::testPlayAnimation,butter.mas.tests.clients.client_http_test,testPlayAnimation,butter/mas/tests/clients/client_test.py,,,failed,AttributeError: 'NoneType' object has no attribute 'playAnimation',0.00036124885082244873
butter/mas/tests/api_test.py::TestHttpClientApiMethods::testPlayAnimation,butter.mas.tests.api_test,testPlayAnimation,butter/mas/tests/clients/client_test.py,,,passed,,0.005425997078418732
butter/mas/tests/clients/client_udp_test.py::TestUdpClientApiMethods::testPlayAudio,butter.mas.tests.clients.client_udp_test,testPlayAudio,butter/mas/tests/clients/client_test.py,,,passed,,5.0062068328261375
butter/mas/tests/clients/client_test.py::TestClientApiMethods::testResumeAudio,butter.mas.tests.clients.client_test,testResumeAudio,butter/mas/tests/clients/client_test.py,,,failed,AttributeError: 'NoneType' object has no attribute 'resumeAudio',0.00038645416498184204
butter/mas/tests/api_test.py::TestUdpClientApiMethods::testMoveMotorInDirection,butter.mas.tests.api_test,testMoveMotorInDirection,butter/mas/tests/clients/client_test.py,,,passed,,5.008450075984001
butter/mas/tests/clients/client_tcp_test.py::TestClientApiMethods::testMoveMotorInDirection,butter.mas.tests.clients.client_tcp_test,testMoveMotorInDirection,butter/mas/tests/clients/client_test.py,,,failed,AttributeError: 'NoneType' object has no attribute 'moveMotorToPosition',0.0013096779584884644
butter/mas/tests/api_test.py::TestUdpClientApiMethods::testGetMotorRegister,butter.mas.tests.api_test,testGetMotorRegister,butter/mas/tests/clients/client_test.py,,,passed,,5.006905570626259
butter/mas/tests/clients/client_tcp_test.py::TestClientApiMethods::testMoveMotorInTime,butter.mas.tests.clients.client_tcp_test,testMoveMotorInTime,butter/mas/tests/clients/client_test.py,,,failed,AttributeError: 'NoneType' object has no attribute 'moveMotorInTime',0.00037235021591186523
butter/mas/tests/clients/client_udp_test.py::TestClientApiMethods::testPlayAudio,butter.mas.tests.clients.client_udp_test,testPlayAudio,butter/mas/tests/clients/client_test.py,,,failed,AttributeError: 'NoneType' object has no attribute 'playAudio',0.0003669634461402893
butter/mas/tests/clients/client_tcp_test.py::TestTcpClientApiMethods::testSetMotorRegister,butter.mas.tests.clients.client_tcp_test,testSetMotorRegister,butter/mas/tests/clients/client_test.py,,,passed,,0.0008707046508789062
butter/mas/tests/clients/client_http_test.py::TestHttpClientApiMethods::testPlayAudio,butter.mas.tests.clients.client_http_test,testPlayAudio,butter/mas/tests/clients/client_test.py,,,passed,,0.004729777574539185
butter/mas/tests/clients/client_tcp_test.py::TestTcpClientApiMethods::testPauseAnimation,butter.mas.tests.clients.client_tcp_test,testPauseAnimation,butter/mas/tests/clients/client_test.py,,,passed,,0.0006397217512130737
butter/mas/tests/clients/client_tcp_test.py::TestClientApiMethods::testSetMotorRegister,butter.mas.tests.clients.client_tcp_test,testSetMotorRegister,butter/mas/tests/clients/client_test.py,,,failed,AttributeError: 'NoneType' object has no attribute 'setMotorRegister',0.0003632009029388428
butter/mas/tests/api_test.py::TestUdpClientApiMethods::testStopAnimation,butter.mas.tests.api_test,testStopAnimation,butter/mas/tests/clients/client_test.py,,,passed,,5.008014656603336
butter/mas/tests/clients/client_http_test.py::TestHttpClientApiMethods::testResumeAnimation,butter.mas.tests.clients.client_http_test,testResumeAnimation,butter/mas/tests/clients/client_test.py,,,passed,,0.00581350177526474
butter/mas/tests/clients/client_tcp_test.py::TestTcpClientApiMethods::testGetAvailableSounds,butter.mas.tests.clients.client_tcp_test,testGetAvailableSounds,butter/mas/tests/clients/client_test.py,,,passed,,0.000714324414730072
butter/mas/tests/api_test.py::TestTcpClientApiMethods::testResumeAnimation,butter.mas.tests.api_test,testResumeAnimation,butter/mas/tests/clients/client_test.py,,,passed,,0.0006735995411872864
butter/mas/tests/api_test.py::TestHttpClientApiMethods::testResumeAnimation,butter.mas.tests.api_test,testResumeAnimation,butter/mas/tests/clients/client_test.py,,,passed,,0.0031619444489479065
butter/mas/tests/api_test.py::TestTcpClientApiMethods::testSetMotorRegister,butter.mas.tests.api_test,testSetMotorRegister,butter/mas/tests/clients/client_test.py,,,passed,,0.0006453022360801697
butter/mas/tests/clients/client_http_test.py::TestHttpClientApiMethods::testGetAvailableSounds,butter.mas.tests.clients.client_http_test,testGetAvailableSounds,butter/mas/tests/clients/client_test.py,,,passed,,0.003183238208293915
butter/mas/tests/clients/client_udp_test.py::TestUdpClientApiMethods::testPauseAudio,butter.mas.tests.clients.client_udp_test,testPauseAudio,butter/mas/tests/clients/client_test.py,,,passed,,5.005557537078857
butter/mas/tests/clients/client_http_test.py::TestHttpClientApiMethods::testGetAvailableMotorRegisters,butter.mas.tests.clients.client_http_test,testGetAvailableMotorRegisters,butter/mas/tests/clients/client_test.py,,,passed,,0.0033629536628723145
butter/mas/tests/clients/client_tcp_test.py::TestTcpClientApiMethods::testStopAnimation,butter.mas.tests.clients.client_tcp_test,testStopAnimation,butter/mas/tests/clients/client_test.py,,,passed,,0.0006449595093727112
butter/mas/tests/clients/client_udp_test.py::TestUdpClientApiMethods::testResumeAnimation,butter.mas.tests.clients.client_udp_test,testResumeAnimation,butter/mas/tests/clients/client_test.py,,,passed,,5.007590688765049
butter/mas/tests/api_test.py::TestUdpClientApiMethods::testGetAvailableMotorRegisters,butter.mas.tests.api_test,testGetAvailableMotorRegisters,butter/mas/tests/clients/client_test.py,,,passed,,5.006146691739559
butter/mas/tests/clients/client_test.py::TestClientApiMethods::testMoveMotorInTime,butter.mas.tests.clients.client_test,testMoveMotorInTime,butter/mas/tests/clients/client_test.py,,,failed,AttributeError: 'NoneType' object has no attribute 'moveMotorInTime',0.00040441006422042847
butter/mas/tests/clients/client_udp_test.py::TestClientApiMethods::testGetMotorRegisterRange,butter.mas.tests.clients.client_udp_test,testGetMotorRegisterRange,butter/mas/tests/clients/client_test.py,,,failed,AttributeError: 'NoneType' object has no attribute 'getMotorRegisterRange',0.00037144124507904053
butter/mas/tests/clients/client_tcp_test.py::TestClientApiMethods::testPlayAudio,butter.mas.tests.clients.client_tcp_test,testPlayAudio,butter/mas/tests/clients/client_test.py,,,failed,AttributeError: 'NoneType' object has no attribute 'playAudio',0.0004113242030143738
butter/mas/tests/clients/client_http_test.py::TestHttpClientApiMethods::testPlayAnimation,butter.mas.tests.clients.client_http_test,testPlayAnimation,butter/mas/tests/clients/client_test.py,,,passed,,0.004822112619876862
butter/mas/tests/clients/client_test.py::TestClientApiMethods::testResumeAnimation,butter.mas.tests.clients.client_test,testResumeAnimation,butter/mas/tests/clients/client_test.py,,,failed,AttributeError: 'NoneType' object has no attribute 'resumeAnimation',0.00037151575088500977
butter/mas/tests/clients/client_udp_test.py::TestUdpClientApiMethods::testGetAvailableAnimations,butter.mas.tests.clients.client_udp_test,testGetAvailableAnimations,butter/mas/tests/clients/client_test.py,,,passed,,5.006789058446884
butter/mas/tests/clients/client_tcp_test.py::TestTcpClientApiMethods::testPlayAudio,butter.mas.tests.clients.client_tcp_test,testPlayAudio,butter/mas/tests/clients/client_test.py,,,passed,,0.0009364262223243713
butter/mas/tests/clients/client_tcp_test.py::TestClientApiMethods::testPauseAudio,butter.mas.tests.clients.client_tcp_test,testPauseAudio,butter/mas/tests/clients/client_test.py,,,failed,AttributeError: 'NoneType' object has no attribute 'pauseAudio',0.00037403404712677
butter/mas/tests/clients/client_udp_test.py::TestClientApiMethods::testGetAvailableAnimations,butter.mas.tests.clients.client_udp_test,testGetAvailableAnimations,butter/mas/tests/clients/client_test.py,,,failed,AttributeError: 'NoneType' object has no attribute 'getAvailableAnimations',0.0003997310996055603
butter/mas/tests/clients/client_udp_test.py::TestUdpClientApiMethods::testGetAvailableSounds,butter.mas.tests.clients.client_udp_test,testGetAvailableSounds,butter/mas/tests/clients/client_test.py,,,passed,,5.00607418268919
butter/mas/tests/api_test.py::TestTcpClientApiMethods::testPlayAudio,butter.mas.tests.api_test,testPlayAudio,butter/mas/tests/clients/client_test.py,,,passed,,0.0006980374455451965
butter/mas/tests/api_test.py::TestUdpClientApiMethods::testPlayAnimation,butter.mas.tests.api_test,testPlayAnimation,butter/mas/tests/clients/client_test.py,,,passed,,5.003187440335751
butter/mas/tests/api_test.py::TestPacketBuilderMethods::testAddParameters,butter.mas.tests.api_test,testAddParameters,butter/mas/tests/packets/packet_builder_test.py,,,passed,,0.0004385635256767273
butter/mas/tests/clients/client_test.py::TestClientApiMethods::testPauseAnimation,butter.mas.tests.clients.client_test,testPauseAnimation,butter/mas/tests/clients/client_test.py,,,failed,AttributeError: 'NoneType' object has no attribute 'pauseAnimation',0.0006055012345314026
butter/mas/tests/clients/client_http_test.py::TestClientApiMethods::testResumeAnimation,butter.mas.tests.clients.client_http_test,testResumeAnimation,butter/mas/tests/clients/client_test.py,,,failed,AttributeError: 'NoneType' object has no attribute 'resumeAnimation',0.00036704540252685547
butter/mas/tests/clients/client_http_test.py::TestClientApiMethods::testPauseAudio,butter.mas.tests.clients.client_http_test,testPauseAudio,butter/mas/tests/clients/client_test.py,,,failed,AttributeError: 'NoneType' object has no attribute 'pauseAudio',0.00037276744842529297
butter/mas/tests/api_test.py::TestVersionValidationsMethods::testGetFirmwareVersions,butter.mas.tests.api_test,testGetFirmwareVersions,butter/mas/tests/utils/version_validations_test.py,,,failed,AssertionError: unexpectedly None,0.005278833210468292
butter/mas/tests/clients/client_udp_test.py::TestClientApiMethods::testGetAvailableMotorRegisters,butter.mas.tests.clients.client_udp_test,testGetAvailableMotorRegisters,butter/mas/tests/clients/client_test.py,,,failed,AttributeError: 'NoneType' object has no attribute 'getAvailableMotorRegisters',0.00036998093128204346
butter/mas/tests/clients/client_udp_test.py::TestClientApiMethods::testPauseAudio,butter.mas.tests.clients.client_udp_test,testPauseAudio,butter/mas/tests/clients/client_test.py,,,failed,AttributeError: 'NoneType' object has no attribute 'pauseAudio',0.0003724917769432068
butter/mas/tests/clients/client_http_test.py::TestClientApiMethods::testPauseAnimation,butter.mas.tests.clients.client_http_test,testPauseAnimation,butter/mas/tests/clients/client_test.py,,,failed,AttributeError: 'NoneType' object has no attribute 'pauseAnimation',0.00036403536796569824
butter/mas/tests/clients/client_tcp_test.py::TestClientApiMethods::testPlayAnimation,butter.mas.tests.clients.client_tcp_test,testPlayAnimation,butter/mas/tests/clients/client_test.py,,,failed,AttributeError: 'NoneType' object has no attribute 'playAnimation',0.0003629922866821289
butter/mas/tests/clients/client_udp_test.py::TestUdpClientApiMethods::testGetAvailableMotorRegisters,butter.mas.tests.clients.client_udp_test,testGetAvailableMotorRegisters,butter/mas/tests/clients/client_test.py,,,passed,,5.006146192550659
butter/mas/tests/api_test.py::TestHttpClientApiMethods::testGetAvailableAnimations,butter.mas.tests.api_test,testGetAvailableAnimations,butter/mas/tests/clients/client_test.py,,,passed,,0.003131195902824402
butter/mas/tests/packets/packet_builder_test.py::TestPacketBuilderMethods::testAddParameter,butter.mas.tests.packets.packet_builder_test,testAddParameter,butter/mas/tests/packets/packet_builder_test.py,,,passed,,0.00035084038972854614
butter/mas/tests/packets/packet_builder_test.py::TestPacketBuilderMethods::testAddParameters,butter.mas.tests.packets.packet_builder_test,testAddParameters,butter/mas/tests/packets/packet_builder_test.py,,,passed,,0.0004000812768936157
butter/mas/tests/clients/client_udp_test.py::TestClientApiMethods::testGetAvailableSounds,butter.mas.tests.clients.client_udp_test,testGetAvailableSounds,butter/mas/tests/clients/client_test.py,,,failed,AttributeError: 'NoneType' object has no attribute 'getAvailableSounds',0.0003611147403717041
butter/mas/tests/clients/client_http_test.py::TestHttpClientApiMethods::testMoveMotorToPosition,butter.mas.tests.clients.client_http_test,testMoveMotorToPosition,butter/mas/tests/clients/client_test.py,,,passed,,0.0030369162559509277
butter/mas/tests/clients/client_udp_test.py::TestUdpClientApiMethods::testSetMotorRegister,butter.mas.tests.clients.client_udp_test,testSetMotorRegister,butter/mas/tests/clients/client_test.py,,,passed,,5.007521189749241
butter/mas/tests/clients/client_http_test.py::TestHttpClientApiMethods::testStopAnimation,butter.mas.tests.clients.client_http_test,testStopAnimation,butter/mas/tests/clients/client_test.py,,,passed,,0.005348682403564453
butter/mas/tests/clients/client_test.py::TestClientApiMethods::testGetAvailableAnimations,butter.mas.tests.clients.client_test,testGetAvailableAnimations,butter/mas/tests/clients/client_test.py,,,failed,AttributeError: 'NoneType' object has no attribute 'getAvailableAnimations',0.0004556030035018921
butter/mas/tests/api_test.py::TestHttpClientApiMethods::testStopAudio,butter.mas.tests.api_test,testStopAudio,butter/mas/tests/clients/client_test.py,,,passed,,0.003102712333202362
butter/mas/tests/clients/client_http_test.py::TestClientApiMethods::testMoveMotorInTime,butter.mas.tests.clients.client_http_test,testMoveMotorInTime,butter/mas/tests/clients/client_test.py,,,failed,AttributeError: 'NoneType' object has no attribute 'moveMotorInTime',0.00036829710006713867
butter/mas/tests/api_test.py::TestUdpClientApiMethods::testResumeAnimation,butter.mas.tests.api_test,testResumeAnimation,butter/mas/tests/clients/client_test.py,,,passed,,5.006116576492786
butter/mas/tests/api_test.py::TestHttpClientApiMethods::testGetAvailableHandlers,butter.mas.tests.api_test,testGetAvailableHandlers,butter/mas/tests/clients/client_test.py,,,passed,,0.0031675919890403748
butter/mas/tests/api_test.py::TestTcpPacketMethods::testSend,butter.mas.tests.api_test,testSend,butter/mas/tests/packets/packet_tcp_test.py,,,passed,,0.0006268024444580078
butter/mas/tests/clients/client_tcp_test.py::TestClientApiMethods::testGetMotorRegisterRange,butter.mas.tests.clients.client_tcp_test,testGetMotorRegisterRange,butter/mas/tests/clients/client_test.py,,,failed,AttributeError: 'NoneType' object has no attribute 'getMotorRegisterRange',0.00037123262882232666
butter/mas/tests/clients/client_http_test.py::TestHttpClientApiMethods::testSetMotorRegister,butter.mas.tests.clients.client_http_test,testSetMotorRegister,butter/mas/tests/clients/client_test.py,,,passed,,0.00305388867855072
butter/mas/tests/api_test.py::TestVersionValidationsMethods::testGetLatestAppVersion,butter.mas.tests.api_test,testGetLatestAppVersion,butter/mas/tests/utils/version_validations_test.py,,,passed,,0.037727221846580505
butter/mas/tests/api_test.py::TestTcpClientApiMethods::testStopAudio,butter.mas.tests.api_test,testStopAudio,butter/mas/tests/clients/client_test.py,,,passed,,0.0007720068097114563
butter/mas/tests/clients/client_udp_test.py::TestClientApiMethods::testStopAnimation,butter.mas.tests.clients.client_udp_test,testStopAnimation,butter/mas/tests/clients/client_test.py,,,failed,AttributeError: 'NoneType' object has no attribute 'stopAnimation',0.00040978193283081055
butter/mas/tests/clients/client_http_test.py::TestHttpClientApiMethods::testMoveMotorInTime,butter.mas.tests.clients.client_http_test,testMoveMotorInTime,butter/mas/tests/clients/client_test.py,,,passed,,0.0030922964215278625
butter/mas/tests/api_test.py::TestHttpClientApiMethods::testGetMotorRegisterRange,butter.mas.tests.api_test,testGetMotorRegisterRange,butter/mas/tests/clients/client_test.py,,,passed,,0.0031126290559768677
butter/mas/tests/api_test.py::TestHttpClientApiMethods::testGetAvailableSounds,butter.mas.tests.api_test,testGetAvailableSounds,butter/mas/tests/clients/client_test.py,,,passed,,0.0029174089431762695
butter/mas/tests/clients/client_udp_test.py::TestUdpClientApiMethods::testResumeAudio,butter.mas.tests.clients.client_udp_test,testResumeAudio,butter/mas/tests/clients/client_test.py,,,passed,,5.007475085556507
butter/mas/tests/clients/client_udp_test.py::TestUdpClientApiMethods::testGetMotorRegister,butter.mas.tests.clients.client_udp_test,testGetMotorRegister,butter/mas/tests/clients/client_test.py,,,passed,,5.00657282024622
butter/mas/tests/clients/client_tcp_test.py::TestTcpClientApiMethods::testMoveMotorToPosition,butter.mas.tests.clients.client_tcp_test,testMoveMotorToPosition,butter/mas/tests/clients/client_test.py,,,passed,,0.0007695704698562622
butter/mas/tests/clients/client_http_test.py::TestClientApiMethods::testMoveMotorInDirection,butter.mas.tests.clients.client_http_test,testMoveMotorInDirection,butter/mas/tests/clients/client_test.py,,,failed,AttributeError: 'NoneType' object has no attribute 'moveMotorToPosition',0.0004337504506111145
butter/mas/tests/clients/client_http_test.py::TestHttpClientApiMethods::testGetMotorRegisterRange,butter.mas.tests.clients.client_http_test,testGetMotorRegisterRange,butter/mas/tests/clients/client_test.py,,,passed,,0.0046320706605911255
butter/mas/tests/api_test.py::TestTcpClientApiMethods::testPauseAnimation,butter.mas.tests.api_test,testPauseAnimation,butter/mas/tests/clients/client_test.py,,,passed,,0.0006527826189994812
butter/mas/tests/clients/client_http_test.py::TestClientApiMethods::testSetMotorRegister,butter.mas.tests.clients.client_http_test,testSetMotorRegister,butter/mas/tests/clients/client_test.py,,,failed,AttributeError: 'NoneType' object has no attribute 'setMotorRegister',0.0003650188446044922
butter/mas/tests/clients/client_tcp_test.py::TestTcpClientApiMethods::testGetAvailableAnimations,butter.mas.tests.clients.client_tcp_test,testGetAvailableAnimations,butter/mas/tests/clients/client_test.py,,,passed,,0.000681556761264801
butter/mas/tests/clients/client_tcp_test.py::TestClientApiMethods::testResumeAnimation,butter.mas.tests.clients.client_tcp_test,testResumeAnimation,butter/mas/tests/clients/client_test.py,,,failed,AttributeError: 'NoneType' object has no attribute 'resumeAnimation',0.00036396831274032593
butter/mas/tests/api_test.py::TestHttpClientApiMethods::testSetMotorRegister,butter.mas.tests.api_test,testSetMotorRegister,butter/mas/tests/clients/client_test.py,,,passed,,0.003118842840194702
butter/mas/tests/clients/client_tcp_test.py::TestClientApiMethods::testGetAvailableMotorRegisters,butter.mas.tests.clients.client_tcp_test,testGetAvailableMotorRegisters,butter/mas/tests/clients/client_test.py,,,failed,AttributeError: 'NoneType' object has no attribute 'getAvailableMotorRegisters',0.0003664866089820862
butter/mas/tests/clients/client_tcp_test.py::TestClientApiMethods::testGetAvailableAnimations,butter.mas.tests.clients.client_tcp_test,testGetAvailableAnimations,butter/mas/tests/clients/client_test.py,,,failed,AttributeError: 'NoneType' object has no attribute 'getAvailableAnimations',0.0003620162606239319
butter/mas/tests/clients/client_test.py::TestClientApiMethods::testGetMotorRegisterRange,butter.mas.tests.clients.client_test,testGetMotorRegisterRange,butter/mas/tests/clients/client_test.py,,,failed,AttributeError: 'NoneType' object has no attribute 'getMotorRegisterRange',0.0003606155514717102
butter/mas/tests/api_test.py::TestUdpClientApiMethods::testGetAvailableSounds,butter.mas.tests.api_test,testGetAvailableSounds,butter/mas/tests/clients/client_test.py,,,passed,,5.00603786110878
butter/mas/tests/api_test.py::TestHttpClientApiMethods::testResumeAudio,butter.mas.tests.api_test,testResumeAudio,butter/mas/tests/clients/client_test.py,,,passed,,0.0036440864205360413
butter/mas/tests/api_test.py::TestPacketBuilderMethods::testAddArguments,butter.mas.tests.api_test,testAddArguments,butter/mas/tests/packets/packet_builder_test.py,,,passed,,0.00037150830030441284
butter/mas/tests/clients/client_http_test.py::TestHttpClientApiMethods::testPauseAnimation,butter.mas.tests.clients.client_http_test,testPauseAnimation,butter/mas/tests/clients/client_test.py,,,passed,,0.0030927956104278564
butter/mas/tests/api_test.py::TestUdpClientApiMethods::testMoveMotorToPosition,butter.mas.tests.api_test,testMoveMotorToPosition,butter/mas/tests/clients/client_test.py,,,passed,,5.005882114171982
butter/mas/tests/clients/client_tcp_test.py::TestTcpClientApiMethods::testMoveMotorInTime,butter.mas.tests.clients.client_tcp_test,testMoveMotorInTime,butter/mas/tests/clients/client_test.py,,,passed,,0.0006778612732887268
butter/mas/tests/clients/client_test.py::TestClientApiMethods::testPauseAudio,butter.mas.tests.clients.client_test,testPauseAudio,butter/mas/tests/clients/client_test.py,,,failed,AttributeError: 'NoneType' object has no attribute 'pauseAudio',0.0003725588321685791
butter/mas/tests/clients/client_udp_test.py::TestUdpClientApiMethods::testGetMotorRegisterRange,butter.mas.tests.clients.client_udp_test,testGetMotorRegisterRange,butter/mas/tests/clients/client_test.py,,,passed,,5.007232159376144
butter/mas/tests/packets/packet_http_test.py::TestHttpPacketMethods::testSend,butter.mas.tests.packets.packet_http_test,testSend,butter/mas/tests/packets/packet_http_test.py,,,passed,,0.005187682807445526
butter/mas/tests/api_test.py::TestHttpClientApiMethods::testStopAnimation,butter.mas.tests.api_test,testStopAnimation,butter/mas/tests/clients/client_test.py,,,passed,,0.0031198114156723022
butter/mas/tests/api_test.py::TestUdpPacketMethods::testSend,butter.mas.tests.api_test,testSend,butter/mas/tests/packets/packet_udp_test.py,,,passed,,5.00603087246418
