id,module,name,file,doc,markers,status,message,duration
butter/mas/tests/clients/client_http_test.py::TestHttpClientApiMethods::testResumeAnimation,butter.mas.tests.clients.client_http_test,testResumeAnimation,butter/mas/tests/clients/client_test.py,,,failed,AttributeError: 'TestHttpClientApiMethods' object has no attribute 'client',0.0007483288645744324
butter/mas/tests/api_test.py::TestTcpClientApiMethods::testMoveMotorInTime,butter.mas.tests.api_test,testMoveMotorInTime,butter/mas/tests/clients/client_test.py,,,passed,,0.0018598735332489014
butter/mas/tests/clients/client_test.py::TestClientApiMethods::testMoveMotorInTime,butter.mas.tests.clients.client_test,testMoveMotorInTime,butter/mas/tests/clients/client_test.py,,,failed,AttributeError: 'TestClientApiMethods' object has no attribute 'client',0.0003687143325805664
butter/mas/tests/clients/client_udp_test.py::TestClientApiMethods::testPlayAudio,butter.mas.tests.clients.client_udp_test,testPlayAudio,butter/mas/tests/clients/client_test.py,,,failed,AttributeError: 'TestClientApiMethods' object has no attribute 'client',0.00036069005727767944
butter/mas/tests/clients/client_http_test.py::TestHttpClientApiMethods::testPauseAudio,butter.mas.tests.clients.client_http_test,testPauseAudio,butter/mas/tests/clients/client_test.py,,,failed,AttributeError: 'TestHttpClientApiMethods' object has no attribute 'client',0.0003590807318687439
butter/mas/tests/api_test.py::TestHttpClientApiMethods::testPlayAudio,butter.mas.tests.api_test,testPlayAudio,butter/mas/tests/clients/client_test.py,,,passed,,0.004810929298400879
butter/mas/tests/api_test.py::TestTcpClientApiMethods::testResumeAudio,butter.mas.tests.api_test,testResumeAudio,butter/mas/tests/clients/client_test.py,,,passed,,0.0006519481539726257
butter/mas/tests/clients/client_http_test.py::TestClientApiMethods::testGetMotorRegister,butter.mas.tests.clients.client_http_test,testGetMotorRegister,butter/mas/tests/clients/client_test.py,,,failed,AttributeError: 'NoneType' object has no attribute 'getMotorRegister',0.00036641210317611694
butter/mas/tests/utils/version_validations_test.py::TestVersionValidationsMethods::testGetFirmwareVersions,butter.mas.tests.utils.version_validations_test,testGetFirmwareVersions,butter/mas/tests/utils/version_validations_test.py,,,failed,AssertionError: unexpectedly None,0.0028758421540260315
butter/mas/tests/clients/client_test.py::TestClientApiMethods::testGetAvailableMotorRegisters,butter.mas.tests.clients.client_test,testGetAvailableMotorRegisters,butter/mas/tests/clients/client_test.py,,,failed,AttributeError: 'NoneType' object has no attribute 'getAvailableMotorRegisters',0.0003669038414955139
butter/mas/tests/clients/client_test.py::TestClientApiMethods::testGetMotorRegisterRange,butter.mas.tests.clients.client_test,testGetMotorRegisterRange,butter/mas/tests/clients/client_test.py,,,failed,AttributeError: 'NoneType' object has no attribute 'getMotorRegisterRange',0.0003641769289970398
butter/mas/tests/packets/packet_udp_test.py::TestUdpPacketMethods::testSend,butter.mas.tests.packets.packet_udp_test,testSend,butter/mas/tests/packets/packet_udp_test.py,,,passed,,5.0075991824269295
butter/mas/tests/clients/client_udp_test.py::TestClientApiMethods::testGetAvailableSounds,butter.mas.tests.clients.client_udp_test,testGetAvailableSounds,butter/mas/tests/clients/client_test.py,,,failed,AttributeError: 'NoneType' object has no attribute 'getAvailableSounds',0.0005895718932151794
butter/mas/tests/clients/client_tcp_test.py::TestTcpClientApiMethods::testGetMotorRegisterRange,butter.mas.tests.clients.client_tcp_test,testGetMotorRegisterRange,butter/mas/tests/clients/client_test.py,,,passed,,0.001136191189289093
butter/mas/tests/clients/client_tcp_test.py::TestClientApiMethods::testStopAudio,butter.mas.tests.clients.client_tcp_test,testStopAudio,butter/mas/tests/clients/client_test.py,,,failed,AttributeError: 'NoneType' object has no attribute 'stopAudio',0.0003608986735343933
butter/mas/tests/clients/client_http_test.py::TestHttpClientApiMethods::testGetAvailableHandlers,butter.mas.tests.clients.client_http_test,testGetAvailableHandlers,butter/mas/tests/clients/client_test.py,,,passed,,0.004289321601390839
butter/mas/tests/api_test.py::TestHttpClientApiMethods::testMoveMotorInDirection,butter.mas.tests.api_test,testMoveMotorInDirection,butter/mas/tests/clients/client_test.py,,,passed,,0.0029972270131111145
butter/mas/tests/api_test.py::TestUdpClientApiMethods::testGetAvailableMotorRegisters,butter.mas.tests.api_test,testGetAvailableMotorRegisters,butter/mas/tests/clients/client_test.py,,,passed,,5.005990982055664
butter/mas/tests/clients/client_http_test.py::TestHttpClientApiMethods::testGetAvailableAnimations,butter.mas.tests.clients.client_http_test,testGetAvailableAnimations,butter/mas/tests/clients/client_test.py,,,passed,,0.0030454322695732117
butter/mas/tests/clients/client_udp_test.py::TestUdpClientApiMethods::testSetMotorRegister,butter.mas.tests.clients.client_udp_test,testSetMotorRegister,butter/mas/tests/clients/client_test.py,,,passed,,5.0064980536699295
butter/mas/tests/api_test.py::TestUdpClientApiMethods::testGetMotorRegister,butter.mas.tests.api_test,testGetMotorRegister,butter/mas/tests/clients/client_test.py,,,passed,,5.006106846034527
butter/mas/tests/clients/client_udp_test.py::TestClientApiMethods::testGetAvailableMotorRegisters,butter.mas.tests.clients.client_udp_test,testGetAvailableMotorRegisters,butter/mas/tests/clients/client_test.py,,,failed,AttributeError: 'NoneType' object has no attribute 'getAvailableMotorRegisters',0.00043486058712005615
butter/mas/tests/clients/client_http_test.py::TestClientApiMethods::testMoveMotorInTime,butter.mas.tests.clients.client_http_test,testMoveMotorInTime,butter/mas/tests/clients/client_test.py,,,failed,AttributeError: 'NoneType' object has no attribute 'moveMotorInTime',0.00036822259426116943
butter/mas/tests/api_test.py::TestTcpClientApiMethods::testGetAvailableAnimations,butter.mas.tests.api_test,testGetAvailableAnimations,butter/mas/tests/clients/client_test.py,,,passed,,0.0007715821266174316
butter/mas/tests/clients/client_http_test.py::TestClientApiMethods::testGetMotorRegisterRange,butter.mas.tests.clients.client_http_test,testGetMotorRegisterRange,butter/mas/tests/clients/client_test.py,,,failed,AttributeError: 'NoneType' object has no attribute 'getMotorRegisterRange',0.0003627166152000427
butter/mas/tests/clients/client_tcp_test.py::TestTcpClientApiMethods::testSetMotorRegister,butter.mas.tests.clients.client_tcp_test,testSetMotorRegister,butter/mas/tests/clients/client_test.py,,,passed,,0.0006752759218215942
butter/mas/tests/clients/client_http_test.py::TestHttpClientApiMethods::testGetAvailableSounds,butter.mas.tests.clients.client_http_test,testGetAvailableSounds,butter/mas/tests/clients/client_test.py,,,passed,,0.00364086776971817
butter/mas/tests/api_test.py::TestVersionValidationsMethods::testGetLatestAppVersion,butter.mas.tests.api_test,testGetLatestAppVersion,butter/mas/tests/utils/version_validations_test.py,,,passed,,0.04039918631315231
butter/mas/tests/clients/client_udp_test.py::TestUdpClientApiMethods::testPauseAudio,butter.mas.tests.clients.client_udp_test,testPauseAudio,butter/mas/tests/clients/client_test.py,,,passed,,5.007781341671944
butter/mas/tests/clients/client_tcp_test.py::TestTcpClientApiMethods::testResumeAnimation,butter.mas.tests.clients.client_tcp_test,testResumeAnimation,butter/mas/tests/clients/client_test.py,,,passed,,0.0014498010277748108
butter/mas/tests/api_test.py::TestHttpClientApiMethods::testStopAudio,butter.mas.tests.api_test,testStopAudio,butter/mas/tests/clients/client_test.py,,,passed,,0.00447266548871994
butter/mas/tests/clients/client_http_test.py::TestHttpClientApiMethods::testMoveMotorToPosition,butter.mas.tests.clients.client_http_test,testMoveMotorToPosition,butter/mas/tests/clients/client_test.py,,,passed,,0.0034608766436576843
butter/mas/tests/api_test.py::TestUdpClientApiMethods::testPauseAudio,butter.mas.tests.api_test,testPauseAudio,butter/mas/tests/clients/client_test.py,,,passed,,5.00489641726017
butter/mas/tests/api_test.py::TestUdpClientApiMethods::testStopAudio,butter.mas.tests.api_test,testStopAudio,butter/mas/tests/clients/client_test.py,,,passed,,5.006492264568806
butter/mas/tests/clients/client_http_test.py::TestHttpClientApiMethods::testResumeAudio,butter.mas.tests.clients.client_http_test,testResumeAudio,butter/mas/tests/clients/client_test.py,,,passed,,0.0038039609789848328
butter/mas/tests/clients/client_test.py::TestClientApiMethods::testPlayAnimation,butter.mas.tests.clients.client_test,testPlayAnimation,butter/mas/tests/clients/client_test.py,,,failed,AttributeError: 'NoneType' object has no attribute 'playAnimation',0.0004989802837371826
butter/mas/tests/api_test.py::TestTcpClientApiMethods::testGetAvailableMotorRegisters,butter.mas.tests.api_test,testGetAvailableMotorRegisters,butter/mas/tests/clients/client_test.py,,,passed,,0.000715993344783783
butter/mas/tests/packets/packet_builder_test.py::TestPacketBuilderMethods::testAddArguments,butter.mas.tests.packets.packet_builder_test,testAddArguments,butter/mas/tests/packets/packet_builder_test.py,,,passed,,0.00034580379724502563
butter/mas/tests/clients/client_test.py::TestClientApiMethods::testSetMotorRegister,butter.mas.tests.clients.client_test,testSetMotorRegister,butter/mas/tests/clients/client_test.py,,,failed,AttributeError: 'NoneType' object has no attribute 'setMotorRegister',0.0003573969006538391
butter/mas/tests/api_test.py::TestTcpClientApiMethods::testPauseAnimation,butter.mas.tests.api_test,testPauseAnimation,butter/mas/tests/clients/client_test.py,,,passed,,0.000703565776348114
butter/mas/tests/api_test.py::TestHttpClientApiMethods::testGetAvailableHandlers,butter.mas.tests.api_test,testGetAvailableHandlers,butter/mas/tests/clients/client_test.py,,,passed,,0.0029010549187660217
butter/mas/tests/clients/client_http_test.py::TestClientApiMethods::testPlayAnimation,butter.mas.tests.clients.client_http_test,testPlayAnimation,butter/mas/tests/clients/client_test.py,,,failed,AttributeError: 'NoneType' object has no attribute 'playAnimation',0.0003684386610984802
butter/mas/tests/clients/client_http_test.py::TestHttpClientApiMethods::testSetMotorRegister,butter.mas.tests.clients.client_http_test,testSetMotorRegister,butter/mas/tests/clients/client_test.py,,,passed,,0.0030445903539657593
butter/mas/tests/clients/client_http_test.py::TestHttpClientApiMethods::testPauseAnimation,butter.mas.tests.clients.client_http_test,testPauseAnimation,butter/mas/tests/clients/client_test.py,,,passed,,0.0029144063591957092
butter/mas/tests/clients/client_tcp_test.py::TestClientApiMethods::testGetAvailableHandlers,butter.mas.tests.clients.client_tcp_test,testGetAvailableHandlers,butter/mas/tests/clients/client_test.py,,,failed,AttributeError: 'NoneType' object has no attribute 'getAvailableHandlers',0.00037060678005218506
butter/mas/tests/clients/client_tcp_test.py::TestClientApiMethods::testGetAvailableAnimations,butter.mas.tests.clients.client_tcp_test,testGetAvailableAnimations,butter/mas/tests/clients/client_test.py,,,failed,AttributeError: 'NoneType' object has no attribute 'getAvailableAnimations',0.00036131590604782104
butter/mas/tests/clients/client_test.py::TestClientApiMethods::testMoveMotorInDirection,butter.mas.tests.clients.client_test,testMoveMotorInDirection,butter/mas/tests/clients/client_test.py,,,failed,AttributeError: 'NoneType' object has no attribute 'moveMotorToPosition',0.00035999715328216553
butter/mas/tests/clients/client_tcp_test.py::TestClientApiMethods::testPauseAnimation,butter.mas.tests.clients.client_tcp_test,testPauseAnimation,butter/mas/tests/clients/client_test.py,,,failed,AttributeError: 'NoneType' object has no attribute 'pauseAnimation',0.00035963207483291626
butter/mas/tests/clients/client_tcp_test.py::TestTcpClientApiMethods::testMoveMotorToPosition,butter.mas.tests.clients.client_tcp_test,testMoveMotorToPosition,butter/mas/tests/clients/client_test.py,,,passed,,0.0006980374455451965
butter/mas/tests/clients/client_http_test.py::TestHttpClientApiMethods::testMoveMotorInTime,butter.mas.tests.clients.client_http_test,testMoveMotorInTime,butter/mas/tests/clients/client_test.py,,,passed,,0.002995423972606659
butter/mas/tests/api_test.py::TestTcpClientApiMethods::testGetMotorRegister,butter.mas.tests.api_test,testGetMotorRegister,butter/mas/tests/clients/client_test.py,,,passed,,0.0006633400917053223
butter/mas/tests/clients/client_tcp_test.py::TestClientApiMethods::testMoveMotorInDirection,butter.mas.tests.clients.client_tcp_test,testMoveMotorInDirection,butter/mas/tests/clients/client_test.py,,,failed,AttributeError: 'NoneType' object has no attribute 'moveMotorToPosition',0.0003590136766433716
butter/mas/tests/api_test.py::TestUdpClientApiMethods::testSetMotorRegister,butter.mas.tests.api_test,testSetMotorRegister,butter/mas/tests/clients/client_test.py,,,passed,,5.0101096630096436
butter/mas/tests/clients/client_tcp_test.py::TestClientApiMethods::testSetMotorRegister,butter.mas.tests.clients.client_tcp_test,testSetMotorRegister,butter/mas/tests/clients/client_test.py,,,failed,AttributeError: 'NoneType' object has no attribute 'setMotorRegister',0.0012812614440917969
butter/mas/tests/clients/client_tcp_test.py::TestClientApiMethods::testResumeAudio,butter.mas.tests.clients.client_tcp_test,testResumeAudio,butter/mas/tests/clients/client_test.py,,,failed,AttributeError: 'NoneType' object has no attribute 'resumeAudio',0.0008798614144325256
butter/mas/tests/clients/client_http_test.py::TestClientApiMethods::testSetMotorRegister,butter.mas.tests.clients.client_http_test,testSetMotorRegister,butter/mas/tests/clients/client_test.py,,,failed,AttributeError: 'NoneType' object has no attribute 'setMotorRegister',0.0008792951703071594
butter/mas/tests/api_test.py::TestHttpClientApiMethods::testResumeAudio,butter.mas.tests.api_test,testResumeAudio,butter/mas/tests/clients/client_test.py,,,passed,,0.007102511823177338
butter/mas/tests/api_test.py::TestPacketBuilderMethods::testAddArgument,butter.mas.tests.api_test,testAddArgument,butter/mas/tests/packets/packet_builder_test.py,,,passed,,0.0004358366131782532
butter/mas/tests/api_test.py::TestUdpClientApiMethods::testResumeAnimation,butter.mas.tests.api_test,testResumeAnimation,butter/mas/tests/clients/client_test.py,,,passed,,5.006496034562588
butter/mas/tests/clients/client_tcp_test.py::TestTcpClientApiMethods::testPlayAnimation,butter.mas.tests.clients.client_tcp_test,testPlayAnimation,butter/mas/tests/clients/client_test.py,,,passed,,0.0008223727345466614
butter/mas/tests/clients/client_tcp_test.py::TestClientApiMethods::testPlayAnimation,butter.mas.tests.clients.client_tcp_test,testPlayAnimation,butter/mas/tests/clients/client_test.py,,,failed,AttributeError: 'NoneType' object has no attribute 'playAnimation',0.0003805235028266907
butter/mas/tests/api_test.py::TestHttpClientApiMethods::testMoveMotorInTime,butter.mas.tests.api_test,testMoveMotorInTime,butter/mas/tests/clients/client_test.py,,,passed,,0.003206223249435425
butter/mas/tests/clients/client_http_test.py::TestClientApiMethods::testGetAvailableAnimations,butter.mas.tests.clients.client_http_test,testGetAvailableAnimations,butter/mas/tests/clients/client_test.py,,,failed,AttributeError: 'NoneType' object has no attribute 'getAvailableAnimations',0.0003687813878059387
butter/mas/tests/api_test.py::TestHttpClientApiMethods::testResumeAnimation,butter.mas.tests.api_test,testResumeAnimation,butter/mas/tests/clients/client_test.py,,,passed,,0.0030788257718086243
butter/mas/tests/clients/client_test.py::TestClientApiMethods::testGetMotorRegister,butter.mas.tests.clients.client_test,testGetMotorRegister,butter/mas/tests/clients/client_test.py,,,failed,AttributeError: 'NoneType' object has no attribute 'getMotorRegister',0.00037094950675964355
butter/mas/tests/clients/client_udp_test.py::TestClientApiMethods::testPauseAudio,butter.mas.tests.clients.client_udp_test,testPauseAudio,butter/mas/tests/clients/client_test.py,,,failed,AttributeError: 'NoneType' object has no attribute 'pauseAudio',0.00036592036485671997
butter/mas/tests/clients/client_udp_test.py::TestUdpClientApiMethods::testStopAnimation,butter.mas.tests.clients.client_udp_test,testStopAnimation,butter/mas/tests/clients/client_test.py,,,passed,,5.006689295172691
butter/mas/tests/clients/client_tcp_test.py::TestTcpClientApiMethods::testPauseAnimation,butter.mas.tests.clients.client_tcp_test,testPauseAnimation,butter/mas/tests/clients/client_test.py,,,passed,,0.0009710043668746948
butter/mas/tests/api_test.py::TestUdpClientApiMethods::testMoveMotorInDirection,butter.mas.tests.api_test,testMoveMotorInDirection,butter/mas/tests/clients/client_test.py,,,passed,,5.005949482321739
butter/mas/tests/clients/client_udp_test.py::TestClientApiMethods::testGetAvailableAnimations,butter.mas.tests.clients.client_udp_test,testGetAvailableAnimations,butter/mas/tests/clients/client_test.py,,,failed,AttributeError: 'NoneType' object has no attribute 'getAvailableAnimations',0.0003824755549430847
butter/mas/tests/api_test.py::TestHttpClientApiMethods::testGetMotorRegister,butter.mas.tests.api_test,testGetMotorRegister,butter/mas/tests/clients/client_test.py,,,passed,,0.003644712269306183
butter/mas/tests/clients/client_test.py::TestClientApiMethods::testResumeAudio,butter.mas.tests.clients.client_test,testResumeAudio,butter/mas/tests/clients/client_test.py,,,failed,AttributeError: 'NoneType' object has no attribute 'resumeAudio',0.00037214159965515137
butter/mas/tests/clients/client_tcp_test.py::TestClientApiMethods::testGetMotorRegisterRange,butter.mas.tests.clients.client_tcp_test,testGetMotorRegisterRange,butter/mas/tests/clients/client_test.py,,,failed,AttributeError: 'NoneType' object has no attribute 'getMotorRegisterRange',0.00036704540252685547
butter/mas/tests/packets/packet_builder_test.py::TestPacketBuilderMethods::testAddKeyValuePair,butter.mas.tests.packets.packet_builder_test,testAddKeyValuePair,butter/mas/tests/packets/packet_builder_test.py,,,passed,,0.0003471300005912781
butter/mas/tests/clients/client_http_test.py::TestClientApiMethods::testGetAvailableHandlers,butter.mas.tests.clients.client_http_test,testGetAvailableHandlers,butter/mas/tests/clients/client_test.py,,,failed,AttributeError: 'NoneType' object has no attribute 'getAvailableHandlers',0.00036278367042541504
butter/mas/tests/clients/client_test.py::TestClientApiMethods::testStopAudio,butter.mas.tests.clients.client_test,testStopAudio,butter/mas/tests/clients/client_test.py,,,failed,AttributeError: 'NoneType' object has no attribute 'stopAudio',0.0003944188356399536
butter/mas/tests/api_test.py::TestTcpClientApiMethods::testMoveMotorToPosition,butter.mas.tests.api_test,testMoveMotorToPosition,butter/mas/tests/clients/client_test.py,,,passed,,0.0007090792059898376
butter/mas/tests/clients/client_tcp_test.py::TestTcpClientApiMethods::testGetMotorRegister,butter.mas.tests.clients.client_tcp_test,testGetMotorRegister,butter/mas/tests/clients/client_test.py,,,passed,,0.0006237924098968506
butter/mas/tests/api_test.py::TestPacketBuilderMethods::testBuild,butter.mas.tests.api_test,testBuild,butter/mas/tests/packets/packet_builder_test.py,,,passed,,0.00036934763193130493
butter/mas/tests/clients/client_udp_test.py::TestClientApiMethods::testMoveMotorInDirection,butter.mas.tests.clients.client_udp_test,testMoveMotorInDirection,butter/mas/tests/clients/client_test.py,,,failed,AttributeError: 'NoneType' object has no attribute 'moveMotorToPosition',0.00036172568798065186
butter/mas/tests/clients/client_udp_test.py::TestUdpClientApiMethods::testResumeAnimation,butter.mas.tests.clients.client_udp_test,testResumeAnimation,butter/mas/tests/clients/client_test.py,,,passed,,5.007544420659542
butter/mas/tests/clients/client_test.py::TestClientApiMethods::testPauseAudio,butter.mas.tests.clients.client_test,testPauseAudio,butter/mas/tests/clients/client_test.py,,,failed,AttributeError: 'NoneType' object has no attribute 'pauseAudio',0.0007162764668464661
butter/mas/tests/api_test.py::TestUdpClientApiMethods::testPauseAnimation,butter.mas.tests.api_test,testPauseAnimation,butter/mas/tests/clients/client_test.py,,,passed,,5.006648577749729
butter/mas/tests/clients/client_udp_test.py::TestUdpClientApiMethods::testStopAudio,butter.mas.tests.clients.client_udp_test,testStopAudio,butter/mas/tests/clients/client_test.py,,,passed,,5.006022542715073
butter/mas/tests/api_test.py::TestTcpClientApiMethods::testPlayAudio,butter.mas.tests.api_test,testPlayAudio,butter/mas/tests/clients/client_test.py,,,passed,,0.0008857175707817078
butter/mas/tests/clients/client_udp_test.py::TestUdpClientApiMethods::testGetAvailableSounds,butter.mas.tests.clients.client_udp_test,testGetAvailableSounds,butter/mas/tests/clients/client_test.py,,,passed,,5.006066128611565
butter/mas/tests/api_test.py::TestTcpClientApiMethods::testSetMotorRegister,butter.mas.tests.api_test,testSetMotorRegister,butter/mas/tests/clients/client_test.py,,,passed,,0.0007571280002593994
butter/mas/tests/clients/client_tcp_test.py::TestClientApiMethods::testStopAnimation,butter.mas.tests.clients.client_tcp_test,testStopAnimation,butter/mas/tests/clients/client_test.py,,,failed,AttributeError: 'NoneType' object has no attribute 'stopAnimation',0.00037673860788345337
butter/mas/tests/clients/client_tcp_test.py::TestTcpClientApiMethods::testGetAvailableSounds,butter.mas.tests.clients.client_tcp_test,testGetAvailableSounds,butter/mas/tests/clients/client_test.py,,,passed,,0.000749446451663971
butter/mas/tests/clients/client_http_test.py::TestHttpClientApiMethods::testStopAnimation,butter.mas.tests.clients.client_http_test,testStopAnimation,butter/mas/tests/clients/client_test.py,,,passed,,0.004398703575134277
butter/mas/tests/utils/version_validations_test.py::TestVersionValidationsMethods::testCheckForUpdates,butter.mas.tests.utils.version_validations_test,testCheckForUpdates,butter/mas/tests/utils/version_validations_test.py,,,failed,AssertionError: True is not false,0.03658376634120941
butter/mas/tests/api_test.py::TestPacketBuilderMethods::testAddArguments,butter.mas.tests.api_test,testAddArguments,butter/mas/tests/packets/packet_builder_test.py,,,passed,,0.0004127323627471924
butter/mas/tests/clients/client_http_test.py::TestHttpClientApiMethods::testGetMotorRegister,butter.mas.tests.clients.client_http_test,testGetMotorRegister,butter/mas/tests/clients/client_test.py,,,passed,,0.0032471492886543274
butter/mas/tests/packets/packet_builder_test.py::TestPacketBuilderMethods::testAddArgument,butter.mas.tests.packets.packet_builder_test,testAddArgument,butter/mas/tests/packets/packet_builder_test.py,,,passed,,0.0006687045097351074
butter/mas/tests/api_test.py::TestPacketBuilderMethods::testAddKeyValuePair,butter.mas.tests.api_test,testAddKeyValuePair,butter/mas/tests/packets/packet_builder_test.py,,,passed,,0.00033979862928390503
butter/mas/tests/clients/client_udp_test.py::TestUdpClientApiMethods::testMoveMotorToPosition,butter.mas.tests.clients.client_udp_test,testMoveMotorToPosition,butter/mas/tests/clients/client_test.py,,,passed,,5.007868155837059
butter/mas/tests/api_test.py::TestHttpClientApiMethods::testStopAnimation,butter.mas.tests.api_test,testStopAnimation,butter/mas/tests/clients/client_test.py,,,passed,,0.005006708204746246
butter/mas/tests/clients/client_http_test.py::TestClientApiMethods::testPauseAnimation,butter.mas.tests.clients.client_http_test,testPauseAnimation,butter/mas/tests/clients/client_test.py,,,failed,AttributeError: 'NoneType' object has no attribute 'pauseAnimation',0.0003964453935623169
butter/mas/tests/clients/client_test.py::TestClientApiMethods::testGetAvailableHandlers,butter.mas.tests.clients.client_test,testGetAvailableHandlers,butter/mas/tests/clients/client_test.py,,,failed,AttributeError: 'NoneType' object has no attribute 'getAvailableHandlers',0.00036697834730148315
butter/mas/tests/api_test.py::TestUdpClientApiMethods::testMoveMotorInTime,butter.mas.tests.api_test,testMoveMotorInTime,butter/mas/tests/clients/client_test.py,,,passed,,5.005970865488052
butter/mas/tests/clients/client_udp_test.py::TestUdpClientApiMethods::testResumeAudio,butter.mas.tests.clients.client_udp_test,testResumeAudio,butter/mas/tests/clients/client_test.py,,,passed,,5.006104201078415
butter/mas/tests/clients/client_tcp_test.py::TestClientApiMethods::testGetAvailableSounds,butter.mas.tests.clients.client_tcp_test,testGetAvailableSounds,butter/mas/tests/clients/client_test.py,,,failed,AttributeError: 'NoneType' object has no attribute 'getAvailableSounds',0.0003860369324684143
butter/mas/tests/clients/client_tcp_test.py::TestTcpClientApiMethods::testGetAvailableHandlers,butter.mas.tests.clients.client_tcp_test,testGetAvailableHandlers,butter/mas/tests/clients/client_test.py,,,passed,,0.0010138899087905884
butter/mas/tests/packets/packet_builder_test.py::TestPacketBuilderMethods::testBuild,butter.mas.tests.packets.packet_builder_test,testBuild,butter/mas/tests/packets/packet_builder_test.py,,,passed,,0.0003701895475387573
butter/mas/tests/clients/client_test.py::TestClientApiMethods::testPlayAudio,butter.mas.tests.clients.client_test,testPlayAudio,butter/mas/tests/clients/client_test.py,,,failed,AttributeError: 'NoneType' object has no attribute 'playAudio',0.0003633424639701843
butter/mas/tests/packets/packet_builder_test.py::TestPacketBuilderMethods::testAddParameters,butter.mas.tests.packets.packet_builder_test,testAddParameters,butter/mas/tests/packets/packet_builder_test.py,,,passed,,0.0003524497151374817
butter/mas/tests/clients/client_tcp_test.py::TestTcpClientApiMethods::testResumeAudio,butter.mas.tests.clients.client_tcp_test,testResumeAudio,butter/mas/tests/clients/client_test.py,,,passed,,0.0007014647126197815
butter/mas/tests/clients/client_test.py::TestClientApiMethods::testResumeAnimation,butter.mas.tests.clients.client_test,testResumeAnimation,butter/mas/tests/clients/client_test.py,,,failed,AttributeError: 'NoneType' object has no attribute 'resumeAnimation',0.00036466121673583984
butter/mas/tests/api_test.py::TestUdpPacketMethods::testSend,butter.mas.tests.api_test,testSend,butter/mas/tests/packets/packet_udp_test.py,,,passed,,5.005856104195118
butter/mas/tests/clients/client_test.py::TestClientApiMethods::testGetAvailableSounds,butter.mas.tests.clients.client_test,testGetAvailableSounds,butter/mas/tests/clients/client_test.py,,,failed,AttributeError: 'NoneType' object has no attribute 'getAvailableSounds',0.00037179142236709595
butter/mas/tests/api_test.py::TestUdpClientApiMethods::testGetAvailableHandlers,butter.mas.tests.api_test,testGetAvailableHandlers,butter/mas/tests/clients/client_test.py,,,passed,,5.007853150367737
butter/mas/tests/clients/client_tcp_test.py::TestClientApiMethods::testPlayAudio,butter.mas.tests.clients.client_tcp_test,testPlayAudio,butter/mas/tests/clients/client_test.py,,,failed,AttributeError: 'NoneType' object has no attribute 'playAudio',0.0005313903093338013
butter/mas/tests/api_test.py::TestUdpClientApiMethods::testGetAvailableAnimations,butter.mas.tests.api_test,testGetAvailableAnimations,butter/mas/tests/clients/client_test.py,,,passed,,5.006492480635643
butter/mas/tests/clients/client_tcp_test.py::TestClientApiMethods::testResumeAnimation,butter.mas.tests.clients.client_tcp_test,testResumeAnimation,butter/mas/tests/clients/client_test.py,,,failed,AttributeError: 'NoneType' object has no attribute 'resumeAnimation',0.0003789141774177551
butter/mas/tests/clients/client_http_test.py::TestClientApiMethods::testStopAudio,butter.mas.tests.clients.client_http_test,testStopAudio,butter/mas/tests/clients/client_test.py,,,failed,AttributeError: 'NoneType' object has no attribute 'stopAudio',0.00036522746086120605
butter/mas/tests/clients/client_tcp_test.py::TestTcpClientApiMethods::testStopAudio,butter.mas.tests.clients.client_tcp_test,testStopAudio,butter/mas/tests/clients/client_test.py,,,passed,,0.0009501799941062927
butter/mas/tests/api_test.py::TestVersionValidationsMethods::testCheckCompatibility,butter.mas.tests.api_test,testCheckCompatibility,butter/mas/tests/utils/version_validations_test.py,,,failed,AssertionError: False is not true,0.004441797733306885
butter/mas/tests/clients/client_http_test.py::TestHttpClientApiMethods::testStopAudio,butter.mas.tests.clients.client_http_test,testStopAudio,butter/mas/tests/clients/client_test.py,,,passed,,0.003044523298740387
butter/mas/tests/clients/client_udp_test.py::TestClientApiMethods::testStopAudio,butter.mas.tests.clients.client_udp_test,testStopAudio,butter/mas/tests/clients/client_test.py,,,failed,AttributeError: 'NoneType' object has no attribute 'stopAudio',0.0003695562481880188
butter/mas/tests/clients/client_http_test.py::TestHttpClientApiMethods::testPlayAnimation,butter.mas.tests.clients.client_http_test,testPlayAnimation,butter/mas/tests/clients/client_test.py,,,passed,,0.0029782429337501526
butter/mas/tests/clients/client_http_test.py::TestHttpClientApiMethods::testGetAvailableMotorRegisters,butter.mas.tests.clients.client_http_test,testGetAvailableMotorRegisters,butter/mas/tests/clients/client_test.py,,,passed,,0.00291433185338974
butter/mas/tests/clients/client_udp_test.py::TestClientApiMethods::testGetMotorRegisterRange,butter.mas.tests.clients.client_udp_test,testGetMotorRegisterRange,butter/mas/tests/clients/client_test.py,,,failed,AttributeError: 'NoneType' object has no attribute 'getMotorRegisterRange',0.0003641769289970398
butter/mas/tests/clients/client_udp_test.py::TestUdpClientApiMethods::testGetMotorRegister,butter.mas.tests.clients.client_udp_test,testGetMotorRegister,butter/mas/tests/clients/client_test.py,,,passed,,5.002715468406677
butter/mas/tests/api_test.py::TestHttpClientApiMethods::testMoveMotorToPosition,butter.mas.tests.api_test,testMoveMotorToPosition,butter/mas/tests/clients/client_test.py,,,passed,,0.0032794177532196045
butter/mas/tests/utils/version_validations_test.py::TestVersionValidationsMethods::testGetLatestAppVersion,butter.mas.tests.utils.version_validations_test,testGetLatestAppVersion,butter/mas/tests/utils/version_validations_test.py,,,passed,,0.03567500412464142
butter/mas/tests/clients/client_http_test.py::TestClientApiMethods::testResumeAudio,butter.mas.tests.clients.client_http_test,testResumeAudio,butter/mas/tests/clients/client_test.py,,,failed,AttributeError: 'NoneType' object has no attribute 'resumeAudio',0.00038491934537887573
butter/mas/tests/api_test.py::TestPacketBuilderMethods::testAddCommand,butter.mas.tests.api_test,testAddCommand,butter/mas/tests/packets/packet_builder_test.py,,,passed,,0.00039952248334884644
butter/mas/tests/api_test.py::TestTcpClientApiMethods::testPlayAnimation,butter.mas.tests.api_test,testPlayAnimation,butter/mas/tests/clients/client_test.py,,,passed,,0.0007810965180397034
butter/mas/tests/clients/client_udp_test.py::TestUdpClientApiMethods::testMoveMotorInDirection,butter.mas.tests.clients.client_udp_test,testMoveMotorInDirection,butter/mas/tests/clients/client_test.py,,,passed,,5.0058668702840805
butter/mas/tests/utils/version_validations_test.py::TestVersionValidationsMethods::testCheckCompatibility,butter.mas.tests.utils.version_validations_test,testCheckCompatibility,butter/mas/tests/utils/version_validations_test.py,,,failed,AssertionError: False is not true,0.0033509358763694763
butter/mas/tests/clients/client_tcp_test.py::TestClientApiMethods::testGetAvailableMotorRegisters,butter.mas.tests.clients.client_tcp_test,testGetAvailableMotorRegisters,butter/mas/tests/clients/client_test.py,,,failed,AttributeError: 'NoneType' object has no attribute 'getAvailableMotorRegisters',0.00036634504795074463
butter/mas/tests/clients/client_tcp_test.py::TestTcpClientApiMethods::testGetAvailableMotorRegisters,butter.mas.tests.clients.client_tcp_test,testGetAvailableMotorRegisters,butter/mas/tests/clients/client_test.py,,,passed,,0.0006992965936660767
butter/mas/tests/api_test.py::TestTcpClientApiMethods::testGetAvailableSounds,butter.mas.tests.api_test,testGetAvailableSounds,butter/mas/tests/clients/client_test.py,,,passed,,0.0006330832839012146
butter/mas/tests/clients/client_test.py::TestClientApiMethods::testPauseAnimation,butter.mas.tests.clients.client_test,testPauseAnimation,butter/mas/tests/clients/client_test.py,,,failed,AttributeError: 'NoneType' object has no attribute 'pauseAnimation',0.00035858154296875
butter/mas/tests/api_test.py::TestUdpClientApiMethods::testPlayAudio,butter.mas.tests.api_test,testPlayAudio,butter/mas/tests/clients/client_test.py,,,passed,,5.007762901484966
butter/mas/tests/clients/client_udp_test.py::TestClientApiMethods::testResumeAnimation,butter.mas.tests.clients.client_udp_test,testResumeAnimation,butter/mas/tests/clients/client_test.py,,,failed,AttributeError: 'NoneType' object has no attribute 'resumeAnimation',0.0006230250000953674
butter/mas/tests/clients/client_udp_test.py::TestUdpClientApiMethods::testGetAvailableAnimations,butter.mas.tests.clients.client_udp_test,testGetAvailableAnimations,butter/mas/tests/clients/client_test.py,,,passed,,5.006417326629162
butter/mas/tests/api_test.py::TestUdpClientApiMethods::testResumeAudio,butter.mas.tests.api_test,testResumeAudio,butter/mas/tests/clients/client_test.py,,,passed,,5.0060655027627945
butter/mas/tests/clients/client_tcp_test.py::TestTcpClientApiMethods::testPlayAudio,butter.mas.tests.clients.client_tcp_test,testPlayAudio,butter/mas/tests/clients/client_test.py,,,passed,,0.001692652702331543
butter/mas/tests/clients/client_http_test.py::TestClientApiMethods::testGetAvailableSounds,butter.mas.tests.clients.client_http_test,testGetAvailableSounds,butter/mas/tests/clients/client_test.py,,,failed,AttributeError: 'NoneType' object has no attribute 'getAvailableSounds',0.00046139955520629883
butter/mas/tests/clients/client_http_test.py::TestClientApiMethods::testResumeAnimation,butter.mas.tests.clients.client_http_test,testResumeAnimation,butter/mas/tests/clients/client_test.py,,,failed,AttributeError: 'NoneType' object has no attribute 'resumeAnimation',0.0004412159323692322
butter/mas/tests/api_test.py::TestHttpClientApiMethods::testGetAvailableAnimations,butter.mas.tests.api_test,testGetAvailableAnimations,butter/mas/tests/clients/client_test.py,,,passed,,0.006221473217010498
butter/mas/tests/clients/client_tcp_test.py::TestTcpClientApiMethods::testGetAvailableAnimations,butter.mas.tests.clients.client_tcp_test,testGetAvailableAnimations,butter/mas/tests/clients/client_test.py,,,passed,,0.0006990879774093628
butter/mas/tests/clients/client_udp_test.py::TestUdpClientApiMethods::testMoveMotorInTime,butter.mas.tests.clients.client_udp_test,testMoveMotorInTime,butter/mas/tests/clients/client_test.py,,,passed,,5.006334483623505
butter/mas/tests/clients/client_test.py::TestClientApiMethods::testStopAnimation,butter.mas.tests.clients.client_test,testStopAnimation,butter/mas/tests/clients/client_test.py,,,failed,AttributeError: 'NoneType' object has no attribute 'stopAnimation',0.00038848817348480225
butter/mas/tests/api_test.py::TestTcpClientApiMethods::testStopAnimation,butter.mas.tests.api_test,testStopAnimation,butter/mas/tests/clients/client_test.py,,,passed,,0.0008566603064537048
butter/mas/tests/api_test.py::TestVersionValidationsMethods::testCheckForUpdates,butter.mas.tests.api_test,testCheckForUpdates,butter/mas/tests/utils/version_validations_test.py,,,failed,AssertionError: True is not false,0.03934492915868759
butter/mas/tests/api_test.py::TestTcpPacketMethods::testSend,butter.mas.tests.api_test,testSend,butter/mas/tests/packets/packet_tcp_test.py,,,passed,,0.0007586777210235596
butter/mas/tests/clients/client_udp_test.py::TestClientApiMethods::testPlayAnimation,butter.mas.tests.clients.client_udp_test,testPlayAnimation,butter/mas/tests/clients/client_test.py,,,failed,AttributeError: 'NoneType' object has no attribute 'playAnimation',0.0003629922866821289
butter/mas/tests/clients/client_http_test.py::TestClientApiMethods::testGetAvailableMotorRegisters,butter.mas.tests.clients.client_http_test,testGetAvailableMotorRegisters,butter/mas/tests/clients/client_test.py,,,failed,AttributeError: 'NoneType' object has no attribute 'getAvailableMotorRegisters',0.0003645271062850952
butter/mas/tests/api_test.py::TestUdpClientApiMethods::testPlayAnimation,butter.mas.tests.api_test,testPlayAnimation,butter/mas/tests/clients/client_test.py,,,passed,,5.007381893694401
butter/mas/tests/clients/client_tcp_test.py::TestClientApiMethods::testGetMotorRegister,butter.mas.tests.clients.client_tcp_test,testGetMotorRegister,butter/mas/tests/clients/client_test.py,,,failed,AttributeError: 'NoneType' object has no attribute 'getMotorRegister',0.0005800127983093262
butter/mas/tests/clients/client_udp_test.py::TestClientApiMethods::testSetMotorRegister,butter.mas.tests.clients.client_udp_test,testSetMotorRegister,butter/mas/tests/clients/client_test.py,,,failed,AttributeError: 'NoneType' object has no attribute 'setMotorRegister',0.00036340951919555664
butter/mas/tests/clients/client_udp_test.py::TestClientApiMethods::testStopAnimation,butter.mas.tests.clients.client_udp_test,testStopAnimation,butter/mas/tests/clients/client_test.py,,,failed,AttributeError: 'NoneType' object has no attribute 'stopAnimation',0.0003590136766433716
butter/mas/tests/packets/packet_tcp_test.py::TestTcpPacketMethods::testSend,butter.mas.tests.packets.packet_tcp_test,testSend,butter/mas/tests/packets/packet_tcp_test.py,,,passed,,0.00131254643201828
butter/mas/tests/api_test.py::TestUdpClientApiMethods::testMoveMotorToPosition,butter.mas.tests.api_test,testMoveMotorToPosition,butter/mas/tests/clients/client_test.py,,,passed,,5.006008513271809
butter/mas/tests/clients/client_udp_test.py::TestClientApiMethods::testMoveMotorInTime,butter.mas.tests.clients.client_udp_test,testMoveMotorInTime,butter/mas/tests/clients/client_test.py,,,failed,AttributeError: 'NoneType' object has no attribute 'moveMotorInTime',0.0003673955798149109
butter/mas/tests/clients/client_udp_test.py::TestClientApiMethods::testPauseAnimation,butter.mas.tests.clients.client_udp_test,testPauseAnimation,butter/mas/tests/clients/client_test.py,,,failed,AttributeError: 'NoneType' object has no attribute 'pauseAnimation',0.0003581717610359192
butter/mas/tests/api_test.py::TestUdpClientApiMethods::testStopAnimation,butter.mas.tests.api_test,testStopAnimation,butter/mas/tests/clients/client_test.py,,,passed,,5.006210722029209
butter/mas/tests/clients/client_tcp_test.py::TestClientApiMethods::testPauseAudio,butter.mas.tests.clients.client_tcp_test,testPauseAudio,butter/mas/tests/clients/client_test.py,,,failed,AttributeError: 'NoneType' object has no attribute 'pauseAudio',0.0003748685121536255
butter/mas/tests/clients/client_http_test.py::TestClientApiMethods::testMoveMotorInDirection,butter.mas.tests.clients.client_http_test,testMoveMotorInDirection,butter/mas/tests/clients/client_test.py,,,failed,AttributeError: 'NoneType' object has no attribute 'moveMotorToPosition',0.000363275408744812
butter/mas/tests/api_test.py::TestTcpClientApiMethods::testPauseAudio,butter.mas.tests.api_test,testPauseAudio,butter/mas/tests/clients/client_test.py,,,passed,,0.00087699294090271
butter/mas/tests/packets/packet_builder_test.py::TestPacketBuilderMethods::testAddParameter,butter.mas.tests.packets.packet_builder_test,testAddParameter,butter/mas/tests/packets/packet_builder_test.py,,,passed,,0.00035027414560317993
butter/mas/tests/api_test.py::TestHttpClientApiMethods::testSetMotorRegister,butter.mas.tests.api_test,testSetMotorRegister,butter/mas/tests/clients/client_test.py,,,passed,,0.00424252450466156
butter/mas/tests/api_test.py::TestPacketBuilderMethods::testAddParameters,butter.mas.tests.api_test,testAddParameters,butter/mas/tests/packets/packet_builder_test.py,,,passed,,0.0003477632999420166
butter/mas/tests/api_test.py::TestUdpClientApiMethods::testGetMotorRegisterRange,butter.mas.tests.api_test,testGetMotorRegisterRange,butter/mas/tests/clients/client_test.py,,,passed,,5.005865685641766
butter/mas/tests/clients/client_tcp_test.py::TestTcpClientApiMethods::testMoveMotorInDirection,butter.mas.tests.clients.client_tcp_test,testMoveMotorInDirection,butter/mas/tests/clients/client_test.py,,,passed,,0.0007491037249565125
butter/mas/tests/clients/client_http_test.py::TestClientApiMethods::testPlayAudio,butter.mas.tests.clients.client_http_test,testPlayAudio,butter/mas/tests/clients/client_test.py,,,failed,AttributeError: 'NoneType' object has no attribute 'playAudio',0.0003643110394477844
butter/mas/tests/clients/client_test.py::TestClientApiMethods::testMoveMotorToPosition,butter.mas.tests.clients.client_test,testMoveMotorToPosition,butter/mas/tests/clients/client_test.py,,,failed,AttributeError: 'NoneType' object has no attribute 'moveMotorToPosition',0.00036257505416870117
butter/mas/tests/api_test.py::TestTcpClientApiMethods::testStopAudio,butter.mas.tests.api_test,testStopAudio,butter/mas/tests/clients/client_test.py,,,passed,,0.0006906390190124512
butter/mas/tests/api_test.py::TestTcpClientApiMethods::testMoveMotorInDirection,butter.mas.tests.api_test,testMoveMotorInDirection,butter/mas/tests/clients/client_test.py,,,passed,,0.0006184801459312439
butter/mas/tests/api_test.py::TestVersionValidationsMethods::testGetFirmwareVersions,butter.mas.tests.api_test,testGetFirmwareVersions,butter/mas/tests/utils/version_validations_test.py,,,failed,AssertionError: unexpectedly None,0.0029642730951309204
butter/mas/tests/clients/client_tcp_test.py::TestTcpClientApiMethods::testStopAnimation,butter.mas.tests.clients.client_tcp_test,testStopAnimation,butter/mas/tests/clients/client_test.py,,,passed,,0.0006986707448959351
butter/mas/tests/packets/packet_http_test.py::TestHttpPacketMethods::testSend,butter.mas.tests.packets.packet_http_test,testSend,butter/mas/tests/packets/packet_http_test.py,,,passed,,0.0028870925307273865
butter/mas/tests/clients/client_udp_test.py::TestUdpClientApiMethods::testGetMotorRegisterRange,butter.mas.tests.clients.client_udp_test,testGetMotorRegisterRange,butter/mas/tests/clients/client_test.py,,,passed,,5.007567346096039
butter/mas/tests/clients/client_udp_test.py::TestClientApiMethods::testResumeAudio,butter.mas.tests.clients.client_udp_test,testResumeAudio,butter/mas/tests/clients/client_test.py,,,failed,AttributeError: 'NoneType' object has no attribute 'resumeAudio',0.0006832331418991089
butter/mas/tests/api_test.py::TestHttpClientApiMethods::testPauseAnimation,butter.mas.tests.api_test,testPauseAnimation,butter/mas/tests/clients/client_test.py,,,passed,,0.004749685525894165
butter/mas/tests/clients/client_http_test.py::TestHttpClientApiMethods::testPlayAudio,butter.mas.tests.clients.client_http_test,testPlayAudio,butter/mas/tests/clients/client_test.py,,,passed,,0.0030135884881019592
butter/mas/tests/clients/client_test.py::TestClientApiMethods::testGetAvailableAnimations,butter.mas.tests.clients.client_test,testGetAvailableAnimations,butter/mas/tests/clients/client_test.py,,,failed,AttributeError: 'NoneType' object has no attribute 'getAvailableAnimations',0.00036913901567459106
butter/mas/tests/clients/client_udp_test.py::TestClientApiMethods::testMoveMotorToPosition,butter.mas.tests.clients.client_udp_test,testMoveMotorToPosition,butter/mas/tests/clients/client_test.py,,,failed,AttributeError: 'NoneType' object has no attribute 'moveMotorToPosition',0.0003606826066970825
butter/mas/tests/clients/client_http_test.py::TestHttpClientApiMethods::testGetMotorRegisterRange,butter.mas.tests.clients.client_http_test,testGetMotorRegisterRange,butter/mas/tests/clients/client_test.py,,,passed,,0.0030432045459747314
butter/mas/tests/clients/client_tcp_test.py::TestTcpClientApiMethods::testPauseAudio,butter.mas.tests.clients.client_tcp_test,testPauseAudio,butter/mas/tests/clients/client_test.py,,,passed,,0.0006485879421234131
butter/mas/tests/clients/client_http_test.py::TestClientApiMethods::testStopAnimation,butter.mas.tests.clients.client_http_test,testStopAnimation,butter/mas/tests/clients/client_test.py,,,failed,AttributeError: 'NoneType' object has no attribute 'stopAnimation',0.0003608912229537964
butter/mas/tests/clients/client_tcp_test.py::TestClientApiMethods::testMoveMotorToPosition,butter.mas.tests.clients.client_tcp_test,testMoveMotorToPosition,butter/mas/tests/clients/client_test.py,,,failed,AttributeError: 'NoneType' object has no attribute 'moveMotorToPosition',0.0003650188446044922
butter/mas/tests/api_test.py::TestTcpClientApiMethods::testResumeAnimation,butter.mas.tests.api_test,testResumeAnimation,butter/mas/tests/clients/client_test.py,,,passed,,0.0006931498646736145
butter/mas/tests/packets/packet_builder_test.py::TestPacketBuilderMethods::testAddCommand,butter.mas.tests.packets.packet_builder_test,testAddCommand,butter/mas/tests/packets/packet_builder_test.py,,,passed,,0.000337846577167511
butter/mas/tests/clients/client_udp_test.py::TestUdpClientApiMethods::testPauseAnimation,butter.mas.tests.clients.client_udp_test,testPauseAnimation,butter/mas/tests/clients/client_test.py,,,passed,,5.006114058196545
butter/mas/tests/clients/client_tcp_test.py::TestTcpClientApiMethods::testMoveMotorInTime,butter.mas.tests.clients.client_tcp_test,testMoveMotorInTime,butter/mas/tests/clients/client_test.py,,,passed,,0.0007744506001472473
butter/mas/tests/clients/client_http_test.py::TestClientApiMethods::testPauseAudio,butter.mas.tests.clients.client_http_test,testPauseAudio,butter/mas/tests/clients/client_test.py,,,failed,AttributeError: 'NoneType' object has no attribute 'pauseAudio',0.0003678128123283386
butter/mas/tests/api_test.py::TestHttpClientApiMethods::testPauseAudio,butter.mas.tests.api_test,testPauseAudio,butter/mas/tests/clients/client_test.py,,,passed,,0.003327198326587677
butter/mas/tests/api_test.py::TestHttpClientApiMethods::testPlayAnimation,butter.mas.tests.api_test,testPlayAnimation,butter/mas/tests/clients/client_test.py,,,passed,,0.0029196366667747498
butter/mas/tests/clients/client_udp_test.py::TestClientApiMethods::testGetMotorRegister,butter.mas.tests.clients.client_udp_test,testGetMotorRegister,butter/mas/tests/clients/client_test.py,,,failed,AttributeError: 'NoneType' object has no attribute 'getMotorRegister',0.00036767125129699707
butter/mas/tests/api_test.py::TestTcpClientApiMethods::testGetAvailableHandlers,butter.mas.tests.api_test,testGetAvailableHandlers,butter/mas/tests/clients/client_test.py,,,passed,,0.0007036924362182617
butter/mas/tests/clients/client_http_test.py::TestHttpClientApiMethods::testMoveMotorInDirection,butter.mas.tests.clients.client_http_test,testMoveMotorInDirection,butter/mas/tests/clients/client_test.py,,,passed,,0.00302337110042572
butter/mas/tests/clients/client_udp_test.py::TestClientApiMethods::testGetAvailableHandlers,butter.mas.tests.clients.client_udp_test,testGetAvailableHandlers,butter/mas/tests/clients/client_test.py,,,failed,AttributeError: 'NoneType' object has no attribute 'getAvailableHandlers',0.00036676228046417236
butter/mas/tests/api_test.py::TestHttpClientApiMethods::testGetAvailableSounds,butter.mas.tests.api_test,testGetAvailableSounds,butter/mas/tests/clients/client_test.py,,,passed,,0.0030097365379333496
butter/mas/tests/clients/client_http_test.py::TestClientApiMethods::testMoveMotorToPosition,butter.mas.tests.clients.client_http_test,testMoveMotorToPosition,butter/mas/tests/clients/client_test.py,,,failed,AttributeError: 'NoneType' object has no attribute 'moveMotorToPosition',0.0003645271062850952
butter/mas/tests/clients/client_udp_test.py::TestUdpClientApiMethods::testPlayAudio,butter.mas.tests.clients.client_udp_test,testPlayAudio,butter/mas/tests/clients/client_test.py,,,passed,,5.005960255861282
butter/mas/tests/clients/client_tcp_test.py::TestClientApiMethods::testMoveMotorInTime,butter.mas.tests.clients.client_tcp_test,testMoveMotorInTime,butter/mas/tests/clients/client_test.py,,,failed,AttributeError: 'NoneType' object has no attribute 'moveMotorInTime',0.0003729090094566345
butter/mas/tests/api_test.py::TestHttpClientApiMethods::testGetAvailableMotorRegisters,butter.mas.tests.api_test,testGetAvailableMotorRegisters,butter/mas/tests/clients/client_test.py,,,passed,,0.003192394971847534
butter/mas/tests/clients/client_udp_test.py::TestUdpClientApiMethods::testGetAvailableHandlers,butter.mas.tests.clients.client_udp_test,testGetAvailableHandlers,butter/mas/tests/clients/client_test.py,,,passed,,5.0060968697071075
butter/mas/tests/clients/client_udp_test.py::TestUdpClientApiMethods::testPlayAnimation,butter.mas.tests.clients.client_udp_test,testPlayAnimation,butter/mas/tests/clients/client_test.py,,,passed,,5.0076137855648994
butter/mas/tests/api_test.py::TestTcpClientApiMethods::testGetMotorRegisterRange,butter.mas.tests.api_test,testGetMotorRegisterRange,butter/mas/tests/clients/client_test.py,,,passed,,0.0014766156673431396
butter/mas/tests/api_test.py::TestUdpClientApiMethods::testGetAvailableSounds,butter.mas.tests.api_test,testGetAvailableSounds,butter/mas/tests/clients/client_test.py,,,passed,,5.003971241414547
butter/mas/tests/api_test.py::TestHttpPacketMethods::testSend,butter.mas.tests.api_test,testSend,butter/mas/tests/packets/packet_http_test.py,,,passed,,0.004417769610881805
butter/mas/tests/api_test.py::TestHttpClientApiMethods::testGetMotorRegisterRange,butter.mas.tests.api_test,testGetMotorRegisterRange,butter/mas/tests/clients/client_test.py,,,passed,,0.0029965341091156006
butter/mas/tests/api_test.py::TestPacketBuilderMethods::testAddParameter,butter.mas.tests.api_test,testAddParameter,butter/mas/tests/packets/packet_builder_test.py,,,passed,,0.00035741180181503296
butter/mas/tests/clients/client_udp_test.py::TestUdpClientApiMethods::testGetAvailableMotorRegisters,butter.mas.tests.clients.client_udp_test,testGetAvailableMotorRegisters,butter/mas/tests/clients/client_test.py,,,passed,,5.006520830094814
