id,module,name,file,doc,markers,status,message,duration
butter/mas/tests/api_test.py::TestTcpClientApiMethods::testStopAnimation,butter.mas.tests.api_test,testStopAnimation,butter/mas/tests/clients/client_test.py,,,passed,,0.0019900575280189514
butter/mas/tests/clients/client_udp_test.py::TestUdpClientApiMethods::testMoveMotorToPosition,butter.mas.tests.clients.client_udp_test,testMoveMotorToPosition,butter/mas/tests/clients/client_test.py,,,failed,AttributeError: 'TestUdpClientApiMethods' object has no attribute 'client',0.0005550608038902283
butter/mas/tests/clients/client_http_test.py::TestHttpClientApiMethods::testPauseAudio,butter.mas.tests.clients.client_http_test,testPauseAudio,butter/mas/tests/clients/client_test.py,,,failed,AttributeError: 'TestHttpClientApiMethods' object has no attribute 'client',0.000377655029296875
butter/mas/tests/clients/client_tcp_test.py::TestTcpClientApiMethods::testResumeAudio,butter.mas.tests.clients.client_tcp_test,testResumeAudio,butter/mas/tests/clients/client_test.py,,,passed,,0.0007645413279533386
butter/mas/tests/packets/packet_builder_test.py::TestPacketBuilderMethods::testBuild,butter.mas.tests.packets.packet_builder_test,testBuild,butter/mas/tests/packets/packet_builder_test.py,,,passed,,0.0003634840250015259
butter/mas/tests/clients/client_udp_test.py::TestClientApiMethods::testGetMotorRegister,butter.mas.tests.clients.client_udp_test,testGetMotorRegister,butter/mas/tests/clients/client_test.py,,,failed,AttributeError: 'TestClientApiMethods' object has no attribute 'client',0.00035803020000457764
butter/mas/tests/api_test.py::TestUdpClientApiMethods::testResumeAnimation,butter.mas.tests.api_test,testResumeAnimation,butter/mas/tests/clients/client_test.py,,,passed,,5.007674418389797
butter/mas/tests/api_test.py::TestTcpClientApiMethods::testGetMotorRegisterRange,butter.mas.tests.api_test,testGetMotorRegisterRange,butter/mas/tests/clients/client_test.py,,,passed,,0.0011380016803741455
butter/mas/tests/api_test.py::TestHttpClientApiMethods::testStopAnimation,butter.mas.tests.api_test,testStopAnimation,butter/mas/tests/clients/client_test.py,,,passed,,0.00592561811208725
butter/mas/tests/clients/client_tcp_test.py::TestTcpClientApiMethods::testGetMotorRegisterRange,butter.mas.tests.clients.client_tcp_test,testGetMotorRegisterRange,butter/mas/tests/clients/client_test.py,,,passed,,0.00066395103931427
butter/mas/tests/clients/client_http_test.py::TestClientApiMethods::testMoveMotorInTime,butter.mas.tests.clients.client_http_test,testMoveMotorInTime,butter/mas/tests/clients/client_test.py,,,failed,AttributeError: 'NoneType' object has no attribute 'moveMotorInTime',0.0003895983099937439
butter/mas/tests/api_test.py::TestUdpClientApiMethods::testPauseAudio,butter.mas.tests.api_test,testPauseAudio,butter/mas/tests/clients/client_test.py,,,passed,,5.005976386368275
butter/mas/tests/packets/packet_http_test.py::TestHttpPacketMethods::testSend,butter.mas.tests.packets.packet_http_test,testSend,butter/mas/tests/packets/packet_http_test.py,,,passed,,0.0033621937036514282
butter/mas/tests/clients/client_tcp_test.py::TestClientApiMethods::testResumeAnimation,butter.mas.tests.clients.client_tcp_test,testResumeAnimation,butter/mas/tests/clients/client_test.py,,,failed,AttributeError: 'NoneType' object has no attribute 'resumeAnimation',0.00037766993045806885
butter/mas/tests/api_test.py::TestHttpClientApiMethods::testResumeAnimation,butter.mas.tests.api_test,testResumeAnimation,butter/mas/tests/clients/client_test.py,,,passed,,0.002989627420902252
butter/mas/tests/clients/client_tcp_test.py::TestClientApiMethods::testPlayAnimation,butter.mas.tests.clients.client_tcp_test,testPlayAnimation,butter/mas/tests/clients/client_test.py,,,failed,AttributeError: 'NoneType' object has no attribute 'playAnimation',0.00036501139402389526
butter/mas/tests/clients/client_udp_test.py::TestClientApiMethods::testGetAvailableHandlers,butter.mas.tests.clients.client_udp_test,testGetAvailableHandlers,butter/mas/tests/clients/client_test.py,,,failed,AttributeError: 'NoneType' object has no attribute 'getAvailableHandlers',0.00036494433879852295
butter/mas/tests/clients/client_udp_test.py::TestClientApiMethods::testMoveMotorInDirection,butter.mas.tests.clients.client_udp_test,testMoveMotorInDirection,butter/mas/tests/clients/client_test.py,,,failed,AttributeError: 'NoneType' object has no attribute 'moveMotorToPosition',0.00035782158374786377
butter/mas/tests/clients/client_test.py::TestClientApiMethods::testGetMotorRegister,butter.mas.tests.clients.client_test,testGetMotorRegister,butter/mas/tests/clients/client_test.py,,,failed,AttributeError: 'NoneType' object has no attribute 'getMotorRegister',0.00035684555768966675
butter/mas/tests/api_test.py::TestVersionValidationsMethods::testCheckForUpdates,butter.mas.tests.api_test,testCheckForUpdates,butter/mas/tests/utils/version_validations_test.py,,,failed,AssertionError: True is not false,0.04142662137746811
butter/mas/tests/clients/client_udp_test.py::TestUdpClientApiMethods::testGetMotorRegister,butter.mas.tests.clients.client_udp_test,testGetMotorRegister,butter/mas/tests/clients/client_test.py,,,passed,,5.006241515278816
butter/mas/tests/clients/client_tcp_test.py::TestTcpClientApiMethods::testStopAudio,butter.mas.tests.clients.client_tcp_test,testStopAudio,butter/mas/tests/clients/client_test.py,,,passed,,0.0007527396082878113
butter/mas/tests/clients/client_test.py::TestClientApiMethods::testPlayAnimation,butter.mas.tests.clients.client_test,testPlayAnimation,butter/mas/tests/clients/client_test.py,,,failed,AttributeError: 'NoneType' object has no attribute 'playAnimation',0.0003674626350402832
butter/mas/tests/clients/client_tcp_test.py::TestClientApiMethods::testMoveMotorInTime,butter.mas.tests.clients.client_tcp_test,testMoveMotorInTime,butter/mas/tests/clients/client_test.py,,,failed,AttributeError: 'NoneType' object has no attribute 'moveMotorInTime',0.0003608986735343933
butter/mas/tests/api_test.py::TestTcpClientApiMethods::testMoveMotorInTime,butter.mas.tests.api_test,testMoveMotorInTime,butter/mas/tests/clients/client_test.py,,,passed,,0.0007158592343330383
butter/mas/tests/clients/client_udp_test.py::TestClientApiMethods::testPlayAnimation,butter.mas.tests.clients.client_udp_test,testPlayAnimation,butter/mas/tests/clients/client_test.py,,,failed,AttributeError: 'NoneType' object has no attribute 'playAnimation',0.00035774707794189453
butter/mas/tests/api_test.py::TestUdpClientApiMethods::testMoveMotorInTime,butter.mas.tests.api_test,testMoveMotorInTime,butter/mas/tests/clients/client_test.py,,,passed,,5.0062485709786415
butter/mas/tests/clients/client_udp_test.py::TestClientApiMethods::testStopAnimation,butter.mas.tests.clients.client_udp_test,testStopAnimation,butter/mas/tests/clients/client_test.py,,,failed,AttributeError: 'NoneType' object has no attribute 'stopAnimation',0.00041369348764419556
butter/mas/tests/clients/client_test.py::TestClientApiMethods::testPlayAudio,butter.mas.tests.clients.client_test,testPlayAudio,butter/mas/tests/clients/client_test.py,,,failed,AttributeError: 'NoneType' object has no attribute 'playAudio',0.00036019831895828247
butter/mas/tests/clients/client_http_test.py::TestHttpClientApiMethods::testResumeAudio,butter.mas.tests.clients.client_http_test,testResumeAudio,butter/mas/tests/clients/client_test.py,,,passed,,0.0037858709692955017
butter/mas/tests/clients/client_udp_test.py::TestUdpClientApiMethods::testGetAvailableAnimations,butter.mas.tests.clients.client_udp_test,testGetAvailableAnimations,butter/mas/tests/clients/client_test.py,,,passed,,5.0067523792386055
butter/mas/tests/api_test.py::TestHttpClientApiMethods::testGetAvailableAnimations,butter.mas.tests.api_test,testGetAvailableAnimations,butter/mas/tests/clients/client_test.py,,,passed,,0.004292324185371399
butter/mas/tests/clients/client_test.py::TestClientApiMethods::testMoveMotorInDirection,butter.mas.tests.clients.client_test,testMoveMotorInDirection,butter/mas/tests/clients/client_test.py,,,failed,AttributeError: 'NoneType' object has no attribute 'moveMotorToPosition',0.0004218742251396179
butter/mas/tests/clients/client_tcp_test.py::TestTcpClientApiMethods::testResumeAnimation,butter.mas.tests.clients.client_tcp_test,testResumeAnimation,butter/mas/tests/clients/client_test.py,,,passed,,0.0007518231868743896
butter/mas/tests/api_test.py::TestUdpClientApiMethods::testGetAvailableAnimations,butter.mas.tests.api_test,testGetAvailableAnimations,butter/mas/tests/clients/client_test.py,,,passed,,5.005914509296417
butter/mas/tests/api_test.py::TestTcpClientApiMethods::testGetAvailableMotorRegisters,butter.mas.tests.api_test,testGetAvailableMotorRegisters,butter/mas/tests/clients/client_test.py,,,passed,,0.0006850510835647583
butter/mas/tests/clients/client_tcp_test.py::TestClientApiMethods::testStopAnimation,butter.mas.tests.clients.client_tcp_test,testStopAnimation,butter/mas/tests/clients/client_test.py,,,failed,AttributeError: 'NoneType' object has no attribute 'stopAnimation',0.0003627687692642212
butter/mas/tests/clients/client_http_test.py::TestHttpClientApiMethods::testMoveMotorInTime,butter.mas.tests.clients.client_http_test,testMoveMotorInTime,butter/mas/tests/clients/client_test.py,,,passed,,0.003090977668762207
butter/mas/tests/clients/client_test.py::TestClientApiMethods::testPauseAudio,butter.mas.tests.clients.client_test,testPauseAudio,butter/mas/tests/clients/client_test.py,,,failed,AttributeError: 'NoneType' object has no attribute 'pauseAudio',0.0003673955798149109
butter/mas/tests/clients/client_udp_test.py::TestUdpClientApiMethods::testPauseAudio,butter.mas.tests.clients.client_udp_test,testPauseAudio,butter/mas/tests/clients/client_test.py,,,passed,,5.00606481730938
butter/mas/tests/api_test.py::TestVersionValidationsMethods::testGetLatestAppVersion,butter.mas.tests.api_test,testGetLatestAppVersion,butter/mas/tests/utils/version_validations_test.py,,,passed,,0.03741583973169327
butter/mas/tests/clients/client_tcp_test.py::TestTcpClientApiMethods::testGetMotorRegister,butter.mas.tests.clients.client_tcp_test,testGetMotorRegister,butter/mas/tests/clients/client_test.py,,,passed,,0.0007120892405509949
butter/mas/tests/utils/version_validations_test.py::TestVersionValidationsMethods::testCheckForUpdates,butter.mas.tests.utils.version_validations_test,testCheckForUpdates,butter/mas/tests/utils/version_validations_test.py,,,failed,AssertionError: True is not false,0.0396324098110199
butter/mas/tests/api_test.py::TestHttpClientApiMethods::testPauseAnimation,butter.mas.tests.api_test,testPauseAnimation,butter/mas/tests/clients/client_test.py,,,passed,,0.003098100423812866
butter/mas/tests/clients/client_http_test.py::TestHttpClientApiMethods::testMoveMotorInDirection,butter.mas.tests.clients.client_http_test,testMoveMotorInDirection,butter/mas/tests/clients/client_test.py,,,passed,,0.0029322803020477295
butter/mas/tests/clients/client_test.py::TestClientApiMethods::testResumeAudio,butter.mas.tests.clients.client_test,testResumeAudio,butter/mas/tests/clients/client_test.py,,,failed,AttributeError: 'NoneType' object has no attribute 'resumeAudio',0.00036998093128204346
butter/mas/tests/clients/client_test.py::TestClientApiMethods::testStopAudio,butter.mas.tests.clients.client_test,testStopAudio,butter/mas/tests/clients/client_test.py,,,failed,AttributeError: 'NoneType' object has no attribute 'stopAudio',0.00035782158374786377
butter/mas/tests/clients/client_tcp_test.py::TestTcpClientApiMethods::testStopAnimation,butter.mas.tests.clients.client_tcp_test,testStopAnimation,butter/mas/tests/clients/client_test.py,,,passed,,0.0006856769323348999
butter/mas/tests/api_test.py::TestUdpClientApiMethods::testSetMotorRegister,butter.mas.tests.api_test,testSetMotorRegister,butter/mas/tests/clients/client_test.py,,,passed,,5.006469018757343
butter/mas/tests/clients/client_http_test.py::TestClientApiMethods::testPlayAudio,butter.mas.tests.clients.client_http_test,testPlayAudio,butter/mas/tests/clients/client_test.py,,,failed,AttributeError: 'NoneType' object has no attribute 'playAudio',0.0004074797034263611
butter/mas/tests/clients/client_udp_test.py::TestClientApiMethods::testPauseAnimation,butter.mas.tests.clients.client_udp_test,testPauseAnimation,butter/mas/tests/clients/client_test.py,,,failed,AttributeError: 'NoneType' object has no attribute 'pauseAnimation',0.0003638342022895813
butter/mas/tests/clients/client_udp_test.py::TestUdpClientApiMethods::testPauseAnimation,butter.mas.tests.clients.client_udp_test,testPauseAnimation,butter/mas/tests/clients/client_test.py,,,passed,,5.010382004082203
butter/mas/tests/clients/client_tcp_test.py::TestClientApiMethods::testGetMotorRegister,butter.mas.tests.clients.client_tcp_test,testGetMotorRegister,butter/mas/tests/clients/client_test.py,,,failed,AttributeError: 'NoneType' object has no attribute 'getMotorRegister',0.0005875527858734131
butter/mas/tests/packets/packet_tcp_test.py::TestTcpPacketMethods::testSend,butter.mas.tests.packets.packet_tcp_test,testSend,butter/mas/tests/packets/packet_tcp_test.py,,,passed,,0.0011346489191055298
butter/mas/tests/api_test.py::TestUdpClientApiMethods::testPlayAnimation,butter.mas.tests.api_test,testPlayAnimation,butter/mas/tests/clients/client_test.py,,,passed,,5.006222181022167
butter/mas/tests/api_test.py::TestTcpClientApiMethods::testResumeAudio,butter.mas.tests.api_test,testResumeAudio,butter/mas/tests/clients/client_test.py,,,passed,,0.0010069012641906738
butter/mas/tests/clients/client_udp_test.py::TestUdpClientApiMethods::testGetAvailableSounds,butter.mas.tests.clients.client_udp_test,testGetAvailableSounds,butter/mas/tests/clients/client_test.py,,,passed,,5.005992732942104
butter/mas/tests/clients/client_udp_test.py::TestClientApiMethods::testPlayAudio,butter.mas.tests.clients.client_udp_test,testPlayAudio,butter/mas/tests/clients/client_test.py,,,failed,AttributeError: 'NoneType' object has no attribute 'playAudio',0.00039302557706832886
butter/mas/tests/clients/client_tcp_test.py::TestClientApiMethods::testPauseAudio,butter.mas.tests.clients.client_tcp_test,testPauseAudio,butter/mas/tests/clients/client_test.py,,,failed,AttributeError: 'NoneType' object has no attribute 'pauseAudio',0.0003650933504104614
butter/mas/tests/api_test.py::TestTcpClientApiMethods::testPauseAudio,butter.mas.tests.api_test,testPauseAudio,butter/mas/tests/clients/client_test.py,,,passed,,0.0009872838854789734
butter/mas/tests/clients/client_udp_test.py::TestClientApiMethods::testMoveMotorToPosition,butter.mas.tests.clients.client_udp_test,testMoveMotorToPosition,butter/mas/tests/clients/client_test.py,,,failed,AttributeError: 'NoneType' object has no attribute 'moveMotorToPosition',0.00035915523767471313
butter/mas/tests/api_test.py::TestTcpClientApiMethods::testGetAvailableAnimations,butter.mas.tests.api_test,testGetAvailableAnimations,butter/mas/tests/clients/client_test.py,,,passed,,0.0013612285256385803
butter/mas/tests/api_test.py::TestHttpClientApiMethods::testGetMotorRegister,butter.mas.tests.api_test,testGetMotorRegister,butter/mas/tests/clients/client_test.py,,,passed,,0.0038073882460594177
butter/mas/tests/api_test.py::TestUdpClientApiMethods::testGetAvailableHandlers,butter.mas.tests.api_test,testGetAvailableHandlers,butter/mas/tests/clients/client_test.py,,,passed,,5.008231237530708
butter/mas/tests/clients/client_test.py::TestClientApiMethods::testGetAvailableHandlers,butter.mas.tests.clients.client_test,testGetAvailableHandlers,butter/mas/tests/clients/client_test.py,,,failed,AttributeError: 'NoneType' object has no attribute 'getAvailableHandlers',0.0012907609343528748
butter/mas/tests/api_test.py::TestUdpClientApiMethods::testPlayAudio,butter.mas.tests.api_test,testPlayAudio,butter/mas/tests/clients/client_test.py,,,passed,,5.008023232221603
butter/mas/tests/api_test.py::TestTcpClientApiMethods::testMoveMotorToPosition,butter.mas.tests.api_test,testMoveMotorToPosition,butter/mas/tests/clients/client_test.py,,,passed,,0.0008698627352714539
butter/mas/tests/api_test.py::TestUdpClientApiMethods::testPauseAnimation,butter.mas.tests.api_test,testPauseAnimation,butter/mas/tests/clients/client_test.py,,,passed,,5.00602151453495
butter/mas/tests/clients/client_http_test.py::TestClientApiMethods::testGetMotorRegisterRange,butter.mas.tests.clients.client_http_test,testGetMotorRegisterRange,butter/mas/tests/clients/client_test.py,,,failed,AttributeError: 'NoneType' object has no attribute 'getMotorRegisterRange',0.00038854777812957764
butter/mas/tests/api_test.py::TestHttpClientApiMethods::testGetMotorRegisterRange,butter.mas.tests.api_test,testGetMotorRegisterRange,butter/mas/tests/clients/client_test.py,,,passed,,0.005342952907085419
butter/mas/tests/clients/client_tcp_test.py::TestClientApiMethods::testGetAvailableSounds,butter.mas.tests.clients.client_tcp_test,testGetAvailableSounds,butter/mas/tests/clients/client_test.py,,,failed,AttributeError: 'NoneType' object has no attribute 'getAvailableSounds',0.0003954693675041199
butter/mas/tests/packets/packet_builder_test.py::TestPacketBuilderMethods::testAddCommand,butter.mas.tests.packets.packet_builder_test,testAddCommand,butter/mas/tests/packets/packet_builder_test.py,,,passed,,0.0004714652895927429
butter/mas/tests/clients/client_tcp_test.py::TestTcpClientApiMethods::testPauseAudio,butter.mas.tests.clients.client_tcp_test,testPauseAudio,butter/mas/tests/clients/client_test.py,,,passed,,0.0008195787668228149
butter/mas/tests/clients/client_tcp_test.py::TestTcpClientApiMethods::testMoveMotorToPosition,butter.mas.tests.clients.client_tcp_test,testMoveMotorToPosition,butter/mas/tests/clients/client_test.py,,,passed,,0.000683024525642395
butter/mas/tests/clients/client_http_test.py::TestClientApiMethods::testGetMotorRegister,butter.mas.tests.clients.client_http_test,testGetMotorRegister,butter/mas/tests/clients/client_test.py,,,failed,AttributeError: 'NoneType' object has no attribute 'getMotorRegister',0.0003606826066970825
butter/mas/tests/clients/client_tcp_test.py::TestClientApiMethods::testResumeAudio,butter.mas.tests.clients.client_tcp_test,testResumeAudio,butter/mas/tests/clients/client_test.py,,,failed,AttributeError: 'NoneType' object has no attribute 'resumeAudio',0.00040922313928604126
butter/mas/tests/api_test.py::TestTcpClientApiMethods::testResumeAnimation,butter.mas.tests.api_test,testResumeAnimation,butter/mas/tests/clients/client_test.py,,,passed,,0.0007270947098731995
butter/mas/tests/api_test.py::TestPacketBuilderMethods::testAddArgument,butter.mas.tests.api_test,testAddArgument,butter/mas/tests/packets/packet_builder_test.py,,,passed,,0.0003411322832107544
butter/mas/tests/clients/client_udp_test.py::TestUdpClientApiMethods::testPlayAudio,butter.mas.tests.clients.client_udp_test,testPlayAudio,butter/mas/tests/clients/client_test.py,,,passed,,5.00580233335495
butter/mas/tests/api_test.py::TestHttpClientApiMethods::testGetAvailableHandlers,butter.mas.tests.api_test,testGetAvailableHandlers,butter/mas/tests/clients/client_test.py,,,passed,,0.0029951483011245728
butter/mas/tests/clients/client_http_test.py::TestClientApiMethods::testStopAudio,butter.mas.tests.clients.client_http_test,testStopAudio,butter/mas/tests/clients/client_test.py,,,failed,AttributeError: 'NoneType' object has no attribute 'stopAudio',0.0004337430000305176
butter/mas/tests/clients/client_udp_test.py::TestClientApiMethods::testResumeAudio,butter.mas.tests.clients.client_udp_test,testResumeAudio,butter/mas/tests/clients/client_test.py,,,failed,AttributeError: 'NoneType' object has no attribute 'resumeAudio',0.000362299382686615
butter/mas/tests/packets/packet_builder_test.py::TestPacketBuilderMethods::testAddParameter,butter.mas.tests.packets.packet_builder_test,testAddParameter,butter/mas/tests/packets/packet_builder_test.py,,,passed,,0.00034972280263900757
butter/mas/tests/api_test.py::TestTcpClientApiMethods::testStopAudio,butter.mas.tests.api_test,testStopAudio,butter/mas/tests/clients/client_test.py,,,passed,,0.00068645179271698
butter/mas/tests/clients/client_tcp_test.py::TestClientApiMethods::testMoveMotorToPosition,butter.mas.tests.clients.client_tcp_test,testMoveMotorToPosition,butter/mas/tests/clients/client_test.py,,,failed,AttributeError: 'NoneType' object has no attribute 'moveMotorToPosition',0.0003583058714866638
butter/mas/tests/clients/client_test.py::TestClientApiMethods::testResumeAnimation,butter.mas.tests.clients.client_test,testResumeAnimation,butter/mas/tests/clients/client_test.py,,,failed,AttributeError: 'NoneType' object has no attribute 'resumeAnimation',0.0004137679934501648
butter/mas/tests/clients/client_tcp_test.py::TestClientApiMethods::testGetAvailableAnimations,butter.mas.tests.clients.client_tcp_test,testGetAvailableAnimations,butter/mas/tests/clients/client_test.py,,,failed,AttributeError: 'NoneType' object has no attribute 'getAvailableAnimations',0.0003582388162612915
butter/mas/tests/api_test.py::TestVersionValidationsMethods::testCheckCompatibility,butter.mas.tests.api_test,testCheckCompatibility,butter/mas/tests/utils/version_validations_test.py,,,failed,AssertionError: False is not true,0.002928309142589569
butter/mas/tests/api_test.py::TestUdpPacketMethods::testSend,butter.mas.tests.api_test,testSend,butter/mas/tests/packets/packet_udp_test.py,,,passed,,5.007097490131855
butter/mas/tests/clients/client_http_test.py::TestHttpClientApiMethods::testSetMotorRegister,butter.mas.tests.clients.client_http_test,testSetMotorRegister,butter/mas/tests/clients/client_test.py,,,passed,,0.004839569330215454
butter/mas/tests/clients/client_http_test.py::TestClientApiMethods::testPauseAudio,butter.mas.tests.clients.client_http_test,testPauseAudio,butter/mas/tests/clients/client_test.py,,,failed,AttributeError: 'NoneType' object has no attribute 'pauseAudio',0.00038904696702957153
butter/mas/tests/clients/client_http_test.py::TestHttpClientApiMethods::testPlayAnimation,butter.mas.tests.clients.client_http_test,testPlayAnimation,butter/mas/tests/clients/client_test.py,,,passed,,0.00303041934967041
butter/mas/tests/clients/client_tcp_test.py::TestClientApiMethods::testPauseAnimation,butter.mas.tests.clients.client_tcp_test,testPauseAnimation,butter/mas/tests/clients/client_test.py,,,failed,AttributeError: 'NoneType' object has no attribute 'pauseAnimation',0.00037094950675964355
butter/mas/tests/api_test.py::TestHttpClientApiMethods::testMoveMotorToPosition,butter.mas.tests.api_test,testMoveMotorToPosition,butter/mas/tests/clients/client_test.py,,,passed,,0.003023505210876465
butter/mas/tests/clients/client_http_test.py::TestHttpClientApiMethods::testGetAvailableAnimations,butter.mas.tests.clients.client_http_test,testGetAvailableAnimations,butter/mas/tests/clients/client_test.py,,,passed,,0.00292292982339859
butter/mas/tests/clients/client_http_test.py::TestClientApiMethods::testMoveMotorToPosition,butter.mas.tests.clients.client_http_test,testMoveMotorToPosition,butter/mas/tests/clients/client_test.py,,,failed,AttributeError: 'NoneType' object has no attribute 'moveMotorToPosition',0.00036054104566574097
butter/mas/tests/api_test.py::TestUdpClientApiMethods::testGetMotorRegisterRange,butter.mas.tests.api_test,testGetMotorRegisterRange,butter/mas/tests/clients/client_test.py,,,passed,,5.006195142865181
butter/mas/tests/api_test.py::TestHttpPacketMethods::testSend,butter.mas.tests.api_test,testSend,butter/mas/tests/packets/packet_http_test.py,,,passed,,0.0031513869762420654
butter/mas/tests/clients/client_udp_test.py::TestClientApiMethods::testMoveMotorInTime,butter.mas.tests.clients.client_udp_test,testMoveMotorInTime,butter/mas/tests/clients/client_test.py,,,failed,AttributeError: 'NoneType' object has no attribute 'moveMotorInTime',0.000380590558052063
butter/mas/tests/api_test.py::TestUdpClientApiMethods::testGetMotorRegister,butter.mas.tests.api_test,testGetMotorRegister,butter/mas/tests/clients/client_test.py,,,passed,,5.003781549632549
butter/mas/tests/clients/client_http_test.py::TestHttpClientApiMethods::testGetMotorRegister,butter.mas.tests.clients.client_http_test,testGetMotorRegister,butter/mas/tests/clients/client_test.py,,,passed,,0.003913700580596924
butter/mas/tests/clients/client_test.py::TestClientApiMethods::testGetAvailableSounds,butter.mas.tests.clients.client_test,testGetAvailableSounds,butter/mas/tests/clients/client_test.py,,,failed,AttributeError: 'NoneType' object has no attribute 'getAvailableSounds',0.0003919750452041626
butter/mas/tests/api_test.py::TestHttpClientApiMethods::testGetAvailableSounds,butter.mas.tests.api_test,testGetAvailableSounds,butter/mas/tests/clients/client_test.py,,,passed,,0.0036517009139060974
butter/mas/tests/clients/client_http_test.py::TestHttpClientApiMethods::testResumeAnimation,butter.mas.tests.clients.client_http_test,testResumeAnimation,butter/mas/tests/clients/client_test.py,,,passed,,0.0030749812722206116
butter/mas/tests/api_test.py::TestHttpClientApiMethods::testSetMotorRegister,butter.mas.tests.api_test,testSetMotorRegister,butter/mas/tests/clients/client_test.py,,,passed,,0.0029361993074417114
butter/mas/tests/clients/client_http_test.py::TestHttpClientApiMethods::testGetAvailableSounds,butter.mas.tests.clients.client_http_test,testGetAvailableSounds,butter/mas/tests/clients/client_test.py,,,passed,,0.003231644630432129
butter/mas/tests/clients/client_udp_test.py::TestUdpClientApiMethods::testResumeAudio,butter.mas.tests.clients.client_udp_test,testResumeAudio,butter/mas/tests/clients/client_test.py,,,passed,,5.005875043570995
butter/mas/tests/clients/client_http_test.py::TestHttpClientApiMethods::testGetMotorRegisterRange,butter.mas.tests.clients.client_http_test,testGetMotorRegisterRange,butter/mas/tests/clients/client_test.py,,,passed,,0.0030758902430534363
butter/mas/tests/packets/packet_builder_test.py::TestPacketBuilderMethods::testAddArguments,butter.mas.tests.packets.packet_builder_test,testAddArguments,butter/mas/tests/packets/packet_builder_test.py,,,passed,,0.0003483220934867859
butter/mas/tests/clients/client_tcp_test.py::TestTcpClientApiMethods::testGetAvailableMotorRegisters,butter.mas.tests.clients.client_tcp_test,testGetAvailableMotorRegisters,butter/mas/tests/clients/client_test.py,,,passed,,0.0006462857127189636
butter/mas/tests/clients/client_http_test.py::TestHttpClientApiMethods::testPauseAnimation,butter.mas.tests.clients.client_http_test,testPauseAnimation,butter/mas/tests/clients/client_test.py,,,passed,,0.002886459231376648
butter/mas/tests/clients/client_udp_test.py::TestClientApiMethods::testGetAvailableSounds,butter.mas.tests.clients.client_udp_test,testGetAvailableSounds,butter/mas/tests/clients/client_test.py,,,failed,AttributeError: 'NoneType' object has no attribute 'getAvailableSounds',0.00036760419607162476
butter/mas/tests/clients/client_http_test.py::TestHttpClientApiMethods::testStopAnimation,butter.mas.tests.clients.client_http_test,testStopAnimation,butter/mas/tests/clients/client_test.py,,,passed,,0.002993755042552948
butter/mas/tests/clients/client_http_test.py::TestHttpClientApiMethods::testPlayAudio,butter.mas.tests.clients.client_http_test,testPlayAudio,butter/mas/tests/clients/client_test.py,,,passed,,0.0028916969895362854
butter/mas/tests/api_test.py::TestPacketBuilderMethods::testAddParameter,butter.mas.tests.api_test,testAddParameter,butter/mas/tests/packets/packet_builder_test.py,,,passed,,0.0003483220934867859
butter/mas/tests/clients/client_tcp_test.py::TestClientApiMethods::testGetAvailableHandlers,butter.mas.tests.clients.client_tcp_test,testGetAvailableHandlers,butter/mas/tests/clients/client_test.py,,,failed,AttributeError: 'NoneType' object has no attribute 'getAvailableHandlers',0.00035544484853744507
butter/mas/tests/clients/client_udp_test.py::TestClientApiMethods::testGetAvailableAnimations,butter.mas.tests.clients.client_udp_test,testGetAvailableAnimations,butter/mas/tests/clients/client_test.py,,,failed,AttributeError: 'NoneType' object has no attribute 'getAvailableAnimations',0.0003602728247642517
butter/mas/tests/api_test.py::TestTcpClientApiMethods::testPlayAudio,butter.mas.tests.api_test,testPlayAudio,butter/mas/tests/clients/client_test.py,,,passed,,0.0006798058748245239
butter/mas/tests/clients/client_tcp_test.py::TestClientApiMethods::testSetMotorRegister,butter.mas.tests.clients.client_tcp_test,testSetMotorRegister,butter/mas/tests/clients/client_test.py,,,failed,AttributeError: 'NoneType' object has no attribute 'setMotorRegister',0.00035621970891952515
butter/mas/tests/clients/client_udp_test.py::TestUdpClientApiMethods::testResumeAnimation,butter.mas.tests.clients.client_udp_test,testResumeAnimation,butter/mas/tests/clients/client_test.py,,,passed,,5.003704227507114
butter/mas/tests/clients/client_tcp_test.py::TestTcpClientApiMethods::testMoveMotorInDirection,butter.mas.tests.clients.client_tcp_test,testMoveMotorInDirection,butter/mas/tests/clients/client_test.py,,,passed,,0.001519709825515747
butter/mas/tests/clients/client_test.py::TestClientApiMethods::testGetAvailableAnimations,butter.mas.tests.clients.client_test,testGetAvailableAnimations,butter/mas/tests/clients/client_test.py,,,failed,AttributeError: 'NoneType' object has no attribute 'getAvailableAnimations',0.0003949105739593506
butter/mas/tests/clients/client_http_test.py::TestClientApiMethods::testResumeAudio,butter.mas.tests.clients.client_http_test,testResumeAudio,butter/mas/tests/clients/client_test.py,,,failed,AttributeError: 'NoneType' object has no attribute 'resumeAudio',0.00036613643169403076
butter/mas/tests/api_test.py::TestHttpClientApiMethods::testResumeAudio,butter.mas.tests.api_test,testResumeAudio,butter/mas/tests/clients/client_test.py,,,passed,,0.00427381694316864
butter/mas/tests/api_test.py::TestTcpClientApiMethods::testPauseAnimation,butter.mas.tests.api_test,testPauseAnimation,butter/mas/tests/clients/client_test.py,,,passed,,0.0006528496742248535
butter/mas/tests/api_test.py::TestTcpPacketMethods::testSend,butter.mas.tests.api_test,testSend,butter/mas/tests/packets/packet_tcp_test.py,,,passed,,0.0005953684449195862
butter/mas/tests/clients/client_tcp_test.py::TestClientApiMethods::testStopAudio,butter.mas.tests.clients.client_tcp_test,testStopAudio,butter/mas/tests/clients/client_test.py,,,failed,AttributeError: 'NoneType' object has no attribute 'stopAudio',0.0003624334931373596
butter/mas/tests/api_test.py::TestHttpClientApiMethods::testGetAvailableMotorRegisters,butter.mas.tests.api_test,testGetAvailableMotorRegisters,butter/mas/tests/clients/client_test.py,,,passed,,0.0030404701828956604
butter/mas/tests/api_test.py::TestVersionValidationsMethods::testGetFirmwareVersions,butter.mas.tests.api_test,testGetFirmwareVersions,butter/mas/tests/utils/version_validations_test.py,,,failed,AssertionError: unexpectedly None,0.002804182469844818
butter/mas/tests/clients/client_udp_test.py::TestUdpClientApiMethods::testMoveMotorInDirection,butter.mas.tests.clients.client_udp_test,testMoveMotorInDirection,butter/mas/tests/clients/client_test.py,,,passed,,5.006001882255077
butter/mas/tests/packets/packet_builder_test.py::TestPacketBuilderMethods::testAddParameters,butter.mas.tests.packets.packet_builder_test,testAddParameters,butter/mas/tests/packets/packet_builder_test.py,,,passed,,0.0003548935055732727
butter/mas/tests/clients/client_http_test.py::TestClientApiMethods::testGetAvailableAnimations,butter.mas.tests.clients.client_http_test,testGetAvailableAnimations,butter/mas/tests/clients/client_test.py,,,failed,AttributeError: 'NoneType' object has no attribute 'getAvailableAnimations',0.0003779307007789612
butter/mas/tests/api_test.py::TestTcpClientApiMethods::testPlayAnimation,butter.mas.tests.api_test,testPlayAnimation,butter/mas/tests/clients/client_test.py,,,passed,,0.0007029399275779724
butter/mas/tests/api_test.py::TestHttpClientApiMethods::testPauseAudio,butter.mas.tests.api_test,testPauseAudio,butter/mas/tests/clients/client_test.py,,,passed,,0.003007933497428894
butter/mas/tests/clients/client_http_test.py::TestClientApiMethods::testPauseAnimation,butter.mas.tests.clients.client_http_test,testPauseAnimation,butter/mas/tests/clients/client_test.py,,,failed,AttributeError: 'NoneType' object has no attribute 'pauseAnimation',0.00036619603633880615
butter/mas/tests/clients/client_tcp_test.py::TestTcpClientApiMethods::testGetAvailableAnimations,butter.mas.tests.clients.client_tcp_test,testGetAvailableAnimations,butter/mas/tests/clients/client_test.py,,,passed,,0.0006819069385528564
butter/mas/tests/clients/client_test.py::TestClientApiMethods::testGetAvailableMotorRegisters,butter.mas.tests.clients.client_test,testGetAvailableMotorRegisters,butter/mas/tests/clients/client_test.py,,,failed,AttributeError: 'NoneType' object has no attribute 'getAvailableMotorRegisters',0.0003572627902030945
butter/mas/tests/api_test.py::TestPacketBuilderMethods::testBuild,butter.mas.tests.api_test,testBuild,butter/mas/tests/packets/packet_builder_test.py,,,passed,,0.0003635510802268982
butter/mas/tests/clients/client_tcp_test.py::TestTcpClientApiMethods::testPlayAudio,butter.mas.tests.clients.client_tcp_test,testPlayAudio,butter/mas/tests/clients/client_test.py,,,passed,,0.000652708113193512
butter/mas/tests/api_test.py::TestPacketBuilderMethods::testAddKeyValuePair,butter.mas.tests.api_test,testAddKeyValuePair,butter/mas/tests/packets/packet_builder_test.py,,,passed,,0.0003333091735839844
butter/mas/tests/clients/client_http_test.py::TestClientApiMethods::testMoveMotorInDirection,butter.mas.tests.clients.client_http_test,testMoveMotorInDirection,butter/mas/tests/clients/client_test.py,,,failed,AttributeError: 'NoneType' object has no attribute 'moveMotorToPosition',0.000353984534740448
butter/mas/tests/utils/version_validations_test.py::TestVersionValidationsMethods::testGetLatestAppVersion,butter.mas.tests.utils.version_validations_test,testGetLatestAppVersion,butter/mas/tests/utils/version_validations_test.py,,,passed,,0.03723333775997162
butter/mas/tests/clients/client_udp_test.py::TestUdpClientApiMethods::testGetMotorRegisterRange,butter.mas.tests.clients.client_udp_test,testGetMotorRegisterRange,butter/mas/tests/clients/client_test.py,,,passed,,5.006122924387455
butter/mas/tests/clients/client_http_test.py::TestHttpClientApiMethods::testGetAvailableHandlers,butter.mas.tests.clients.client_http_test,testGetAvailableHandlers,butter/mas/tests/clients/client_test.py,,,passed,,0.003274679183959961
butter/mas/tests/api_test.py::TestUdpClientApiMethods::testGetAvailableSounds,butter.mas.tests.api_test,testGetAvailableSounds,butter/mas/tests/clients/client_test.py,,,passed,,5.00582692027092
butter/mas/tests/packets/packet_udp_test.py::TestUdpPacketMethods::testSend,butter.mas.tests.packets.packet_udp_test,testSend,butter/mas/tests/packets/packet_udp_test.py,,,passed,,5.007371008396149
butter/mas/tests/clients/client_tcp_test.py::TestTcpClientApiMethods::testPauseAnimation,butter.mas.tests.clients.client_tcp_test,testPauseAnimation,butter/mas/tests/clients/client_test.py,,,passed,,0.0011880919337272644
butter/mas/tests/api_test.py::TestHttpClientApiMethods::testMoveMotorInTime,butter.mas.tests.api_test,testMoveMotorInTime,butter/mas/tests/clients/client_test.py,,,passed,,0.004121065139770508
butter/mas/tests/api_test.py::TestTcpClientApiMethods::testGetAvailableSounds,butter.mas.tests.api_test,testGetAvailableSounds,butter/mas/tests/clients/client_test.py,,,passed,,0.0006424486637115479
butter/mas/tests/clients/client_http_test.py::TestHttpClientApiMethods::testMoveMotorToPosition,butter.mas.tests.clients.client_http_test,testMoveMotorToPosition,butter/mas/tests/clients/client_test.py,,,passed,,0.0045103952288627625
butter/mas/tests/api_test.py::TestTcpClientApiMethods::testGetAvailableHandlers,butter.mas.tests.api_test,testGetAvailableHandlers,butter/mas/tests/clients/client_test.py,,,passed,,0.0006369948387145996
butter/mas/tests/clients/client_test.py::TestClientApiMethods::testMoveMotorToPosition,butter.mas.tests.clients.client_test,testMoveMotorToPosition,butter/mas/tests/clients/client_test.py,,,failed,AttributeError: 'NoneType' object has no attribute 'moveMotorToPosition',0.0003814324736595154
butter/mas/tests/utils/version_validations_test.py::TestVersionValidationsMethods::testCheckCompatibility,butter.mas.tests.utils.version_validations_test,testCheckCompatibility,butter/mas/tests/utils/version_validations_test.py,,,failed,AssertionError: False is not true,0.0030028969049453735
butter/mas/tests/api_test.py::TestUdpClientApiMethods::testStopAnimation,butter.mas.tests.api_test,testStopAnimation,butter/mas/tests/clients/client_test.py,,,passed,,5.005991615355015
butter/mas/tests/clients/client_tcp_test.py::TestTcpClientApiMethods::testSetMotorRegister,butter.mas.tests.clients.client_tcp_test,testSetMotorRegister,butter/mas/tests/clients/client_test.py,,,passed,,0.0006917566061019897
butter/mas/tests/clients/client_http_test.py::TestClientApiMethods::testResumeAnimation,butter.mas.tests.clients.client_http_test,testResumeAnimation,butter/mas/tests/clients/client_test.py,,,failed,AttributeError: 'NoneType' object has no attribute 'resumeAnimation',0.00036460161209106445
butter/mas/tests/api_test.py::TestPacketBuilderMethods::testAddParameters,butter.mas.tests.api_test,testAddParameters,butter/mas/tests/packets/packet_builder_test.py,,,passed,,0.00040503591299057007
butter/mas/tests/clients/client_test.py::TestClientApiMethods::testStopAnimation,butter.mas.tests.clients.client_test,testStopAnimation,butter/mas/tests/clients/client_test.py,,,failed,AttributeError: 'NoneType' object has no attribute 'stopAnimation',0.0003548860549926758
butter/mas/tests/api_test.py::TestHttpClientApiMethods::testPlayAudio,butter.mas.tests.api_test,testPlayAudio,butter/mas/tests/clients/client_test.py,,,passed,,0.0030974000692367554
butter/mas/tests/clients/client_udp_test.py::TestClientApiMethods::testPauseAudio,butter.mas.tests.clients.client_udp_test,testPauseAudio,butter/mas/tests/clients/client_test.py,,,failed,AttributeError: 'NoneType' object has no attribute 'pauseAudio',0.0003641173243522644
butter/mas/tests/clients/client_udp_test.py::TestClientApiMethods::testStopAudio,butter.mas.tests.clients.client_udp_test,testStopAudio,butter/mas/tests/clients/client_test.py,,,failed,AttributeError: 'NoneType' object has no attribute 'stopAudio',0.0003553032875061035
butter/mas/tests/packets/packet_builder_test.py::TestPacketBuilderMethods::testAddArgument,butter.mas.tests.packets.packet_builder_test,testAddArgument,butter/mas/tests/packets/packet_builder_test.py,,,passed,,0.0003408491611480713
butter/mas/tests/clients/client_tcp_test.py::TestClientApiMethods::testMoveMotorInDirection,butter.mas.tests.clients.client_tcp_test,testMoveMotorInDirection,butter/mas/tests/clients/client_test.py,,,failed,AttributeError: 'NoneType' object has no attribute 'moveMotorToPosition',0.000351540744304657
butter/mas/tests/api_test.py::TestPacketBuilderMethods::testAddCommand,butter.mas.tests.api_test,testAddCommand,butter/mas/tests/packets/packet_builder_test.py,,,passed,,0.00034049898386001587
butter/mas/tests/clients/client_tcp_test.py::TestTcpClientApiMethods::testGetAvailableHandlers,butter.mas.tests.clients.client_tcp_test,testGetAvailableHandlers,butter/mas/tests/clients/client_test.py,,,passed,,0.0007395297288894653
butter/mas/tests/clients/client_udp_test.py::TestUdpClientApiMethods::testGetAvailableHandlers,butter.mas.tests.clients.client_udp_test,testGetAvailableHandlers,butter/mas/tests/clients/client_test.py,,,passed,,5.007575869560242
butter/mas/tests/clients/client_http_test.py::TestClientApiMethods::testGetAvailableMotorRegisters,butter.mas.tests.clients.client_http_test,testGetAvailableMotorRegisters,butter/mas/tests/clients/client_test.py,,,failed,AttributeError: 'NoneType' object has no attribute 'getAvailableMotorRegisters',0.0004153028130531311
butter/mas/tests/clients/client_udp_test.py::TestClientApiMethods::testSetMotorRegister,butter.mas.tests.clients.client_udp_test,testSetMotorRegister,butter/mas/tests/clients/client_test.py,,,failed,AttributeError: 'NoneType' object has no attribute 'setMotorRegister',0.0003638938069343567
butter/mas/tests/clients/client_tcp_test.py::TestTcpClientApiMethods::testMoveMotorInTime,butter.mas.tests.clients.client_tcp_test,testMoveMotorInTime,butter/mas/tests/clients/client_test.py,,,passed,,0.0012455657124519348
butter/mas/tests/api_test.py::TestTcpClientApiMethods::testSetMotorRegister,butter.mas.tests.api_test,testSetMotorRegister,butter/mas/tests/clients/client_test.py,,,passed,,0.0006308630108833313
butter/mas/tests/clients/client_tcp_test.py::TestClientApiMethods::testPlayAudio,butter.mas.tests.clients.client_tcp_test,testPlayAudio,butter/mas/tests/clients/client_test.py,,,failed,AttributeError: 'NoneType' object has no attribute 'playAudio',0.000359363853931427
butter/mas/tests/clients/client_http_test.py::TestClientApiMethods::testGetAvailableHandlers,butter.mas.tests.clients.client_http_test,testGetAvailableHandlers,butter/mas/tests/clients/client_test.py,,,failed,AttributeError: 'NoneType' object has no attribute 'getAvailableHandlers',0.00035775452852249146
butter/mas/tests/clients/client_udp_test.py::TestUdpClientApiMethods::testStopAudio,butter.mas.tests.clients.client_udp_test,testStopAudio,butter/mas/tests/clients/client_test.py,,,passed,,5.005968987941742
butter/mas/tests/clients/client_http_test.py::TestHttpClientApiMethods::testGetAvailableMotorRegisters,butter.mas.tests.clients.client_http_test,testGetAvailableMotorRegisters,butter/mas/tests/clients/client_test.py,,,passed,,0.004281088709831238
butter/mas/tests/packets/packet_builder_test.py::TestPacketBuilderMethods::testAddKeyValuePair,butter.mas.tests.packets.packet_builder_test,testAddKeyValuePair,butter/mas/tests/packets/packet_builder_test.py,,,passed,,0.0003421083092689514
butter/mas/tests/clients/client_http_test.py::TestHttpClientApiMethods::testStopAudio,butter.mas.tests.clients.client_http_test,testStopAudio,butter/mas/tests/clients/client_test.py,,,passed,,0.0029911547899246216
butter/mas/tests/utils/version_validations_test.py::TestVersionValidationsMethods::testGetFirmwareVersions,butter.mas.tests.utils.version_validations_test,testGetFirmwareVersions,butter/mas/tests/utils/version_validations_test.py,,,failed,AssertionError: unexpectedly None,0.002797134220600128
butter/mas/tests/clients/client_test.py::TestClientApiMethods::testGetMotorRegisterRange,butter.mas.tests.clients.client_test,testGetMotorRegisterRange,butter/mas/tests/clients/client_test.py,,,failed,AttributeError: 'NoneType' object has no attribute 'getMotorRegisterRange',0.00036606937646865845
butter/mas/tests/clients/client_test.py::TestClientApiMethods::testSetMotorRegister,butter.mas.tests.clients.client_test,testSetMotorRegister,butter/mas/tests/clients/client_test.py,,,failed,AttributeError: 'NoneType' object has no attribute 'setMotorRegister',0.00035544484853744507
butter/mas/tests/clients/client_tcp_test.py::TestTcpClientApiMethods::testPlayAnimation,butter.mas.tests.clients.client_tcp_test,testPlayAnimation,butter/mas/tests/clients/client_test.py,,,passed,,0.0006852671504020691
butter/mas/tests/clients/client_udp_test.py::TestUdpClientApiMethods::testMoveMotorInTime,butter.mas.tests.clients.client_udp_test,testMoveMotorInTime,butter/mas/tests/clients/client_test.py,,,passed,,5.0075103640556335
butter/mas/tests/clients/client_http_test.py::TestClientApiMethods::testGetAvailableSounds,butter.mas.tests.clients.client_http_test,testGetAvailableSounds,butter/mas/tests/clients/client_test.py,,,failed,AttributeError: 'NoneType' object has no attribute 'getAvailableSounds',0.0005128085613250732
butter/mas/tests/clients/client_test.py::TestClientApiMethods::testMoveMotorInTime,butter.mas.tests.clients.client_test,testMoveMotorInTime,butter/mas/tests/clients/client_test.py,,,failed,AttributeError: 'NoneType' object has no attribute 'moveMotorInTime',0.0003620833158493042
butter/mas/tests/api_test.py::TestUdpClientApiMethods::testGetAvailableMotorRegisters,butter.mas.tests.api_test,testGetAvailableMotorRegisters,butter/mas/tests/clients/client_test.py,,,passed,,5.006602846086025
butter/mas/tests/clients/client_udp_test.py::TestUdpClientApiMethods::testPlayAnimation,butter.mas.tests.clients.client_udp_test,testPlayAnimation,butter/mas/tests/clients/client_test.py,,,passed,,5.006112866103649
butter/mas/tests/api_test.py::TestUdpClientApiMethods::testMoveMotorInDirection,butter.mas.tests.api_test,testMoveMotorInDirection,butter/mas/tests/clients/client_test.py,,,passed,,5.005922399461269
butter/mas/tests/api_test.py::TestHttpClientApiMethods::testMoveMotorInDirection,butter.mas.tests.api_test,testMoveMotorInDirection,butter/mas/tests/clients/client_test.py,,,passed,,0.0042531415820121765
butter/mas/tests/api_test.py::TestPacketBuilderMethods::testAddArguments,butter.mas.tests.api_test,testAddArguments,butter/mas/tests/packets/packet_builder_test.py,,,passed,,0.00034971535205841064
butter/mas/tests/api_test.py::TestUdpClientApiMethods::testStopAudio,butter.mas.tests.api_test,testStopAudio,butter/mas/tests/clients/client_test.py,,,passed,,5.005189925432205
butter/mas/tests/clients/client_udp_test.py::TestUdpClientApiMethods::testGetAvailableMotorRegisters,butter.mas.tests.clients.client_udp_test,testGetAvailableMotorRegisters,butter/mas/tests/clients/client_test.py,,,passed,,5.006707042455673
butter/mas/tests/clients/client_http_test.py::TestClientApiMethods::testStopAnimation,butter.mas.tests.clients.client_http_test,testStopAnimation,butter/mas/tests/clients/client_test.py,,,failed,AttributeError: 'NoneType' object has no attribute 'stopAnimation',0.00039987266063690186
butter/mas/tests/clients/client_udp_test.py::TestUdpClientApiMethods::testStopAnimation,butter.mas.tests.clients.client_udp_test,testStopAnimation,butter/mas/tests/clients/client_test.py,,,passed,,5.006033658981323
butter/mas/tests/clients/client_http_test.py::TestClientApiMethods::testPlayAnimation,butter.mas.tests.clients.client_http_test,testPlayAnimation,butter/mas/tests/clients/client_test.py,,,failed,AttributeError: 'NoneType' object has no attribute 'playAnimation',0.0003662034869194031
butter/mas/tests/clients/client_udp_test.py::TestClientApiMethods::testGetMotorRegisterRange,butter.mas.tests.clients.client_udp_test,testGetMotorRegisterRange,butter/mas/tests/clients/client_test.py,,,failed,AttributeError: 'NoneType' object has no attribute 'getMotorRegisterRange',0.00036760419607162476
butter/mas/tests/clients/client_tcp_test.py::TestClientApiMethods::testGetAvailableMotorRegisters,butter.mas.tests.clients.client_tcp_test,testGetAvailableMotorRegisters,butter/mas/tests/clients/client_test.py,,,failed,AttributeError: 'NoneType' object has no attribute 'getAvailableMotorRegisters',0.0003574788570404053
butter/mas/tests/api_test.py::TestHttpClientApiMethods::testStopAudio,butter.mas.tests.api_test,testStopAudio,butter/mas/tests/clients/client_test.py,,,passed,,0.003950849175453186
butter/mas/tests/clients/client_udp_test.py::TestClientApiMethods::testResumeAnimation,butter.mas.tests.clients.client_udp_test,testResumeAnimation,butter/mas/tests/clients/client_test.py,,,failed,AttributeError: 'NoneType' object has no attribute 'resumeAnimation',0.0003644600510597229
butter/mas/tests/clients/client_tcp_test.py::TestClientApiMethods::testGetMotorRegisterRange,butter.mas.tests.clients.client_tcp_test,testGetMotorRegisterRange,butter/mas/tests/clients/client_test.py,,,failed,AttributeError: 'NoneType' object has no attribute 'getMotorRegisterRange',0.00035963207483291626
butter/mas/tests/clients/client_udp_test.py::TestUdpClientApiMethods::testSetMotorRegister,butter.mas.tests.clients.client_udp_test,testSetMotorRegister,butter/mas/tests/clients/client_test.py,,,passed,,5.005885176360607
butter/mas/tests/api_test.py::TestTcpClientApiMethods::testMoveMotorInDirection,butter.mas.tests.api_test,testMoveMotorInDirection,butter/mas/tests/clients/client_test.py,,,passed,,0.0007282868027687073
butter/mas/tests/api_test.py::TestUdpClientApiMethods::testResumeAudio,butter.mas.tests.api_test,testResumeAudio,butter/mas/tests/clients/client_test.py,,,passed,,5.00721225887537
butter/mas/tests/api_test.py::TestUdpClientApiMethods::testMoveMotorToPosition,butter.mas.tests.api_test,testMoveMotorToPosition,butter/mas/tests/clients/client_test.py,,,passed,,5.0054289400577545
butter/mas/tests/api_test.py::TestTcpClientApiMethods::testGetMotorRegister,butter.mas.tests.api_test,testGetMotorRegister,butter/mas/tests/clients/client_test.py,,,passed,,0.0007889121770858765
butter/mas/tests/clients/client_http_test.py::TestClientApiMethods::testSetMotorRegister,butter.mas.tests.clients.client_http_test,testSetMotorRegister,butter/mas/tests/clients/client_test.py,,,failed,AttributeError: 'NoneType' object has no attribute 'setMotorRegister',0.0003931671380996704
butter/mas/tests/api_test.py::TestHttpClientApiMethods::testPlayAnimation,butter.mas.tests.api_test,testPlayAnimation,butter/mas/tests/clients/client_test.py,,,passed,,0.00428415834903717
butter/mas/tests/clients/client_udp_test.py::TestClientApiMethods::testGetAvailableMotorRegisters,butter.mas.tests.clients.client_udp_test,testGetAvailableMotorRegisters,butter/mas/tests/clients/client_test.py,,,failed,AttributeError: 'NoneType' object has no attribute 'getAvailableMotorRegisters',0.00036738067865371704
butter/mas/tests/clients/client_test.py::TestClientApiMethods::testPauseAnimation,butter.mas.tests.clients.client_test,testPauseAnimation,butter/mas/tests/clients/client_test.py,,,failed,AttributeError: 'NoneType' object has no attribute 'pauseAnimation',0.00035684555768966675
butter/mas/tests/clients/client_tcp_test.py::TestTcpClientApiMethods::testGetAvailableSounds,butter.mas.tests.clients.client_tcp_test,testGetAvailableSounds,butter/mas/tests/clients/client_test.py,,,passed,,0.0006858259439468384
