id,module,name,file,doc,markers,status,message,duration
butter/mas/tests/clients/client_http_test.py::TestClientApiMethods::testGetAvailableMotorRegisters,butter.mas.tests.clients.client_http_test,testGetAvailableMotorRegisters,butter/mas/tests/clients/client_test.py,,,failed,AttributeError: 'NoneType' object has no attribute 'getAvailableMotorRegisters',0.0006991028785705566
butter/mas/tests/clients/client_http_test.py::TestClientApiMethods::testGetAvailableSounds,butter.mas.tests.clients.client_http_test,testGetAvailableSounds,butter/mas/tests/clients/client_test.py,,,failed,AttributeError: 'NoneType' object has no attribute 'getAvailableSounds',0.0003701150417327881
butter/mas/tests/clients/client_test.py::TestClientApiMethods::testMoveMotorInTime,butter.mas.tests.clients.client_test,testMoveMotorInTime,butter/mas/tests/clients/client_test.py,,,failed,AttributeError: 'NoneType' object has no attribute 'moveMotorInTime',0.00035915523767471313
butter/mas/tests/clients/client_tcp_test.py::TestTcpClientApiMethods::testStopAudio,butter.mas.tests.clients.client_tcp_test,testStopAudio,butter/mas/tests/clients/client_test.py,,,failed,AttributeError: 'NoneType' object has no attribute 'stopAudio',0.00035887211561203003
butter/mas/tests/api_test.py::TestHttpClientApiMethods::testSetMotorRegister,butter.mas.tests.api_test,testSetMotorRegister,butter/mas/tests/clients/client_test.py,,,passed,,0.006067059934139252
butter/mas/tests/clients/client_tcp_test.py::TestTcpClientApiMethods::testGetAvailableSounds,butter.mas.tests.clients.client_tcp_test,testGetAvailableSounds,butter/mas/tests/clients/client_test.py,,,failed,AttributeError: 'NoneType' object has no attribute 'getAvailableSounds',0.00036738812923431396
butter/mas/tests/clients/client_tcp_test.py::TestTcpClientApiMethods::testPlayAudio,butter.mas.tests.clients.client_tcp_test,testPlayAudio,butter/mas/tests/clients/client_test.py,,,failed,AttributeError: 'NoneType' object has no attribute 'playAudio',0.00035915523767471313
butter/mas/tests/clients/client_tcp_test.py::TestTcpClientApiMethods::testGetAvailableHandlers,butter.mas.tests.clients.client_tcp_test,testGetAvailableHandlers,butter/mas/tests/clients/client_test.py,,,failed,AttributeError: 'NoneType' object has no attribute 'getAvailableHandlers',0.00038017332553863525
butter/mas/tests/clients/client_test.py::TestClientApiMethods::testMoveMotorInDirection,butter.mas.tests.clients.client_test,testMoveMotorInDirection,butter/mas/tests/clients/client_test.py,,,failed,AttributeError: 'NoneType' object has no attribute 'moveMotorToPosition',0.00035963207483291626
butter/mas/tests/api_test.py::TestTcpClientApiMethods::testPauseAudio,butter.mas.tests.api_test,testPauseAudio,butter/mas/tests/clients/client_test.py,,,passed,,0.0007294118404388428
butter/mas/tests/clients/client_http_test.py::TestClientApiMethods::testPlayAnimation,butter.mas.tests.clients.client_http_test,testPlayAnimation,butter/mas/tests/clients/client_test.py,,,failed,AttributeError: 'NoneType' object has no attribute 'playAnimation',0.00035844743251800537
butter/mas/tests/clients/client_udp_test.py::TestClientApiMethods::testGetAvailableMotorRegisters,butter.mas.tests.clients.client_udp_test,testGetAvailableMotorRegisters,butter/mas/tests/clients/client_test.py,,,failed,AttributeError: 'NoneType' object has no attribute 'getAvailableMotorRegisters',0.00035838037729263306
butter/mas/tests/clients/client_http_test.py::TestClientApiMethods::testResumeAudio,butter.mas.tests.clients.client_http_test,testResumeAudio,butter/mas/tests/clients/client_test.py,,,failed,AttributeError: 'NoneType' object has no attribute 'resumeAudio',0.00038499385118484497
butter/mas/tests/clients/client_test.py::TestClientApiMethods::testGetMotorRegister,butter.mas.tests.clients.client_test,testGetMotorRegister,butter/mas/tests/clients/client_test.py,,,failed,AttributeError: 'NoneType' object has no attribute 'getMotorRegister',0.0003581047058105469
butter/mas/tests/clients/client_test.py::TestClientApiMethods::testGetAvailableAnimations,butter.mas.tests.clients.client_test,testGetAvailableAnimations,butter/mas/tests/clients/client_test.py,,,failed,AttributeError: 'NoneType' object has no attribute 'getAvailableAnimations',0.00035327672958374023
butter/mas/tests/api_test.py::TestTcpClientApiMethods::testStopAnimation,butter.mas.tests.api_test,testStopAnimation,butter/mas/tests/clients/client_test.py,,,passed,,0.0007203966379165649
butter/mas/tests/clients/client_tcp_test.py::TestClientApiMethods::testMoveMotorToPosition,butter.mas.tests.clients.client_tcp_test,testMoveMotorToPosition,butter/mas/tests/clients/client_test.py,,,failed,AttributeError: 'NoneType' object has no attribute 'moveMotorToPosition',0.0003533586859703064
butter/mas/tests/packets/packet_udp_test.py::TestUdpPacketMethods::testSend,butter.mas.tests.packets.packet_udp_test,testSend,butter/mas/tests/packets/packet_udp_test.py,,,passed,,5.006112806499004
butter/mas/tests/clients/client_udp_test.py::TestUdpClientApiMethods::testResumeAnimation,butter.mas.tests.clients.client_udp_test,testResumeAnimation,butter/mas/tests/clients/client_test.py,,,failed,AttributeError: 'NoneType' object has no attribute 'resumeAnimation',0.0004106387495994568
butter/mas/tests/api_test.py::TestHttpClientApiMethods::testStopAnimation,butter.mas.tests.api_test,testStopAnimation,butter/mas/tests/clients/client_test.py,,,passed,,0.003762267529964447
butter/mas/tests/clients/client_tcp_test.py::TestTcpClientApiMethods::testPauseAnimation,butter.mas.tests.clients.client_tcp_test,testPauseAnimation,butter/mas/tests/clients/client_test.py,,,passed,,0.0006536245346069336
butter/mas/tests/clients/client_test.py::TestClientApiMethods::testGetMotorRegisterRange,butter.mas.tests.clients.client_test,testGetMotorRegisterRange,butter/mas/tests/clients/client_test.py,,,failed,AttributeError: 'NoneType' object has no attribute 'getMotorRegisterRange',0.00036131590604782104
butter/mas/tests/clients/client_tcp_test.py::TestTcpClientApiMethods::testMoveMotorToPosition,butter.mas.tests.clients.client_tcp_test,testMoveMotorToPosition,butter/mas/tests/clients/client_test.py,,,passed,,0.0006789788603782654
butter/mas/tests/api_test.py::TestVersionValidationsMethods::testGetFirmwareVersions,butter.mas.tests.api_test,testGetFirmwareVersions,butter/mas/tests/utils/version_validations_test.py,,,failed,AssertionError: unexpectedly None,0.002857126295566559
butter/mas/tests/clients/client_http_test.py::TestClientApiMethods::testPauseAudio,butter.mas.tests.clients.client_http_test,testPauseAudio,butter/mas/tests/clients/client_test.py,,,failed,AttributeError: 'NoneType' object has no attribute 'pauseAudio',0.0003970712423324585
butter/mas/tests/clients/client_http_test.py::TestHttpClientApiMethods::testPauseAudio,butter.mas.tests.clients.client_http_test,testPauseAudio,butter/mas/tests/clients/client_test.py,,,passed,,0.0030038058757781982
butter/mas/tests/clients/client_http_test.py::TestHttpClientApiMethods::testSetMotorRegister,butter.mas.tests.clients.client_http_test,testSetMotorRegister,butter/mas/tests/clients/client_test.py,,,passed,,0.0029411539435386658
butter/mas/tests/clients/client_http_test.py::TestHttpClientApiMethods::testMoveMotorToPosition,butter.mas.tests.clients.client_http_test,testMoveMotorToPosition,butter/mas/tests/clients/client_test.py,,,passed,,0.0029186606407165527
butter/mas/tests/clients/client_udp_test.py::TestClientApiMethods::testStopAudio,butter.mas.tests.clients.client_udp_test,testStopAudio,butter/mas/tests/clients/client_test.py,,,failed,AttributeError: 'NoneType' object has no attribute 'stopAudio',0.0003675296902656555
butter/mas/tests/clients/client_tcp_test.py::TestClientApiMethods::testStopAnimation,butter.mas.tests.clients.client_tcp_test,testStopAnimation,butter/mas/tests/clients/client_test.py,,,failed,AttributeError: 'NoneType' object has no attribute 'stopAnimation',0.0003972053527832031
butter/mas/tests/clients/client_http_test.py::TestClientApiMethods::testResumeAnimation,butter.mas.tests.clients.client_http_test,testResumeAnimation,butter/mas/tests/clients/client_test.py,,,failed,AttributeError: 'NoneType' object has no attribute 'resumeAnimation',0.0003615245223045349
butter/mas/tests/clients/client_tcp_test.py::TestClientApiMethods::testGetMotorRegister,butter.mas.tests.clients.client_tcp_test,testGetMotorRegister,butter/mas/tests/clients/client_test.py,,,failed,AttributeError: 'NoneType' object has no attribute 'getMotorRegister',0.0003620162606239319
butter/mas/tests/clients/client_tcp_test.py::TestTcpClientApiMethods::testPlayAnimation,butter.mas.tests.clients.client_tcp_test,testPlayAnimation,butter/mas/tests/clients/client_test.py,,,passed,,0.0006844997406005859
butter/mas/tests/clients/client_udp_test.py::TestUdpClientApiMethods::testGetAvailableHandlers,butter.mas.tests.clients.client_udp_test,testGetAvailableHandlers,butter/mas/tests/clients/client_test.py,,,failed,AttributeError: 'NoneType' object has no attribute 'getAvailableHandlers',0.0003636851906776428
butter/mas/tests/api_test.py::TestUdpClientApiMethods::testMoveMotorInDirection,butter.mas.tests.api_test,testMoveMotorInDirection,butter/mas/tests/clients/client_test.py,,,passed,,5.005802556872368
butter/mas/tests/api_test.py::TestVersionValidationsMethods::testCheckForUpdates,butter.mas.tests.api_test,testCheckForUpdates,butter/mas/tests/utils/version_validations_test.py,,,failed,AssertionError: True is not false,0.04503969848155975
butter/mas/tests/clients/client_test.py::TestClientApiMethods::testSetMotorRegister,butter.mas.tests.clients.client_test,testSetMotorRegister,butter/mas/tests/clients/client_test.py,,,failed,AttributeError: 'NoneType' object has no attribute 'setMotorRegister',0.0003722086548805237
butter/mas/tests/clients/client_udp_test.py::TestUdpClientApiMethods::testResumeAudio,butter.mas.tests.clients.client_udp_test,testResumeAudio,butter/mas/tests/clients/client_test.py,,,passed,,5.005757354199886
butter/mas/tests/api_test.py::TestUdpClientApiMethods::testGetMotorRegister,butter.mas.tests.api_test,testGetMotorRegister,butter/mas/tests/clients/client_test.py,,,passed,,5.0064719542860985
butter/mas/tests/api_test.py::TestTcpClientApiMethods::testGetAvailableMotorRegisters,butter.mas.tests.api_test,testGetAvailableMotorRegisters,butter/mas/tests/clients/client_test.py,,,passed,,0.0009333565831184387
butter/mas/tests/clients/client_http_test.py::TestHttpClientApiMethods::testGetAvailableMotorRegisters,butter.mas.tests.clients.client_http_test,testGetAvailableMotorRegisters,butter/mas/tests/clients/client_test.py,,,passed,,0.005998045206069946
butter/mas/tests/clients/client_http_test.py::TestClientApiMethods::testPauseAnimation,butter.mas.tests.clients.client_http_test,testPauseAnimation,butter/mas/tests/clients/client_test.py,,,failed,AttributeError: 'NoneType' object has no attribute 'pauseAnimation',0.000539630651473999
butter/mas/tests/clients/client_http_test.py::TestClientApiMethods::testGetMotorRegisterRange,butter.mas.tests.clients.client_http_test,testGetMotorRegisterRange,butter/mas/tests/clients/client_test.py,,,failed,AttributeError: 'NoneType' object has no attribute 'getMotorRegisterRange',0.00041635334491729736
butter/mas/tests/clients/client_tcp_test.py::TestClientApiMethods::testSetMotorRegister,butter.mas.tests.clients.client_tcp_test,testSetMotorRegister,butter/mas/tests/clients/client_test.py,,,failed,AttributeError: 'NoneType' object has no attribute 'setMotorRegister',0.0003645271062850952
butter/mas/tests/api_test.py::TestHttpClientApiMethods::testMoveMotorToPosition,butter.mas.tests.api_test,testMoveMotorToPosition,butter/mas/tests/clients/client_test.py,,,passed,,0.005113787949085236
butter/mas/tests/clients/client_test.py::TestClientApiMethods::testStopAnimation,butter.mas.tests.clients.client_test,testStopAnimation,butter/mas/tests/clients/client_test.py,,,failed,AttributeError: 'NoneType' object has no attribute 'stopAnimation',0.0004250183701515198
butter/mas/tests/clients/client_http_test.py::TestHttpClientApiMethods::testPlayAudio,butter.mas.tests.clients.client_http_test,testPlayAudio,butter/mas/tests/clients/client_test.py,,,passed,,0.0030349642038345337
butter/mas/tests/clients/client_test.py::TestClientApiMethods::testStopAudio,butter.mas.tests.clients.client_test,testStopAudio,butter/mas/tests/clients/client_test.py,,,failed,AttributeError: 'NoneType' object has no attribute 'stopAudio',0.00036703795194625854
butter/mas/tests/clients/client_http_test.py::TestHttpClientApiMethods::testPlayAnimation,butter.mas.tests.clients.client_http_test,testPlayAnimation,butter/mas/tests/clients/client_test.py,,,passed,,0.002956874668598175
butter/mas/tests/api_test.py::TestHttpClientApiMethods::testResumeAnimation,butter.mas.tests.api_test,testResumeAnimation,butter/mas/tests/clients/client_test.py,,,passed,,0.0029755905270576477
butter/mas/tests/clients/client_udp_test.py::TestUdpClientApiMethods::testGetAvailableSounds,butter.mas.tests.clients.client_udp_test,testGetAvailableSounds,butter/mas/tests/clients/client_test.py,,,passed,,5.006082773208618
butter/mas/tests/clients/client_tcp_test.py::TestClientApiMethods::testMoveMotorInDirection,butter.mas.tests.clients.client_tcp_test,testMoveMotorInDirection,butter/mas/tests/clients/client_test.py,,,failed,AttributeError: 'NoneType' object has no attribute 'moveMotorToPosition',0.0003734007477760315
butter/mas/tests/api_test.py::TestTcpClientApiMethods::testMoveMotorToPosition,butter.mas.tests.api_test,testMoveMotorToPosition,butter/mas/tests/clients/client_test.py,,,passed,,0.0007247254252433777
butter/mas/tests/clients/client_test.py::TestClientApiMethods::testPauseAnimation,butter.mas.tests.clients.client_test,testPauseAnimation,butter/mas/tests/clients/client_test.py,,,failed,AttributeError: 'NoneType' object has no attribute 'pauseAnimation',0.0003597736358642578
butter/mas/tests/clients/client_tcp_test.py::TestClientApiMethods::testResumeAudio,butter.mas.tests.clients.client_tcp_test,testResumeAudio,butter/mas/tests/clients/client_test.py,,,failed,AttributeError: 'NoneType' object has no attribute 'resumeAudio',0.0003611072897911072
butter/mas/tests/api_test.py::TestUdpClientApiMethods::testGetAvailableMotorRegisters,butter.mas.tests.api_test,testGetAvailableMotorRegisters,butter/mas/tests/clients/client_test.py,,,passed,,5.005845561623573
butter/mas/tests/api_test.py::TestVersionValidationsMethods::testCheckCompatibility,butter.mas.tests.api_test,testCheckCompatibility,butter/mas/tests/utils/version_validations_test.py,,,failed,AssertionError: False is not true,0.003324255347251892
butter/mas/tests/clients/client_tcp_test.py::TestClientApiMethods::testPauseAudio,butter.mas.tests.clients.client_tcp_test,testPauseAudio,butter/mas/tests/clients/client_test.py,,,failed,AttributeError: 'NoneType' object has no attribute 'pauseAudio',0.0003657788038253784
butter/mas/tests/api_test.py::TestPacketBuilderMethods::testAddCommand,butter.mas.tests.api_test,testAddCommand,butter/mas/tests/packets/packet_builder_test.py,,,passed,,0.00034824758768081665
butter/mas/tests/clients/client_udp_test.py::TestUdpClientApiMethods::testMoveMotorToPosition,butter.mas.tests.clients.client_udp_test,testMoveMotorToPosition,butter/mas/tests/clients/client_test.py,,,passed,,5.007575236260891
butter/mas/tests/clients/client_tcp_test.py::TestTcpClientApiMethods::testMoveMotorInDirection,butter.mas.tests.clients.client_tcp_test,testMoveMotorInDirection,butter/mas/tests/clients/client_test.py,,,passed,,0.0018449202179908752
butter/mas/tests/clients/client_http_test.py::TestClientApiMethods::testPlayAudio,butter.mas.tests.clients.client_http_test,testPlayAudio,butter/mas/tests/clients/client_test.py,,,failed,AttributeError: 'NoneType' object has no attribute 'playAudio',0.0005419328808784485
butter/mas/tests/clients/client_test.py::TestClientApiMethods::testGetAvailableSounds,butter.mas.tests.clients.client_test,testGetAvailableSounds,butter/mas/tests/clients/client_test.py,,,failed,AttributeError: 'NoneType' object has no attribute 'getAvailableSounds',0.00036675482988357544
butter/mas/tests/packets/packet_builder_test.py::TestPacketBuilderMethods::testAddCommand,butter.mas.tests.packets.packet_builder_test,testAddCommand,butter/mas/tests/packets/packet_builder_test.py,,,passed,,0.0003935098648071289
butter/mas/tests/clients/client_tcp_test.py::TestTcpClientApiMethods::testGetAvailableMotorRegisters,butter.mas.tests.clients.client_tcp_test,testGetAvailableMotorRegisters,butter/mas/tests/clients/client_test.py,,,passed,,0.0006900057196617126
butter/mas/tests/api_test.py::TestUdpPacketMethods::testSend,butter.mas.tests.api_test,testSend,butter/mas/tests/packets/packet_udp_test.py,,,passed,,5.006044484674931
butter/mas/tests/api_test.py::TestTcpClientApiMethods::testResumeAnimation,butter.mas.tests.api_test,testResumeAnimation,butter/mas/tests/clients/client_test.py,,,passed,,0.0007897466421127319
butter/mas/tests/api_test.py::TestPacketBuilderMethods::testBuild,butter.mas.tests.api_test,testBuild,butter/mas/tests/packets/packet_builder_test.py,,,passed,,0.000403083860874176
butter/mas/tests/api_test.py::TestTcpClientApiMethods::testGetMotorRegisterRange,butter.mas.tests.api_test,testGetMotorRegisterRange,butter/mas/tests/clients/client_test.py,,,passed,,0.0007148012518882751
butter/mas/tests/clients/client_udp_test.py::TestClientApiMethods::testPauseAudio,butter.mas.tests.clients.client_udp_test,testPauseAudio,butter/mas/tests/clients/client_test.py,,,failed,AttributeError: 'NoneType' object has no attribute 'pauseAudio',0.0003671124577522278
butter/mas/tests/clients/client_http_test.py::TestHttpClientApiMethods::testGetAvailableAnimations,butter.mas.tests.clients.client_http_test,testGetAvailableAnimations,butter/mas/tests/clients/client_test.py,,,passed,,0.0058647096157073975
butter/mas/tests/api_test.py::TestTcpClientApiMethods::testPauseAnimation,butter.mas.tests.api_test,testPauseAnimation,butter/mas/tests/clients/client_test.py,,,passed,,0.0007430240511894226
butter/mas/tests/clients/client_http_test.py::TestClientApiMethods::testMoveMotorInTime,butter.mas.tests.clients.client_http_test,testMoveMotorInTime,butter/mas/tests/clients/client_test.py,,,failed,AttributeError: 'NoneType' object has no attribute 'moveMotorInTime',0.00037506967782974243
butter/mas/tests/api_test.py::TestPacketBuilderMethods::testAddKeyValuePair,butter.mas.tests.api_test,testAddKeyValuePair,butter/mas/tests/packets/packet_builder_test.py,,,passed,,0.0003358125686645508
butter/mas/tests/api_test.py::TestPacketBuilderMethods::testAddParameters,butter.mas.tests.api_test,testAddParameters,butter/mas/tests/packets/packet_builder_test.py,,,passed,,0.0003408566117286682
butter/mas/tests/clients/client_udp_test.py::TestClientApiMethods::testMoveMotorInTime,butter.mas.tests.clients.client_udp_test,testMoveMotorInTime,butter/mas/tests/clients/client_test.py,,,failed,AttributeError: 'NoneType' object has no attribute 'moveMotorInTime',0.00035293400287628174
butter/mas/tests/clients/client_tcp_test.py::TestTcpClientApiMethods::testGetAvailableAnimations,butter.mas.tests.clients.client_tcp_test,testGetAvailableAnimations,butter/mas/tests/clients/client_test.py,,,passed,,0.0006960183382034302
butter/mas/tests/api_test.py::TestUdpClientApiMethods::testResumeAudio,butter.mas.tests.api_test,testResumeAudio,butter/mas/tests/clients/client_test.py,,,passed,,5.0068012699484825
butter/mas/tests/clients/client_udp_test.py::TestUdpClientApiMethods::testStopAudio,butter.mas.tests.clients.client_udp_test,testStopAudio,butter/mas/tests/clients/client_test.py,,,passed,,5.006183490157127
butter/mas/tests/api_test.py::TestHttpClientApiMethods::testPlayAnimation,butter.mas.tests.api_test,testPlayAnimation,butter/mas/tests/clients/client_test.py,,,passed,,0.004384033381938934
butter/mas/tests/clients/client_tcp_test.py::TestClientApiMethods::testPlayAudio,butter.mas.tests.clients.client_tcp_test,testPlayAudio,butter/mas/tests/clients/client_test.py,,,failed,AttributeError: 'NoneType' object has no attribute 'playAudio',0.000380590558052063
butter/mas/tests/api_test.py::TestUdpClientApiMethods::testMoveMotorInTime,butter.mas.tests.api_test,testMoveMotorInTime,butter/mas/tests/clients/client_test.py,,,passed,,5.007766477763653
butter/mas/tests/clients/client_tcp_test.py::TestClientApiMethods::testResumeAnimation,butter.mas.tests.clients.client_tcp_test,testResumeAnimation,butter/mas/tests/clients/client_test.py,,,failed,AttributeError: 'NoneType' object has no attribute 'resumeAnimation',0.00057944655418396
butter/mas/tests/clients/client_udp_test.py::TestClientApiMethods::testGetMotorRegister,butter.mas.tests.clients.client_udp_test,testGetMotorRegister,butter/mas/tests/clients/client_test.py,,,failed,AttributeError: 'NoneType' object has no attribute 'getMotorRegister',0.0003623589873313904
butter/mas/tests/clients/client_tcp_test.py::TestClientApiMethods::testMoveMotorInTime,butter.mas.tests.clients.client_tcp_test,testMoveMotorInTime,butter/mas/tests/clients/client_test.py,,,failed,AttributeError: 'NoneType' object has no attribute 'moveMotorInTime',0.00035956501960754395
butter/mas/tests/clients/client_udp_test.py::TestClientApiMethods::testPlayAudio,butter.mas.tests.clients.client_udp_test,testPlayAudio,butter/mas/tests/clients/client_test.py,,,failed,AttributeError: 'NoneType' object has no attribute 'playAudio',0.0003566443920135498
butter/mas/tests/clients/client_udp_test.py::TestUdpClientApiMethods::testPauseAudio,butter.mas.tests.clients.client_udp_test,testPauseAudio,butter/mas/tests/clients/client_test.py,,,passed,,5.006429895758629
butter/mas/tests/api_test.py::TestTcpClientApiMethods::testMoveMotorInTime,butter.mas.tests.api_test,testMoveMotorInTime,butter/mas/tests/clients/client_test.py,,,passed,,0.0008335486054420471
butter/mas/tests/api_test.py::TestTcpClientApiMethods::testPlayAudio,butter.mas.tests.api_test,testPlayAudio,butter/mas/tests/clients/client_test.py,,,passed,,0.0006163939833641052
butter/mas/tests/clients/client_udp_test.py::TestClientApiMethods::testGetAvailableHandlers,butter.mas.tests.clients.client_udp_test,testGetAvailableHandlers,butter/mas/tests/clients/client_test.py,,,failed,AttributeError: 'NoneType' object has no attribute 'getAvailableHandlers',0.0003632009029388428
butter/mas/tests/api_test.py::TestHttpClientApiMethods::testMoveMotorInTime,butter.mas.tests.api_test,testMoveMotorInTime,butter/mas/tests/clients/client_test.py,,,passed,,0.005312994122505188
butter/mas/tests/clients/client_http_test.py::TestHttpClientApiMethods::testStopAudio,butter.mas.tests.clients.client_http_test,testStopAudio,butter/mas/tests/clients/client_test.py,,,passed,,0.0033218786120414734
butter/mas/tests/api_test.py::TestTcpClientApiMethods::testGetAvailableHandlers,butter.mas.tests.api_test,testGetAvailableHandlers,butter/mas/tests/clients/client_test.py,,,passed,,0.000751197338104248
butter/mas/tests/api_test.py::TestHttpClientApiMethods::testGetAvailableAnimations,butter.mas.tests.api_test,testGetAvailableAnimations,butter/mas/tests/clients/client_test.py,,,passed,,0.00324973464012146
butter/mas/tests/api_test.py::TestTcpClientApiMethods::testGetMotorRegister,butter.mas.tests.api_test,testGetMotorRegister,butter/mas/tests/clients/client_test.py,,,passed,,0.000714518129825592
butter/mas/tests/api_test.py::TestHttpClientApiMethods::testStopAudio,butter.mas.tests.api_test,testStopAudio,butter/mas/tests/clients/client_test.py,,,passed,,0.003612227737903595
butter/mas/tests/api_test.py::TestTcpClientApiMethods::testGetAvailableSounds,butter.mas.tests.api_test,testGetAvailableSounds,butter/mas/tests/clients/client_test.py,,,passed,,0.0006796792149543762
butter/mas/tests/clients/client_http_test.py::TestClientApiMethods::testGetAvailableAnimations,butter.mas.tests.clients.client_http_test,testGetAvailableAnimations,butter/mas/tests/clients/client_test.py,,,failed,AttributeError: 'NoneType' object has no attribute 'getAvailableAnimations',0.0004302561283111572
butter/mas/tests/clients/client_udp_test.py::TestUdpClientApiMethods::testGetMotorRegister,butter.mas.tests.clients.client_udp_test,testGetMotorRegister,butter/mas/tests/clients/client_test.py,,,passed,,5.007812924683094
butter/mas/tests/utils/version_validations_test.py::TestVersionValidationsMethods::testCheckForUpdates,butter.mas.tests.utils.version_validations_test,testCheckForUpdates,butter/mas/tests/utils/version_validations_test.py,,,failed,AssertionError: True is not false,0.04278387129306793
butter/mas/tests/clients/client_tcp_test.py::TestClientApiMethods::testGetAvailableSounds,butter.mas.tests.clients.client_tcp_test,testGetAvailableSounds,butter/mas/tests/clients/client_test.py,,,failed,AttributeError: 'NoneType' object has no attribute 'getAvailableSounds',0.000533275306224823
butter/mas/tests/api_test.py::TestUdpClientApiMethods::testPlayAudio,butter.mas.tests.api_test,testPlayAudio,butter/mas/tests/clients/client_test.py,,,passed,,5.008606024086475
butter/mas/tests/clients/client_http_test.py::TestHttpClientApiMethods::testMoveMotorInDirection,butter.mas.tests.clients.client_http_test,testMoveMotorInDirection,butter/mas/tests/clients/client_test.py,,,passed,,0.006048679351806641
butter/mas/tests/api_test.py::TestUdpClientApiMethods::testStopAudio,butter.mas.tests.api_test,testStopAudio,butter/mas/tests/clients/client_test.py,,,passed,,5.004704765975475
butter/mas/tests/clients/client_udp_test.py::TestClientApiMethods::testStopAnimation,butter.mas.tests.clients.client_udp_test,testStopAnimation,butter/mas/tests/clients/client_test.py,,,failed,AttributeError: 'NoneType' object has no attribute 'stopAnimation',0.0006281957030296326
butter/mas/tests/api_test.py::TestUdpClientApiMethods::testGetMotorRegisterRange,butter.mas.tests.api_test,testGetMotorRegisterRange,butter/mas/tests/clients/client_test.py,,,passed,,5.010270185768604
butter/mas/tests/clients/client_udp_test.py::TestClientApiMethods::testPlayAnimation,butter.mas.tests.clients.client_udp_test,testPlayAnimation,butter/mas/tests/clients/client_test.py,,,failed,AttributeError: 'NoneType' object has no attribute 'playAnimation',0.0009852498769760132
butter/mas/tests/clients/client_test.py::TestClientApiMethods::testGetAvailableMotorRegisters,butter.mas.tests.clients.client_test,testGetAvailableMotorRegisters,butter/mas/tests/clients/client_test.py,,,failed,AttributeError: 'NoneType' object has no attribute 'getAvailableMotorRegisters',0.0014831796288490295
butter/mas/tests/utils/version_validations_test.py::TestVersionValidationsMethods::testGetFirmwareVersions,butter.mas.tests.utils.version_validations_test,testGetFirmwareVersions,butter/mas/tests/utils/version_validations_test.py,,,failed,AssertionError: unexpectedly None,0.012540332973003387
butter/mas/tests/clients/client_http_test.py::TestHttpClientApiMethods::testMoveMotorInTime,butter.mas.tests.clients.client_http_test,testMoveMotorInTime,butter/mas/tests/clients/client_test.py,,,passed,,0.016359589993953705
butter/mas/tests/clients/client_tcp_test.py::TestClientApiMethods::testPauseAnimation,butter.mas.tests.clients.client_tcp_test,testPauseAnimation,butter/mas/tests/clients/client_test.py,,,failed,AttributeError: 'NoneType' object has no attribute 'pauseAnimation',0.0012388676404953003
butter/mas/tests/api_test.py::TestHttpClientApiMethods::testGetAvailableHandlers,butter.mas.tests.api_test,testGetAvailableHandlers,butter/mas/tests/clients/client_test.py,,,passed,,0.0054975152015686035
butter/mas/tests/api_test.py::TestPacketBuilderMethods::testAddParameter,butter.mas.tests.api_test,testAddParameter,butter/mas/tests/packets/packet_builder_test.py,,,passed,,0.0005402639508247375
butter/mas/tests/api_test.py::TestTcpClientApiMethods::testGetAvailableAnimations,butter.mas.tests.api_test,testGetAvailableAnimations,butter/mas/tests/clients/client_test.py,,,passed,,0.0012540146708488464
butter/mas/tests/clients/client_tcp_test.py::TestTcpClientApiMethods::testPauseAudio,butter.mas.tests.clients.client_tcp_test,testPauseAudio,butter/mas/tests/clients/client_test.py,,,passed,,0.0009714215993881226
butter/mas/tests/clients/client_udp_test.py::TestUdpClientApiMethods::testPauseAnimation,butter.mas.tests.clients.client_udp_test,testPauseAnimation,butter/mas/tests/clients/client_test.py,,,passed,,5.00872540473938
butter/mas/tests/clients/client_udp_test.py::TestClientApiMethods::testSetMotorRegister,butter.mas.tests.clients.client_udp_test,testSetMotorRegister,butter/mas/tests/clients/client_test.py,,,failed,AttributeError: 'NoneType' object has no attribute 'setMotorRegister',0.0007760599255561829
butter/mas/tests/clients/client_test.py::TestClientApiMethods::testMoveMotorToPosition,butter.mas.tests.clients.client_test,testMoveMotorToPosition,butter/mas/tests/clients/client_test.py,,,failed,AttributeError: 'NoneType' object has no attribute 'moveMotorToPosition',0.0005377531051635742
butter/mas/tests/packets/packet_builder_test.py::TestPacketBuilderMethods::testAddArguments,butter.mas.tests.packets.packet_builder_test,testAddArguments,butter/mas/tests/packets/packet_builder_test.py,,,passed,,0.0004380717873573303
butter/mas/tests/api_test.py::TestHttpClientApiMethods::testGetAvailableSounds,butter.mas.tests.api_test,testGetAvailableSounds,butter/mas/tests/clients/client_test.py,,,passed,,0.00600530207157135
butter/mas/tests/clients/client_http_test.py::TestHttpClientApiMethods::testGetMotorRegisterRange,butter.mas.tests.clients.client_http_test,testGetMotorRegisterRange,butter/mas/tests/clients/client_test.py,,,passed,,0.0033385157585144043
butter/mas/tests/api_test.py::TestUdpClientApiMethods::testSetMotorRegister,butter.mas.tests.api_test,testSetMotorRegister,butter/mas/tests/clients/client_test.py,,,passed,,5.007872849702835
butter/mas/tests/clients/client_test.py::TestClientApiMethods::testPlayAnimation,butter.mas.tests.clients.client_test,testPlayAnimation,butter/mas/tests/clients/client_test.py,,,failed,AttributeError: 'NoneType' object has no attribute 'playAnimation',0.0007405132055282593
butter/mas/tests/clients/client_tcp_test.py::TestTcpClientApiMethods::testStopAnimation,butter.mas.tests.clients.client_tcp_test,testStopAnimation,butter/mas/tests/clients/client_test.py,,,passed,,0.0012007281184196472
butter/mas/tests/api_test.py::TestPacketBuilderMethods::testAddArgument,butter.mas.tests.api_test,testAddArgument,butter/mas/tests/packets/packet_builder_test.py,,,passed,,0.0003456026315689087
butter/mas/tests/clients/client_http_test.py::TestClientApiMethods::testStopAudio,butter.mas.tests.clients.client_http_test,testStopAudio,butter/mas/tests/clients/client_test.py,,,failed,AttributeError: 'NoneType' object has no attribute 'stopAudio',0.00036019086837768555
butter/mas/tests/clients/client_tcp_test.py::TestClientApiMethods::testGetAvailableAnimations,butter.mas.tests.clients.client_tcp_test,testGetAvailableAnimations,butter/mas/tests/clients/client_test.py,,,failed,AttributeError: 'NoneType' object has no attribute 'getAvailableAnimations',0.0003630593419075012
butter/mas/tests/clients/client_http_test.py::TestHttpClientApiMethods::testGetMotorRegister,butter.mas.tests.clients.client_http_test,testGetMotorRegister,butter/mas/tests/clients/client_test.py,,,passed,,0.004759259521961212
butter/mas/tests/api_test.py::TestHttpClientApiMethods::testPlayAudio,butter.mas.tests.api_test,testPlayAudio,butter/mas/tests/clients/client_test.py,,,passed,,0.002919428050518036
butter/mas/tests/api_test.py::TestHttpPacketMethods::testSend,butter.mas.tests.api_test,testSend,butter/mas/tests/packets/packet_http_test.py,,,passed,,0.004284366965293884
butter/mas/tests/clients/client_tcp_test.py::TestClientApiMethods::testGetMotorRegisterRange,butter.mas.tests.clients.client_tcp_test,testGetMotorRegisterRange,butter/mas/tests/clients/client_test.py,,,failed,AttributeError: 'NoneType' object has no attribute 'getMotorRegisterRange',0.0003684386610984802
butter/mas/tests/clients/client_tcp_test.py::TestTcpClientApiMethods::testSetMotorRegister,butter.mas.tests.clients.client_tcp_test,testSetMotorRegister,butter/mas/tests/clients/client_test.py,,,passed,,0.0006930753588676453
butter/mas/tests/clients/client_udp_test.py::TestClientApiMethods::testGetAvailableAnimations,butter.mas.tests.clients.client_udp_test,testGetAvailableAnimations,butter/mas/tests/clients/client_test.py,,,failed,AttributeError: 'NoneType' object has no attribute 'getAvailableAnimations',0.0003557279706001282
butter/mas/tests/clients/client_http_test.py::TestClientApiMethods::testGetMotorRegister,butter.mas.tests.clients.client_http_test,testGetMotorRegister,butter/mas/tests/clients/client_test.py,,,failed,AttributeError: 'NoneType' object has no attribute 'getMotorRegister',0.0003612339496612549
butter/mas/tests/api_test.py::TestHttpClientApiMethods::testGetMotorRegister,butter.mas.tests.api_test,testGetMotorRegister,butter/mas/tests/clients/client_test.py,,,passed,,0.0030360743403434753
butter/mas/tests/api_test.py::TestHttpClientApiMethods::testResumeAudio,butter.mas.tests.api_test,testResumeAudio,butter/mas/tests/clients/client_test.py,,,passed,,0.002914339303970337
butter/mas/tests/clients/client_udp_test.py::TestUdpClientApiMethods::testPlayAnimation,butter.mas.tests.clients.client_udp_test,testPlayAnimation,butter/mas/tests/clients/client_test.py,,,passed,,5.008019804954529
butter/mas/tests/packets/packet_builder_test.py::TestPacketBuilderMethods::testBuild,butter.mas.tests.packets.packet_builder_test,testBuild,butter/mas/tests/packets/packet_builder_test.py,,,passed,,0.0005715563893318176
butter/mas/tests/clients/client_http_test.py::TestClientApiMethods::testMoveMotorInDirection,butter.mas.tests.clients.client_http_test,testMoveMotorInDirection,butter/mas/tests/clients/client_test.py,,,failed,AttributeError: 'NoneType' object has no attribute 'moveMotorToPosition',0.0004681050777435303
butter/mas/tests/clients/client_http_test.py::TestClientApiMethods::testStopAnimation,butter.mas.tests.clients.client_http_test,testStopAnimation,butter/mas/tests/clients/client_test.py,,,failed,AttributeError: 'NoneType' object has no attribute 'stopAnimation',0.00035900622606277466
butter/mas/tests/api_test.py::TestUdpClientApiMethods::testStopAnimation,butter.mas.tests.api_test,testStopAnimation,butter/mas/tests/clients/client_test.py,,,passed,,5.0078281462192535
butter/mas/tests/api_test.py::TestUdpClientApiMethods::testGetAvailableSounds,butter.mas.tests.api_test,testGetAvailableSounds,butter/mas/tests/clients/client_test.py,,,passed,,5.00854854285717
butter/mas/tests/api_test.py::TestTcpPacketMethods::testSend,butter.mas.tests.api_test,testSend,butter/mas/tests/packets/packet_tcp_test.py,,,passed,,0.0014733299612998962
butter/mas/tests/packets/packet_builder_test.py::TestPacketBuilderMethods::testAddKeyValuePair,butter.mas.tests.packets.packet_builder_test,testAddKeyValuePair,butter/mas/tests/packets/packet_builder_test.py,,,passed,,0.00038938969373703003
butter/mas/tests/clients/client_test.py::TestClientApiMethods::testPlayAudio,butter.mas.tests.clients.client_test,testPlayAudio,butter/mas/tests/clients/client_test.py,,,failed,AttributeError: 'NoneType' object has no attribute 'playAudio',0.00045184046030044556
butter/mas/tests/clients/client_tcp_test.py::TestTcpClientApiMethods::testMoveMotorInTime,butter.mas.tests.clients.client_tcp_test,testMoveMotorInTime,butter/mas/tests/clients/client_test.py,,,passed,,0.0009447336196899414
butter/mas/tests/clients/client_tcp_test.py::TestClientApiMethods::testStopAudio,butter.mas.tests.clients.client_tcp_test,testStopAudio,butter/mas/tests/clients/client_test.py,,,failed,AttributeError: 'NoneType' object has no attribute 'stopAudio',0.00035419315099716187
butter/mas/tests/clients/client_udp_test.py::TestUdpClientApiMethods::testPlayAudio,butter.mas.tests.clients.client_udp_test,testPlayAudio,butter/mas/tests/clients/client_test.py,,,passed,,5.007403269410133
butter/mas/tests/clients/client_tcp_test.py::TestClientApiMethods::testGetAvailableHandlers,butter.mas.tests.clients.client_tcp_test,testGetAvailableHandlers,butter/mas/tests/clients/client_test.py,,,failed,AttributeError: 'NoneType' object has no attribute 'getAvailableHandlers',0.0005807653069496155
butter/mas/tests/clients/client_test.py::TestClientApiMethods::testResumeAudio,butter.mas.tests.clients.client_test,testResumeAudio,butter/mas/tests/clients/client_test.py,,,failed,AttributeError: 'NoneType' object has no attribute 'resumeAudio',0.0004000067710876465
butter/mas/tests/clients/client_http_test.py::TestHttpClientApiMethods::testResumeAudio,butter.mas.tests.clients.client_http_test,testResumeAudio,butter/mas/tests/clients/client_test.py,,,passed,,0.005481041967868805
butter/mas/tests/packets/packet_tcp_test.py::TestTcpPacketMethods::testSend,butter.mas.tests.packets.packet_tcp_test,testSend,butter/mas/tests/packets/packet_tcp_test.py,,,passed,,0.0006307810544967651
butter/mas/tests/packets/packet_builder_test.py::TestPacketBuilderMethods::testAddParameter,butter.mas.tests.packets.packet_builder_test,testAddParameter,butter/mas/tests/packets/packet_builder_test.py,,,passed,,0.0004144012928009033
butter/mas/tests/api_test.py::TestTcpClientApiMethods::testMoveMotorInDirection,butter.mas.tests.api_test,testMoveMotorInDirection,butter/mas/tests/clients/client_test.py,,,passed,,0.0006388053297996521
butter/mas/tests/clients/client_test.py::TestClientApiMethods::testPauseAudio,butter.mas.tests.clients.client_test,testPauseAudio,butter/mas/tests/clients/client_test.py,,,failed,AttributeError: 'NoneType' object has no attribute 'pauseAudio',0.00035677850246429443
butter/mas/tests/clients/client_udp_test.py::TestUdpClientApiMethods::testGetMotorRegisterRange,butter.mas.tests.clients.client_udp_test,testGetMotorRegisterRange,butter/mas/tests/clients/client_test.py,,,passed,,5.007646478712559
butter/mas/tests/api_test.py::TestUdpClientApiMethods::testResumeAnimation,butter.mas.tests.api_test,testResumeAnimation,butter/mas/tests/clients/client_test.py,,,passed,,5.008323147892952
butter/mas/tests/clients/client_udp_test.py::TestClientApiMethods::testPauseAnimation,butter.mas.tests.clients.client_udp_test,testPauseAnimation,butter/mas/tests/clients/client_test.py,,,failed,AttributeError: 'NoneType' object has no attribute 'pauseAnimation',0.0005785375833511353
butter/mas/tests/clients/client_udp_test.py::TestUdpClientApiMethods::testStopAnimation,butter.mas.tests.clients.client_udp_test,testStopAnimation,butter/mas/tests/clients/client_test.py,,,passed,,5.008390545845032
butter/mas/tests/clients/client_tcp_test.py::TestTcpClientApiMethods::testResumeAudio,butter.mas.tests.clients.client_tcp_test,testResumeAudio,butter/mas/tests/clients/client_test.py,,,passed,,0.0014531537890434265
butter/mas/tests/api_test.py::TestTcpClientApiMethods::testPlayAnimation,butter.mas.tests.api_test,testPlayAnimation,butter/mas/tests/clients/client_test.py,,,passed,,0.0007019564509391785
butter/mas/tests/clients/client_http_test.py::TestHttpClientApiMethods::testResumeAnimation,butter.mas.tests.clients.client_http_test,testResumeAnimation,butter/mas/tests/clients/client_test.py,,,passed,,0.004843421280384064
butter/mas/tests/clients/client_udp_test.py::TestClientApiMethods::testGetMotorRegisterRange,butter.mas.tests.clients.client_udp_test,testGetMotorRegisterRange,butter/mas/tests/clients/client_test.py,,,failed,AttributeError: 'NoneType' object has no attribute 'getMotorRegisterRange',0.00048654526472091675
butter/mas/tests/clients/client_tcp_test.py::TestClientApiMethods::testGetAvailableMotorRegisters,butter.mas.tests.clients.client_tcp_test,testGetAvailableMotorRegisters,butter/mas/tests/clients/client_test.py,,,failed,AttributeError: 'NoneType' object has no attribute 'getAvailableMotorRegisters',0.0004203319549560547
butter/mas/tests/api_test.py::TestHttpClientApiMethods::testPauseAudio,butter.mas.tests.api_test,testPauseAudio,butter/mas/tests/clients/client_test.py,,,passed,,0.0030622631311416626
butter/mas/tests/api_test.py::TestHttpClientApiMethods::testPauseAnimation,butter.mas.tests.api_test,testPauseAnimation,butter/mas/tests/clients/client_test.py,,,passed,,0.003071203827857971
butter/mas/tests/api_test.py::TestPacketBuilderMethods::testAddArguments,butter.mas.tests.api_test,testAddArguments,butter/mas/tests/packets/packet_builder_test.py,,,passed,,0.00034343451261520386
butter/mas/tests/api_test.py::TestUdpClientApiMethods::testPauseAudio,butter.mas.tests.api_test,testPauseAudio,butter/mas/tests/clients/client_test.py,,,passed,,5.007576979696751
butter/mas/tests/clients/client_udp_test.py::TestUdpClientApiMethods::testMoveMotorInDirection,butter.mas.tests.clients.client_udp_test,testMoveMotorInDirection,butter/mas/tests/clients/client_test.py,,,passed,,5.007969796657562
butter/mas/tests/clients/client_http_test.py::TestHttpClientApiMethods::testPauseAnimation,butter.mas.tests.clients.client_http_test,testPauseAnimation,butter/mas/tests/clients/client_test.py,,,passed,,0.006472915410995483
butter/mas/tests/clients/client_tcp_test.py::TestTcpClientApiMethods::testResumeAnimation,butter.mas.tests.clients.client_tcp_test,testResumeAnimation,butter/mas/tests/clients/client_test.py,,,passed,,0.0006619319319725037
butter/mas/tests/clients/client_udp_test.py::TestUdpClientApiMethods::testGetAvailableAnimations,butter.mas.tests.clients.client_udp_test,testGetAvailableAnimations,butter/mas/tests/clients/client_test.py,,,passed,,5.007120251655579
butter/mas/tests/packets/packet_builder_test.py::TestPacketBuilderMethods::testAddArgument,butter.mas.tests.packets.packet_builder_test,testAddArgument,butter/mas/tests/packets/packet_builder_test.py,,,passed,,0.0005350932478904724
butter/mas/tests/clients/client_test.py::TestClientApiMethods::testResumeAnimation,butter.mas.tests.clients.client_test,testResumeAnimation,butter/mas/tests/clients/client_test.py,,,failed,AttributeError: 'NoneType' object has no attribute 'resumeAnimation',0.0004919320344924927
butter/mas/tests/clients/client_tcp_test.py::TestClientApiMethods::testPlayAnimation,butter.mas.tests.clients.client_tcp_test,testPlayAnimation,butter/mas/tests/clients/client_test.py,,,failed,AttributeError: 'NoneType' object has no attribute 'playAnimation',0.00035838782787323
butter/mas/tests/api_test.py::TestTcpClientApiMethods::testStopAudio,butter.mas.tests.api_test,testStopAudio,butter/mas/tests/clients/client_test.py,,,passed,,0.0011709704995155334
butter/mas/tests/clients/client_udp_test.py::TestClientApiMethods::testResumeAnimation,butter.mas.tests.clients.client_udp_test,testResumeAnimation,butter/mas/tests/clients/client_test.py,,,failed,AttributeError: 'NoneType' object has no attribute 'resumeAnimation',0.00035265088081359863
butter/mas/tests/clients/client_test.py::TestClientApiMethods::testGetAvailableHandlers,butter.mas.tests.clients.client_test,testGetAvailableHandlers,butter/mas/tests/clients/client_test.py,,,failed,AttributeError: 'NoneType' object has no attribute 'getAvailableHandlers',0.0003528669476509094
butter/mas/tests/clients/client_tcp_test.py::TestTcpClientApiMethods::testGetMotorRegister,butter.mas.tests.clients.client_tcp_test,testGetMotorRegister,butter/mas/tests/clients/client_test.py,,,passed,,0.0006714984774589539
butter/mas/tests/clients/client_udp_test.py::TestClientApiMethods::testMoveMotorInDirection,butter.mas.tests.clients.client_udp_test,testMoveMotorInDirection,butter/mas/tests/clients/client_test.py,,,failed,AttributeError: 'NoneType' object has no attribute 'moveMotorToPosition',0.00035034865140914917
butter/mas/tests/api_test.py::TestUdpClientApiMethods::testPauseAnimation,butter.mas.tests.api_test,testPauseAnimation,butter/mas/tests/clients/client_test.py,,,passed,,5.008049838244915
butter/mas/tests/clients/client_udp_test.py::TestUdpClientApiMethods::testGetAvailableMotorRegisters,butter.mas.tests.clients.client_udp_test,testGetAvailableMotorRegisters,butter/mas/tests/clients/client_test.py,,,passed,,5.0086081847548485
butter/mas/tests/clients/client_udp_test.py::TestUdpClientApiMethods::testMoveMotorInTime,butter.mas.tests.clients.client_udp_test,testMoveMotorInTime,butter/mas/tests/clients/client_test.py,,,passed,,5.008470118045807
butter/mas/tests/clients/client_http_test.py::TestClientApiMethods::testSetMotorRegister,butter.mas.tests.clients.client_http_test,testSetMotorRegister,butter/mas/tests/clients/client_test.py,,,failed,AttributeError: 'NoneType' object has no attribute 'setMotorRegister',0.0006119906902313232
butter/mas/tests/clients/client_udp_test.py::TestClientApiMethods::testGetAvailableSounds,butter.mas.tests.clients.client_udp_test,testGetAvailableSounds,butter/mas/tests/clients/client_test.py,,,failed,AttributeError: 'NoneType' object has no attribute 'getAvailableSounds',0.00036250799894332886
butter/mas/tests/api_test.py::TestHttpClientApiMethods::testGetAvailableMotorRegisters,butter.mas.tests.api_test,testGetAvailableMotorRegisters,butter/mas/tests/clients/client_test.py,,,passed,,0.005479082465171814
butter/mas/tests/clients/client_http_test.py::TestClientApiMethods::testGetAvailableHandlers,butter.mas.tests.clients.client_http_test,testGetAvailableHandlers,butter/mas/tests/clients/client_test.py,,,failed,AttributeError: 'NoneType' object has no attribute 'getAvailableHandlers',0.00036375969648361206
butter/mas/tests/api_test.py::TestHttpClientApiMethods::testGetMotorRegisterRange,butter.mas.tests.api_test,testGetMotorRegisterRange,butter/mas/tests/clients/client_test.py,,,passed,,0.003062896430492401
butter/mas/tests/clients/client_udp_test.py::TestUdpClientApiMethods::testSetMotorRegister,butter.mas.tests.clients.client_udp_test,testSetMotorRegister,butter/mas/tests/clients/client_test.py,,,passed,,5.0073157623410225
butter/mas/tests/api_test.py::TestTcpClientApiMethods::testSetMotorRegister,butter.mas.tests.api_test,testSetMotorRegister,butter/mas/tests/clients/client_test.py,,,passed,,0.0014495849609375
butter/mas/tests/api_test.py::TestUdpClientApiMethods::testMoveMotorToPosition,butter.mas.tests.api_test,testMoveMotorToPosition,butter/mas/tests/clients/client_test.py,,,passed,,5.007862821221352
butter/mas/tests/packets/packet_builder_test.py::TestPacketBuilderMethods::testAddParameters,butter.mas.tests.packets.packet_builder_test,testAddParameters,butter/mas/tests/packets/packet_builder_test.py,,,passed,,0.0004956349730491638
butter/mas/tests/packets/packet_http_test.py::TestHttpPacketMethods::testSend,butter.mas.tests.packets.packet_http_test,testSend,butter/mas/tests/packets/packet_http_test.py,,,passed,,0.005500033497810364
butter/mas/tests/clients/client_tcp_test.py::TestTcpClientApiMethods::testGetMotorRegisterRange,butter.mas.tests.clients.client_tcp_test,testGetMotorRegisterRange,butter/mas/tests/clients/client_test.py,,,passed,,0.0007657930254936218
butter/mas/tests/clients/client_udp_test.py::TestClientApiMethods::testMoveMotorToPosition,butter.mas.tests.clients.client_udp_test,testMoveMotorToPosition,butter/mas/tests/clients/client_test.py,,,failed,AttributeError: 'NoneType' object has no attribute 'moveMotorToPosition',0.00044471025466918945
butter/mas/tests/clients/client_http_test.py::TestHttpClientApiMethods::testGetAvailableHandlers,butter.mas.tests.clients.client_http_test,testGetAvailableHandlers,butter/mas/tests/clients/client_test.py,,,passed,,0.003001779317855835
butter/mas/tests/utils/version_validations_test.py::TestVersionValidationsMethods::testCheckCompatibility,butter.mas.tests.utils.version_validations_test,testCheckCompatibility,butter/mas/tests/utils/version_validations_test.py,,,failed,AssertionError: False is not true,0.002861596643924713
butter/mas/tests/api_test.py::TestUdpClientApiMethods::testGetAvailableHandlers,butter.mas.tests.api_test,testGetAvailableHandlers,butter/mas/tests/clients/client_test.py,,,passed,,5.007632255554199
butter/mas/tests/api_test.py::TestVersionValidationsMethods::testGetLatestAppVersion,butter.mas.tests.api_test,testGetLatestAppVersion,butter/mas/tests/utils/version_validations_test.py,,,passed,,0.0430879220366478
butter/mas/tests/clients/client_http_test.py::TestHttpClientApiMethods::testStopAnimation,butter.mas.tests.clients.client_http_test,testStopAnimation,butter/mas/tests/clients/client_test.py,,,passed,,0.004803672432899475
butter/mas/tests/api_test.py::TestUdpClientApiMethods::testGetAvailableAnimations,butter.mas.tests.api_test,testGetAvailableAnimations,butter/mas/tests/clients/client_test.py,,,passed,,5.008333645761013
butter/mas/tests/api_test.py::TestTcpClientApiMethods::testResumeAudio,butter.mas.tests.api_test,testResumeAudio,butter/mas/tests/clients/client_test.py,,,passed,,0.001316666603088379
butter/mas/tests/clients/client_udp_test.py::TestClientApiMethods::testResumeAudio,butter.mas.tests.clients.client_udp_test,testResumeAudio,butter/mas/tests/clients/client_test.py,,,failed,AttributeError: 'NoneType' object has no attribute 'resumeAudio',0.00048704445362091064
butter/mas/tests/api_test.py::TestUdpClientApiMethods::testPlayAnimation,butter.mas.tests.api_test,testPlayAnimation,butter/mas/tests/clients/client_test.py,,,passed,,5.006651118397713
butter/mas/tests/utils/version_validations_test.py::TestVersionValidationsMethods::testGetLatestAppVersion,butter.mas.tests.utils.version_validations_test,testGetLatestAppVersion,butter/mas/tests/utils/version_validations_test.py,,,passed,,0.0387251153588295
butter/mas/tests/clients/client_http_test.py::TestClientApiMethods::testMoveMotorToPosition,butter.mas.tests.clients.client_http_test,testMoveMotorToPosition,butter/mas/tests/clients/client_test.py,,,failed,AttributeError: 'NoneType' object has no attribute 'moveMotorToPosition',0.0004376545548439026
butter/mas/tests/api_test.py::TestHttpClientApiMethods::testMoveMotorInDirection,butter.mas.tests.api_test,testMoveMotorInDirection,butter/mas/tests/clients/client_test.py,,,passed,,0.003719523549079895
butter/mas/tests/clients/client_http_test.py::TestHttpClientApiMethods::testGetAvailableSounds,butter.mas.tests.clients.client_http_test,testGetAvailableSounds,butter/mas/tests/clients/client_test.py,,,passed,,0.0029029548168182373
