id,module,name,file,doc,markers,status,message,duration
butter/mas/tests/api_test.py::TestTcpClientApiMethods::testGetAvailableHandlers,butter.mas.tests.api_test,testGetAvailableHandlers,butter/mas/tests/clients/client_test.py,,,passed,,0.0017645210027694702
butter/mas/tests/clients/client_tcp_test.py::TestClientApiMethods::testSetMotorRegister,butter.mas.tests.clients.client_tcp_test,testSetMotorRegister,butter/mas/tests/clients/client_test.py,,,failed,AttributeError: 'TestClientApiMethods' object has no attribute 'client',0.0006733834743499756
butter/mas/tests/clients/client_udp_test.py::TestClientApiMethods::testGetAvailableSounds,butter.mas.tests.clients.client_udp_test,testGetAvailableSounds,butter/mas/tests/clients/client_test.py,,,failed,AttributeError: 'TestClientApiMethods' object has no attribute 'client',0.00037339329719543457
butter/mas/tests/clients/client_tcp_test.py::TestClientApiMethods::testGetMotorRegister,butter.mas.tests.clients.client_tcp_test,testGetMotorRegister,butter/mas/tests/clients/client_test.py,,,failed,AttributeError: 'TestClientApiMethods' object has no attribute 'client',0.0003587976098060608
butter/mas/tests/api_test.py::TestUdpClientApiMethods::testStopAudio,butter.mas.tests.api_test,testStopAudio,butter/mas/tests/clients/client_test.py,,,passed,,5.007842488586903
butter/mas/tests/clients/client_tcp_test.py::TestTcpClientApiMethods::testResumeAudio,butter.mas.tests.clients.client_tcp_test,testResumeAudio,butter/mas/tests/clients/client_test.py,,,passed,,0.0013835728168487549
butter/mas/tests/clients/client_udp_test.py::TestClientApiMethods::testMoveMotorToPosition,butter.mas.tests.clients.client_udp_test,testMoveMotorToPosition,butter/mas/tests/clients/client_test.py,,,failed,AttributeError: 'TestClientApiMethods' object has no attribute 'client',0.000493958592414856
butter/mas/tests/clients/client_tcp_test.py::TestTcpClientApiMethods::testGetAvailableMotorRegisters,butter.mas.tests.clients.client_tcp_test,testGetAvailableMotorRegisters,butter/mas/tests/clients/client_test.py,,,passed,,0.0006856173276901245
butter/mas/tests/clients/client_http_test.py::TestHttpClientApiMethods::testMoveMotorToPosition,butter.mas.tests.clients.client_http_test,testMoveMotorToPosition,butter/mas/tests/clients/client_test.py,,,failed,AttributeError: 'TestHttpClientApiMethods' object has no attribute 'client',0.0003630593419075012
butter/mas/tests/clients/client_http_test.py::TestClientApiMethods::testGetMotorRegisterRange,butter.mas.tests.clients.client_http_test,testGetMotorRegisterRange,butter/mas/tests/clients/client_test.py,,,failed,AttributeError: 'NoneType' object has no attribute 'getMotorRegisterRange',0.0003641098737716675
butter/mas/tests/clients/client_http_test.py::TestClientApiMethods::testPlayAnimation,butter.mas.tests.clients.client_http_test,testPlayAnimation,butter/mas/tests/clients/client_test.py,,,failed,AttributeError: 'NoneType' object has no attribute 'playAnimation',0.0003615245223045349
butter/mas/tests/clients/client_http_test.py::TestClientApiMethods::testGetAvailableHandlers,butter.mas.tests.clients.client_http_test,testGetAvailableHandlers,butter/mas/tests/clients/client_test.py,,,failed,AttributeError: 'NoneType' object has no attribute 'getAvailableHandlers',0.0003568381071090698
butter/mas/tests/packets/packet_builder_test.py::TestPacketBuilderMethods::testAddKeyValuePair,butter.mas.tests.packets.packet_builder_test,testAddKeyValuePair,butter/mas/tests/packets/packet_builder_test.py,,,passed,,0.00034315139055252075
butter/mas/tests/clients/client_udp_test.py::TestClientApiMethods::testPlayAudio,butter.mas.tests.clients.client_udp_test,testPlayAudio,butter/mas/tests/clients/client_test.py,,,failed,AttributeError: 'NoneType' object has no attribute 'playAudio',0.00035838037729263306
butter/mas/tests/clients/client_http_test.py::TestHttpClientApiMethods::testGetMotorRegisterRange,butter.mas.tests.clients.client_http_test,testGetMotorRegisterRange,butter/mas/tests/clients/client_test.py,,,failed,AttributeError: 'NoneType' object has no attribute 'getMotorRegisterRange',0.00036222487688064575
butter/mas/tests/clients/client_tcp_test.py::TestClientApiMethods::testGetAvailableSounds,butter.mas.tests.clients.client_tcp_test,testGetAvailableSounds,butter/mas/tests/clients/client_test.py,,,failed,AttributeError: 'NoneType' object has no attribute 'getAvailableSounds',0.0003583058714866638
butter/mas/tests/clients/client_test.py::TestClientApiMethods::testGetMotorRegister,butter.mas.tests.clients.client_test,testGetMotorRegister,butter/mas/tests/clients/client_test.py,,,failed,AttributeError: 'NoneType' object has no attribute 'getMotorRegister',0.0003573298454284668
butter/mas/tests/api_test.py::TestUdpClientApiMethods::testPlayAnimation,butter.mas.tests.api_test,testPlayAnimation,butter/mas/tests/clients/client_test.py,,,passed,,5.006282404065132
butter/mas/tests/clients/client_http_test.py::TestClientApiMethods::testPauseAnimation,butter.mas.tests.clients.client_http_test,testPauseAnimation,butter/mas/tests/clients/client_test.py,,,failed,AttributeError: 'NoneType' object has no attribute 'pauseAnimation',0.000374719500541687
butter/mas/tests/api_test.py::TestTcpClientApiMethods::testResumeAudio,butter.mas.tests.api_test,testResumeAudio,butter/mas/tests/clients/client_test.py,,,passed,,0.0007713809609413147
butter/mas/tests/clients/client_udp_test.py::TestUdpClientApiMethods::testPauseAudio,butter.mas.tests.clients.client_udp_test,testPauseAudio,butter/mas/tests/clients/client_test.py,,,passed,,5.005984306335449
butter/mas/tests/clients/client_test.py::TestClientApiMethods::testMoveMotorToPosition,butter.mas.tests.clients.client_test,testMoveMotorToPosition,butter/mas/tests/clients/client_test.py,,,failed,AttributeError: 'NoneType' object has no attribute 'moveMotorToPosition',0.0003731846809387207
butter/mas/tests/api_test.py::TestUdpPacketMethods::testSend,butter.mas.tests.api_test,testSend,butter/mas/tests/packets/packet_udp_test.py,,,passed,,5.002640902996063
butter/mas/tests/api_test.py::TestUdpClientApiMethods::testGetAvailableHandlers,butter.mas.tests.api_test,testGetAvailableHandlers,butter/mas/tests/clients/client_test.py,,,passed,,5.007656000554562
butter/mas/tests/api_test.py::TestVersionValidationsMethods::testCheckForUpdates,butter.mas.tests.api_test,testCheckForUpdates,butter/mas/tests/utils/version_validations_test.py,,,failed,AssertionError: True is not false,0.04686184227466583
butter/mas/tests/clients/client_tcp_test.py::TestTcpClientApiMethods::testGetAvailableSounds,butter.mas.tests.clients.client_tcp_test,testGetAvailableSounds,butter/mas/tests/clients/client_test.py,,,passed,,0.001140311360359192
butter/mas/tests/clients/client_tcp_test.py::TestTcpClientApiMethods::testGetAvailableAnimations,butter.mas.tests.clients.client_tcp_test,testGetAvailableAnimations,butter/mas/tests/clients/client_test.py,,,passed,,0.0006113573908805847
butter/mas/tests/clients/client_http_test.py::TestClientApiMethods::testGetAvailableMotorRegisters,butter.mas.tests.clients.client_http_test,testGetAvailableMotorRegisters,butter/mas/tests/clients/client_test.py,,,failed,AttributeError: 'NoneType' object has no attribute 'getAvailableMotorRegisters',0.0003677383065223694
butter/mas/tests/packets/packet_builder_test.py::TestPacketBuilderMethods::testAddParameter,butter.mas.tests.packets.packet_builder_test,testAddParameter,butter/mas/tests/packets/packet_builder_test.py,,,passed,,0.0004048347473144531
butter/mas/tests/clients/client_udp_test.py::TestClientApiMethods::testStopAudio,butter.mas.tests.clients.client_udp_test,testStopAudio,butter/mas/tests/clients/client_test.py,,,failed,AttributeError: 'NoneType' object has no attribute 'stopAudio',0.00035957247018814087
butter/mas/tests/clients/client_test.py::TestClientApiMethods::testGetMotorRegisterRange,butter.mas.tests.clients.client_test,testGetMotorRegisterRange,butter/mas/tests/clients/client_test.py,,,failed,AttributeError: 'NoneType' object has no attribute 'getMotorRegisterRange',0.00035978108644485474
butter/mas/tests/api_test.py::TestUdpClientApiMethods::testGetAvailableAnimations,butter.mas.tests.api_test,testGetAvailableAnimations,butter/mas/tests/clients/client_test.py,,,passed,,5.00618364661932
butter/mas/tests/clients/client_tcp_test.py::TestClientApiMethods::testPlayAnimation,butter.mas.tests.clients.client_tcp_test,testPlayAnimation,butter/mas/tests/clients/client_test.py,,,failed,AttributeError: 'NoneType' object has no attribute 'playAnimation',0.0003763362765312195
butter/mas/tests/clients/client_test.py::TestClientApiMethods::testPauseAudio,butter.mas.tests.clients.client_test,testPauseAudio,butter/mas/tests/clients/client_test.py,,,failed,AttributeError: 'NoneType' object has no attribute 'pauseAudio',0.00036794692277908325
butter/mas/tests/clients/client_http_test.py::TestHttpClientApiMethods::testPauseAnimation,butter.mas.tests.clients.client_http_test,testPauseAnimation,butter/mas/tests/clients/client_test.py,,,failed,AttributeError: 'NoneType' object has no attribute 'pauseAnimation',0.00036459416151046753
butter/mas/tests/api_test.py::TestHttpClientApiMethods::testGetMotorRegister,butter.mas.tests.api_test,testGetMotorRegister,butter/mas/tests/clients/client_test.py,,,passed,,0.004136018455028534
butter/mas/tests/clients/client_tcp_test.py::TestClientApiMethods::testGetMotorRegisterRange,butter.mas.tests.clients.client_tcp_test,testGetMotorRegisterRange,butter/mas/tests/clients/client_test.py,,,failed,AttributeError: 'NoneType' object has no attribute 'getMotorRegisterRange',0.00037206709384918213
butter/mas/tests/api_test.py::TestPacketBuilderMethods::testAddKeyValuePair,butter.mas.tests.api_test,testAddKeyValuePair,butter/mas/tests/packets/packet_builder_test.py,,,passed,,0.00036278367042541504
butter/mas/tests/clients/client_tcp_test.py::TestTcpClientApiMethods::testMoveMotorInTime,butter.mas.tests.clients.client_tcp_test,testMoveMotorInTime,butter/mas/tests/clients/client_test.py,,,passed,,0.001430310308933258
butter/mas/tests/utils/version_validations_test.py::TestVersionValidationsMethods::testGetLatestAppVersion,butter.mas.tests.utils.version_validations_test,testGetLatestAppVersion,butter/mas/tests/utils/version_validations_test.py,,,passed,,0.03956536203622818
butter/mas/tests/api_test.py::TestHttpClientApiMethods::testGetAvailableMotorRegisters,butter.mas.tests.api_test,testGetAvailableMotorRegisters,butter/mas/tests/clients/client_test.py,,,passed,,0.0031636059284210205
butter/mas/tests/clients/client_udp_test.py::TestUdpClientApiMethods::testMoveMotorInTime,butter.mas.tests.clients.client_udp_test,testMoveMotorInTime,butter/mas/tests/clients/client_test.py,,,passed,,5.0061583667993546
butter/mas/tests/api_test.py::TestTcpClientApiMethods::testSetMotorRegister,butter.mas.tests.api_test,testSetMotorRegister,butter/mas/tests/clients/client_test.py,,,passed,,0.0007329657673835754
butter/mas/tests/clients/client_udp_test.py::TestClientApiMethods::testResumeAudio,butter.mas.tests.clients.client_udp_test,testResumeAudio,butter/mas/tests/clients/client_test.py,,,failed,AttributeError: 'NoneType' object has no attribute 'resumeAudio',0.00042885541915893555
butter/mas/tests/clients/client_udp_test.py::TestUdpClientApiMethods::testPlayAudio,butter.mas.tests.clients.client_udp_test,testPlayAudio,butter/mas/tests/clients/client_test.py,,,passed,,5.007486425340176
butter/mas/tests/clients/client_test.py::TestClientApiMethods::testStopAudio,butter.mas.tests.clients.client_test,testStopAudio,butter/mas/tests/clients/client_test.py,,,failed,AttributeError: 'NoneType' object has no attribute 'stopAudio',0.0005825906991958618
butter/mas/tests/api_test.py::TestTcpClientApiMethods::testStopAnimation,butter.mas.tests.api_test,testStopAnimation,butter/mas/tests/clients/client_test.py,,,passed,,0.001222454011440277
butter/mas/tests/clients/client_http_test.py::TestHttpClientApiMethods::testPlayAnimation,butter.mas.tests.clients.client_http_test,testPlayAnimation,butter/mas/tests/clients/client_test.py,,,passed,,0.00459086149930954
butter/mas/tests/api_test.py::TestVersionValidationsMethods::testGetFirmwareVersions,butter.mas.tests.api_test,testGetFirmwareVersions,butter/mas/tests/utils/version_validations_test.py,,,failed,AssertionError: unexpectedly None,0.002905033528804779
butter/mas/tests/api_test.py::TestUdpClientApiMethods::testPlayAudio,butter.mas.tests.api_test,testPlayAudio,butter/mas/tests/clients/client_test.py,,,passed,,5.00728066265583
butter/mas/tests/clients/client_http_test.py::TestClientApiMethods::testResumeAnimation,butter.mas.tests.clients.client_http_test,testResumeAnimation,butter/mas/tests/clients/client_test.py,,,failed,AttributeError: 'NoneType' object has no attribute 'resumeAnimation',0.0004062950611114502
butter/mas/tests/clients/client_test.py::TestClientApiMethods::testGetAvailableMotorRegisters,butter.mas.tests.clients.client_test,testGetAvailableMotorRegisters,butter/mas/tests/clients/client_test.py,,,failed,AttributeError: 'NoneType' object has no attribute 'getAvailableMotorRegisters',0.0003689303994178772
butter/mas/tests/clients/client_test.py::TestClientApiMethods::testPlayAnimation,butter.mas.tests.clients.client_test,testPlayAnimation,butter/mas/tests/clients/client_test.py,,,failed,AttributeError: 'NoneType' object has no attribute 'playAnimation',0.00035809725522994995
butter/mas/tests/clients/client_tcp_test.py::TestTcpClientApiMethods::testStopAnimation,butter.mas.tests.clients.client_tcp_test,testStopAnimation,butter/mas/tests/clients/client_test.py,,,passed,,0.001286424696445465
butter/mas/tests/clients/client_tcp_test.py::TestTcpClientApiMethods::testStopAudio,butter.mas.tests.clients.client_tcp_test,testStopAudio,butter/mas/tests/clients/client_test.py,,,passed,,0.0006183460354804993
butter/mas/tests/clients/client_tcp_test.py::TestTcpClientApiMethods::testPlayAudio,butter.mas.tests.clients.client_tcp_test,testPlayAudio,butter/mas/tests/clients/client_test.py,,,passed,,0.0006036832928657532
butter/mas/tests/api_test.py::TestUdpClientApiMethods::testPauseAudio,butter.mas.tests.api_test,testPauseAudio,butter/mas/tests/clients/client_test.py,,,passed,,5.006271868944168
butter/mas/tests/clients/client_tcp_test.py::TestClientApiMethods::testPauseAnimation,butter.mas.tests.clients.client_tcp_test,testPauseAnimation,butter/mas/tests/clients/client_test.py,,,failed,AttributeError: 'NoneType' object has no attribute 'pauseAnimation',0.0003801807761192322
butter/mas/tests/clients/client_udp_test.py::TestUdpClientApiMethods::testGetAvailableHandlers,butter.mas.tests.clients.client_udp_test,testGetAvailableHandlers,butter/mas/tests/clients/client_test.py,,,passed,,5.007373049855232
butter/mas/tests/api_test.py::TestTcpClientApiMethods::testMoveMotorToPosition,butter.mas.tests.api_test,testMoveMotorToPosition,butter/mas/tests/clients/client_test.py,,,passed,,0.0010095536708831787
butter/mas/tests/api_test.py::TestTcpClientApiMethods::testMoveMotorInDirection,butter.mas.tests.api_test,testMoveMotorInDirection,butter/mas/tests/clients/client_test.py,,,passed,,0.0006261095404624939
butter/mas/tests/clients/client_http_test.py::TestHttpClientApiMethods::testResumeAnimation,butter.mas.tests.clients.client_http_test,testResumeAnimation,butter/mas/tests/clients/client_test.py,,,passed,,0.004683390259742737
butter/mas/tests/api_test.py::TestUdpClientApiMethods::testResumeAnimation,butter.mas.tests.api_test,testResumeAnimation,butter/mas/tests/clients/client_test.py,,,passed,,5.006712667644024
butter/mas/tests/api_test.py::TestTcpClientApiMethods::testGetAvailableSounds,butter.mas.tests.api_test,testGetAvailableSounds,butter/mas/tests/clients/client_test.py,,,passed,,0.0010314211249351501
butter/mas/tests/clients/client_tcp_test.py::TestClientApiMethods::testPlayAudio,butter.mas.tests.clients.client_tcp_test,testPlayAudio,butter/mas/tests/clients/client_test.py,,,failed,AttributeError: 'NoneType' object has no attribute 'playAudio',0.0004388391971588135
butter/mas/tests/api_test.py::TestUdpClientApiMethods::testStopAnimation,butter.mas.tests.api_test,testStopAnimation,butter/mas/tests/clients/client_test.py,,,passed,,5.007607109844685
butter/mas/tests/api_test.py::TestUdpClientApiMethods::testSetMotorRegister,butter.mas.tests.api_test,testSetMotorRegister,butter/mas/tests/clients/client_test.py,,,passed,,5.006544969975948
butter/mas/tests/clients/client_udp_test.py::TestClientApiMethods::testPauseAudio,butter.mas.tests.clients.client_udp_test,testPauseAudio,butter/mas/tests/clients/client_test.py,,,failed,AttributeError: 'NoneType' object has no attribute 'pauseAudio',0.0005895048379898071
butter/mas/tests/clients/client_tcp_test.py::TestTcpClientApiMethods::testMoveMotorInDirection,butter.mas.tests.clients.client_tcp_test,testMoveMotorInDirection,butter/mas/tests/clients/client_test.py,,,passed,,0.0009148493409156799
butter/mas/tests/packets/packet_udp_test.py::TestUdpPacketMethods::testSend,butter.mas.tests.packets.packet_udp_test,testSend,butter/mas/tests/packets/packet_udp_test.py,,,passed,,5.0064603835344315
butter/mas/tests/clients/client_udp_test.py::TestClientApiMethods::testResumeAnimation,butter.mas.tests.clients.client_udp_test,testResumeAnimation,butter/mas/tests/clients/client_test.py,,,failed,AttributeError: 'NoneType' object has no attribute 'resumeAnimation',0.00044192373752593994
butter/mas/tests/api_test.py::TestVersionValidationsMethods::testGetLatestAppVersion,butter.mas.tests.api_test,testGetLatestAppVersion,butter/mas/tests/utils/version_validations_test.py,,,passed,,0.0403062179684639
butter/mas/tests/clients/client_http_test.py::TestClientApiMethods::testMoveMotorInTime,butter.mas.tests.clients.client_http_test,testMoveMotorInTime,butter/mas/tests/clients/client_test.py,,,failed,AttributeError: 'NoneType' object has no attribute 'moveMotorInTime',0.000376679003238678
butter/mas/tests/clients/client_udp_test.py::TestUdpClientApiMethods::testStopAnimation,butter.mas.tests.clients.client_udp_test,testStopAnimation,butter/mas/tests/clients/client_test.py,,,passed,,5.001832090318203
butter/mas/tests/api_test.py::TestTcpClientApiMethods::testPlayAnimation,butter.mas.tests.api_test,testPlayAnimation,butter/mas/tests/clients/client_test.py,,,passed,,0.0007153674960136414
butter/mas/tests/clients/client_tcp_test.py::TestClientApiMethods::testStopAudio,butter.mas.tests.clients.client_tcp_test,testStopAudio,butter/mas/tests/clients/client_test.py,,,failed,AttributeError: 'NoneType' object has no attribute 'stopAudio',0.0003710240125656128
butter/mas/tests/clients/client_http_test.py::TestHttpClientApiMethods::testPauseAudio,butter.mas.tests.clients.client_http_test,testPauseAudio,butter/mas/tests/clients/client_test.py,,,passed,,0.003894202411174774
butter/mas/tests/clients/client_udp_test.py::TestClientApiMethods::testGetAvailableHandlers,butter.mas.tests.clients.client_udp_test,testGetAvailableHandlers,butter/mas/tests/clients/client_test.py,,,failed,AttributeError: 'NoneType' object has no attribute 'getAvailableHandlers',0.00037535279989242554
butter/mas/tests/api_test.py::TestHttpClientApiMethods::testResumeAudio,butter.mas.tests.api_test,testResumeAudio,butter/mas/tests/clients/client_test.py,,,passed,,0.002970278263092041
butter/mas/tests/api_test.py::TestHttpClientApiMethods::testStopAudio,butter.mas.tests.api_test,testStopAudio,butter/mas/tests/clients/client_test.py,,,passed,,0.0028836652636528015
butter/mas/tests/api_test.py::TestUdpClientApiMethods::testGetAvailableSounds,butter.mas.tests.api_test,testGetAvailableSounds,butter/mas/tests/clients/client_test.py,,,passed,,5.00762052834034
butter/mas/tests/clients/client_http_test.py::TestHttpClientApiMethods::testGetMotorRegister,butter.mas.tests.clients.client_http_test,testGetMotorRegister,butter/mas/tests/clients/client_test.py,,,passed,,0.005199834704399109
butter/mas/tests/api_test.py::TestTcpClientApiMethods::testMoveMotorInTime,butter.mas.tests.api_test,testMoveMotorInTime,butter/mas/tests/clients/client_test.py,,,passed,,0.0007188543677330017
butter/mas/tests/clients/client_udp_test.py::TestUdpClientApiMethods::testMoveMotorInDirection,butter.mas.tests.clients.client_udp_test,testMoveMotorInDirection,butter/mas/tests/clients/client_test.py,,,passed,,5.0070183873176575
butter/mas/tests/api_test.py::TestUdpClientApiMethods::testPauseAnimation,butter.mas.tests.api_test,testPauseAnimation,butter/mas/tests/clients/client_test.py,,,passed,,5.004127591848373
butter/mas/tests/api_test.py::TestUdpClientApiMethods::testGetAvailableMotorRegisters,butter.mas.tests.api_test,testGetAvailableMotorRegisters,butter/mas/tests/clients/client_test.py,,,passed,,5.006335496902466
butter/mas/tests/clients/client_udp_test.py::TestClientApiMethods::testGetMotorRegisterRange,butter.mas.tests.clients.client_udp_test,testGetMotorRegisterRange,butter/mas/tests/clients/client_test.py,,,failed,AttributeError: 'NoneType' object has no attribute 'getMotorRegisterRange',0.000504717230796814
butter/mas/tests/api_test.py::TestTcpClientApiMethods::testPauseAnimation,butter.mas.tests.api_test,testPauseAnimation,butter/mas/tests/clients/client_test.py,,,passed,,0.0008273273706436157
butter/mas/tests/api_test.py::TestTcpClientApiMethods::testGetMotorRegister,butter.mas.tests.api_test,testGetMotorRegister,butter/mas/tests/clients/client_test.py,,,passed,,0.0006198883056640625
butter/mas/tests/clients/client_test.py::TestClientApiMethods::testGetAvailableAnimations,butter.mas.tests.clients.client_test,testGetAvailableAnimations,butter/mas/tests/clients/client_test.py,,,failed,AttributeError: 'NoneType' object has no attribute 'getAvailableAnimations',0.0003587380051612854
butter/mas/tests/clients/client_tcp_test.py::TestClientApiMethods::testGetAvailableAnimations,butter.mas.tests.clients.client_tcp_test,testGetAvailableAnimations,butter/mas/tests/clients/client_test.py,,,failed,AttributeError: 'NoneType' object has no attribute 'getAvailableAnimations',0.0003629922866821289
butter/mas/tests/clients/client_udp_test.py::TestClientApiMethods::testStopAnimation,butter.mas.tests.clients.client_udp_test,testStopAnimation,butter/mas/tests/clients/client_test.py,,,failed,AttributeError: 'NoneType' object has no attribute 'stopAnimation',0.00036172568798065186
butter/mas/tests/api_test.py::TestHttpClientApiMethods::testGetAvailableAnimations,butter.mas.tests.api_test,testGetAvailableAnimations,butter/mas/tests/clients/client_test.py,,,passed,,0.004131056368350983
butter/mas/tests/clients/client_tcp_test.py::TestTcpClientApiMethods::testGetAvailableHandlers,butter.mas.tests.clients.client_tcp_test,testGetAvailableHandlers,butter/mas/tests/clients/client_test.py,,,passed,,0.000635392963886261
butter/mas/tests/packets/packet_builder_test.py::TestPacketBuilderMethods::testBuild,butter.mas.tests.packets.packet_builder_test,testBuild,butter/mas/tests/packets/packet_builder_test.py,,,passed,,0.00041306763887405396
butter/mas/tests/api_test.py::TestHttpClientApiMethods::testGetMotorRegisterRange,butter.mas.tests.api_test,testGetMotorRegisterRange,butter/mas/tests/clients/client_test.py,,,passed,,0.0029466673731803894
butter/mas/tests/clients/client_http_test.py::TestHttpClientApiMethods::testMoveMotorInDirection,butter.mas.tests.clients.client_http_test,testMoveMotorInDirection,butter/mas/tests/clients/client_test.py,,,passed,,0.0030033886432647705
butter/mas/tests/clients/client_test.py::TestClientApiMethods::testMoveMotorInTime,butter.mas.tests.clients.client_test,testMoveMotorInTime,butter/mas/tests/clients/client_test.py,,,failed,AttributeError: 'NoneType' object has no attribute 'moveMotorInTime',0.00038457661867141724
butter/mas/tests/clients/client_udp_test.py::TestUdpClientApiMethods::testResumeAudio,butter.mas.tests.clients.client_udp_test,testResumeAudio,butter/mas/tests/clients/client_test.py,,,passed,,5.007647417485714
butter/mas/tests/clients/client_tcp_test.py::TestClientApiMethods::testStopAnimation,butter.mas.tests.clients.client_tcp_test,testStopAnimation,butter/mas/tests/clients/client_test.py,,,failed,AttributeError: 'NoneType' object has no attribute 'stopAnimation',0.0006144344806671143
butter/mas/tests/clients/client_tcp_test.py::TestTcpClientApiMethods::testGetMotorRegister,butter.mas.tests.clients.client_tcp_test,testGetMotorRegister,butter/mas/tests/clients/client_test.py,,,passed,,0.0012911781668663025
butter/mas/tests/clients/client_test.py::TestClientApiMethods::testGetAvailableHandlers,butter.mas.tests.clients.client_test,testGetAvailableHandlers,butter/mas/tests/clients/client_test.py,,,failed,AttributeError: 'NoneType' object has no attribute 'getAvailableHandlers',0.0003680214285850525
butter/mas/tests/clients/client_http_test.py::TestClientApiMethods::testPlayAudio,butter.mas.tests.clients.client_http_test,testPlayAudio,butter/mas/tests/clients/client_test.py,,,failed,AttributeError: 'NoneType' object has no attribute 'playAudio',0.00037004798650741577
butter/mas/tests/clients/client_udp_test.py::TestClientApiMethods::testGetAvailableAnimations,butter.mas.tests.clients.client_udp_test,testGetAvailableAnimations,butter/mas/tests/clients/client_test.py,,,failed,AttributeError: 'NoneType' object has no attribute 'getAvailableAnimations',0.00036403536796569824
butter/mas/tests/clients/client_http_test.py::TestHttpClientApiMethods::testSetMotorRegister,butter.mas.tests.clients.client_http_test,testSetMotorRegister,butter/mas/tests/clients/client_test.py,,,passed,,0.004654198884963989
butter/mas/tests/clients/client_udp_test.py::TestClientApiMethods::testMoveMotorInDirection,butter.mas.tests.clients.client_udp_test,testMoveMotorInDirection,butter/mas/tests/clients/client_test.py,,,failed,AttributeError: 'NoneType' object has no attribute 'moveMotorToPosition',0.00040265917778015137
butter/mas/tests/api_test.py::TestTcpClientApiMethods::testPauseAudio,butter.mas.tests.api_test,testPauseAudio,butter/mas/tests/clients/client_test.py,,,passed,,0.0007003471255302429
butter/mas/tests/clients/client_udp_test.py::TestClientApiMethods::testMoveMotorInTime,butter.mas.tests.clients.client_udp_test,testMoveMotorInTime,butter/mas/tests/clients/client_test.py,,,failed,AttributeError: 'NoneType' object has no attribute 'moveMotorInTime',0.000379413366317749
butter/mas/tests/clients/client_http_test.py::TestClientApiMethods::testPauseAudio,butter.mas.tests.clients.client_http_test,testPauseAudio,butter/mas/tests/clients/client_test.py,,,failed,AttributeError: 'NoneType' object has no attribute 'pauseAudio',0.0003657117486000061
butter/mas/tests/clients/client_test.py::TestClientApiMethods::testPauseAnimation,butter.mas.tests.clients.client_test,testPauseAnimation,butter/mas/tests/clients/client_test.py,,,failed,AttributeError: 'NoneType' object has no attribute 'pauseAnimation',0.0003633424639701843
butter/mas/tests/api_test.py::TestTcpClientApiMethods::testStopAudio,butter.mas.tests.api_test,testStopAudio,butter/mas/tests/clients/client_test.py,,,passed,,0.0007046759128570557
butter/mas/tests/clients/client_test.py::TestClientApiMethods::testStopAnimation,butter.mas.tests.clients.client_test,testStopAnimation,butter/mas/tests/clients/client_test.py,,,failed,AttributeError: 'NoneType' object has no attribute 'stopAnimation',0.0003599226474761963
butter/mas/tests/api_test.py::TestUdpClientApiMethods::testMoveMotorInDirection,butter.mas.tests.api_test,testMoveMotorInDirection,butter/mas/tests/clients/client_test.py,,,passed,,5.006047174334526
butter/mas/tests/clients/client_tcp_test.py::TestClientApiMethods::testMoveMotorInTime,butter.mas.tests.clients.client_tcp_test,testMoveMotorInTime,butter/mas/tests/clients/client_test.py,,,failed,AttributeError: 'NoneType' object has no attribute 'moveMotorInTime',0.00036969780921936035
butter/mas/tests/clients/client_tcp_test.py::TestClientApiMethods::testGetAvailableHandlers,butter.mas.tests.clients.client_tcp_test,testGetAvailableHandlers,butter/mas/tests/clients/client_test.py,,,failed,AttributeError: 'NoneType' object has no attribute 'getAvailableHandlers',0.0003632679581642151
butter/mas/tests/api_test.py::TestUdpClientApiMethods::testGetMotorRegisterRange,butter.mas.tests.api_test,testGetMotorRegisterRange,butter/mas/tests/clients/client_test.py,,,passed,,5.002413496375084
butter/mas/tests/api_test.py::TestHttpClientApiMethods::testStopAnimation,butter.mas.tests.api_test,testStopAnimation,butter/mas/tests/clients/client_test.py,,,passed,,0.0033317282795906067
butter/mas/tests/clients/client_http_test.py::TestHttpClientApiMethods::testGetAvailableAnimations,butter.mas.tests.clients.client_http_test,testGetAvailableAnimations,butter/mas/tests/clients/client_test.py,,,passed,,0.0028766170144081116
butter/mas/tests/api_test.py::TestHttpClientApiMethods::testPlayAudio,butter.mas.tests.api_test,testPlayAudio,butter/mas/tests/clients/client_test.py,,,passed,,0.0028715208172798157
butter/mas/tests/clients/client_tcp_test.py::TestTcpClientApiMethods::testPauseAudio,butter.mas.tests.clients.client_tcp_test,testPauseAudio,butter/mas/tests/clients/client_test.py,,,passed,,0.0006426498293876648
butter/mas/tests/clients/client_udp_test.py::TestClientApiMethods::testPlayAnimation,butter.mas.tests.clients.client_udp_test,testPlayAnimation,butter/mas/tests/clients/client_test.py,,,failed,AttributeError: 'NoneType' object has no attribute 'playAnimation',0.0007328987121582031
butter/mas/tests/api_test.py::TestVersionValidationsMethods::testCheckCompatibility,butter.mas.tests.api_test,testCheckCompatibility,butter/mas/tests/utils/version_validations_test.py,,,failed,AssertionError: False is not true,0.003027200698852539
butter/mas/tests/clients/client_udp_test.py::TestClientApiMethods::testGetMotorRegister,butter.mas.tests.clients.client_udp_test,testGetMotorRegister,butter/mas/tests/clients/client_test.py,,,failed,AttributeError: 'NoneType' object has no attribute 'getMotorRegister',0.0003627017140388489
butter/mas/tests/clients/client_tcp_test.py::TestTcpClientApiMethods::testGetMotorRegisterRange,butter.mas.tests.clients.client_tcp_test,testGetMotorRegisterRange,butter/mas/tests/clients/client_test.py,,,passed,,0.0006851926445960999
butter/mas/tests/clients/client_tcp_test.py::TestClientApiMethods::testMoveMotorToPosition,butter.mas.tests.clients.client_tcp_test,testMoveMotorToPosition,butter/mas/tests/clients/client_test.py,,,failed,AttributeError: 'NoneType' object has no attribute 'moveMotorToPosition',0.00035775452852249146
butter/mas/tests/utils/version_validations_test.py::TestVersionValidationsMethods::testCheckForUpdates,butter.mas.tests.utils.version_validations_test,testCheckForUpdates,butter/mas/tests/utils/version_validations_test.py,,,failed,AssertionError: True is not false,0.03912608325481415
butter/mas/tests/clients/client_http_test.py::TestClientApiMethods::testMoveMotorInDirection,butter.mas.tests.clients.client_http_test,testMoveMotorInDirection,butter/mas/tests/clients/client_test.py,,,failed,AttributeError: 'NoneType' object has no attribute 'moveMotorToPosition',0.00037060678005218506
butter/mas/tests/api_test.py::TestUdpClientApiMethods::testGetMotorRegister,butter.mas.tests.api_test,testGetMotorRegister,butter/mas/tests/clients/client_test.py,,,passed,,5.006400883197784
butter/mas/tests/api_test.py::TestPacketBuilderMethods::testBuild,butter.mas.tests.api_test,testBuild,butter/mas/tests/packets/packet_builder_test.py,,,passed,,0.00043395161628723145
butter/mas/tests/utils/version_validations_test.py::TestVersionValidationsMethods::testGetFirmwareVersions,butter.mas.tests.utils.version_validations_test,testGetFirmwareVersions,butter/mas/tests/utils/version_validations_test.py,,,failed,AssertionError: unexpectedly None,0.003891684114933014
butter/mas/tests/clients/client_udp_test.py::TestClientApiMethods::testGetAvailableMotorRegisters,butter.mas.tests.clients.client_udp_test,testGetAvailableMotorRegisters,butter/mas/tests/clients/client_test.py,,,failed,AttributeError: 'NoneType' object has no attribute 'getAvailableMotorRegisters',0.00036879628896713257
butter/mas/tests/clients/client_http_test.py::TestHttpClientApiMethods::testResumeAudio,butter.mas.tests.clients.client_http_test,testResumeAudio,butter/mas/tests/clients/client_test.py,,,passed,,0.0030204355716705322
butter/mas/tests/api_test.py::TestUdpClientApiMethods::testMoveMotorToPosition,butter.mas.tests.api_test,testMoveMotorToPosition,butter/mas/tests/clients/client_test.py,,,passed,,5.007527992129326
butter/mas/tests/clients/client_http_test.py::TestHttpClientApiMethods::testStopAnimation,butter.mas.tests.clients.client_http_test,testStopAnimation,butter/mas/tests/clients/client_test.py,,,passed,,0.005054138600826263
butter/mas/tests/clients/client_udp_test.py::TestUdpClientApiMethods::testMoveMotorToPosition,butter.mas.tests.clients.client_udp_test,testMoveMotorToPosition,butter/mas/tests/clients/client_test.py,,,passed,,5.0059410110116005
butter/mas/tests/clients/client_http_test.py::TestClientApiMethods::testStopAudio,butter.mas.tests.clients.client_http_test,testStopAudio,butter/mas/tests/clients/client_test.py,,,failed,AttributeError: 'NoneType' object has no attribute 'stopAudio',0.00044240802526474
butter/mas/tests/clients/client_http_test.py::TestHttpClientApiMethods::testGetAvailableSounds,butter.mas.tests.clients.client_http_test,testGetAvailableSounds,butter/mas/tests/clients/client_test.py,,,passed,,0.003253370523452759
butter/mas/tests/api_test.py::TestTcpClientApiMethods::testResumeAnimation,butter.mas.tests.api_test,testResumeAnimation,butter/mas/tests/clients/client_test.py,,,passed,,0.0007054433226585388
butter/mas/tests/clients/client_tcp_test.py::TestTcpClientApiMethods::testMoveMotorToPosition,butter.mas.tests.clients.client_tcp_test,testMoveMotorToPosition,butter/mas/tests/clients/client_test.py,,,passed,,0.0006177201867103577
butter/mas/tests/clients/client_udp_test.py::TestUdpClientApiMethods::testGetAvailableAnimations,butter.mas.tests.clients.client_udp_test,testGetAvailableAnimations,butter/mas/tests/clients/client_test.py,,,passed,,5.006324753165245
butter/mas/tests/clients/client_http_test.py::TestHttpClientApiMethods::testPlayAudio,butter.mas.tests.clients.client_http_test,testPlayAudio,butter/mas/tests/clients/client_test.py,,,passed,,0.00372517853975296
butter/mas/tests/api_test.py::TestPacketBuilderMethods::testAddArgument,butter.mas.tests.api_test,testAddArgument,butter/mas/tests/packets/packet_builder_test.py,,,passed,,0.0003735348582267761
butter/mas/tests/clients/client_test.py::TestClientApiMethods::testSetMotorRegister,butter.mas.tests.clients.client_test,testSetMotorRegister,butter/mas/tests/clients/client_test.py,,,failed,AttributeError: 'NoneType' object has no attribute 'setMotorRegister',0.00037248432636260986
butter/mas/tests/clients/client_http_test.py::TestHttpClientApiMethods::testGetAvailableMotorRegisters,butter.mas.tests.clients.client_http_test,testGetAvailableMotorRegisters,butter/mas/tests/clients/client_test.py,,,passed,,0.003085523843765259
butter/mas/tests/api_test.py::TestHttpClientApiMethods::testSetMotorRegister,butter.mas.tests.api_test,testSetMotorRegister,butter/mas/tests/clients/client_test.py,,,passed,,0.003101170063018799
butter/mas/tests/clients/client_udp_test.py::TestClientApiMethods::testPauseAnimation,butter.mas.tests.clients.client_udp_test,testPauseAnimation,butter/mas/tests/clients/client_test.py,,,failed,AttributeError: 'NoneType' object has no attribute 'pauseAnimation',0.00036997348070144653
butter/mas/tests/clients/client_udp_test.py::TestUdpClientApiMethods::testStopAudio,butter.mas.tests.clients.client_udp_test,testStopAudio,butter/mas/tests/clients/client_test.py,,,passed,,5.005883388221264
butter/mas/tests/clients/client_http_test.py::TestClientApiMethods::testStopAnimation,butter.mas.tests.clients.client_http_test,testStopAnimation,butter/mas/tests/clients/client_test.py,,,failed,AttributeError: 'NoneType' object has no attribute 'stopAnimation',0.00037276744842529297
butter/mas/tests/utils/version_validations_test.py::TestVersionValidationsMethods::testCheckCompatibility,butter.mas.tests.utils.version_validations_test,testCheckCompatibility,butter/mas/tests/utils/version_validations_test.py,,,failed,AssertionError: False is not true,0.0031526461243629456
butter/mas/tests/api_test.py::TestTcpClientApiMethods::testGetAvailableAnimations,butter.mas.tests.api_test,testGetAvailableAnimations,butter/mas/tests/clients/client_test.py,,,passed,,0.0007132738828659058
butter/mas/tests/packets/packet_http_test.py::TestHttpPacketMethods::testSend,butter.mas.tests.packets.packet_http_test,testSend,butter/mas/tests/packets/packet_http_test.py,,,passed,,0.0029408112168312073
butter/mas/tests/clients/client_udp_test.py::TestUdpClientApiMethods::testSetMotorRegister,butter.mas.tests.clients.client_udp_test,testSetMotorRegister,butter/mas/tests/clients/client_test.py,,,passed,,5.007414907217026
butter/mas/tests/clients/client_tcp_test.py::TestTcpClientApiMethods::testSetMotorRegister,butter.mas.tests.clients.client_tcp_test,testSetMotorRegister,butter/mas/tests/clients/client_test.py,,,passed,,0.0012005195021629333
butter/mas/tests/api_test.py::TestHttpClientApiMethods::testGetAvailableSounds,butter.mas.tests.api_test,testGetAvailableSounds,butter/mas/tests/clients/client_test.py,,,passed,,0.004300422966480255
butter/mas/tests/clients/client_http_test.py::TestClientApiMethods::testMoveMotorToPosition,butter.mas.tests.clients.client_http_test,testMoveMotorToPosition,butter/mas/tests/clients/client_test.py,,,failed,AttributeError: 'NoneType' object has no attribute 'moveMotorToPosition',0.0004708319902420044
butter/mas/tests/api_test.py::TestHttpClientApiMethods::testMoveMotorInTime,butter.mas.tests.api_test,testMoveMotorInTime,butter/mas/tests/clients/client_test.py,,,passed,,0.0030967742204666138
butter/mas/tests/clients/client_http_test.py::TestClientApiMethods::testGetMotorRegister,butter.mas.tests.clients.client_http_test,testGetMotorRegister,butter/mas/tests/clients/client_test.py,,,failed,AttributeError: 'NoneType' object has no attribute 'getMotorRegister',0.0003997236490249634
butter/mas/tests/api_test.py::TestPacketBuilderMethods::testAddArguments,butter.mas.tests.api_test,testAddArguments,butter/mas/tests/packets/packet_builder_test.py,,,passed,,0.00034958869218826294
butter/mas/tests/clients/client_udp_test.py::TestUdpClientApiMethods::testPlayAnimation,butter.mas.tests.clients.client_udp_test,testPlayAnimation,butter/mas/tests/clients/client_test.py,,,passed,,5.006115898489952
butter/mas/tests/api_test.py::TestTcpClientApiMethods::testGetMotorRegisterRange,butter.mas.tests.api_test,testGetMotorRegisterRange,butter/mas/tests/clients/client_test.py,,,passed,,0.0007541254162788391
butter/mas/tests/clients/client_udp_test.py::TestUdpClientApiMethods::testPauseAnimation,butter.mas.tests.clients.client_udp_test,testPauseAnimation,butter/mas/tests/clients/client_test.py,,,passed,,5.0059173330664635
butter/mas/tests/api_test.py::TestHttpClientApiMethods::testMoveMotorInDirection,butter.mas.tests.api_test,testMoveMotorInDirection,butter/mas/tests/clients/client_test.py,,,passed,,0.003436438739299774
butter/mas/tests/api_test.py::TestHttpPacketMethods::testSend,butter.mas.tests.api_test,testSend,butter/mas/tests/packets/packet_http_test.py,,,passed,,0.002826191484928131
butter/mas/tests/api_test.py::TestTcpPacketMethods::testSend,butter.mas.tests.api_test,testSend,butter/mas/tests/packets/packet_tcp_test.py,,,passed,,0.0006434917449951172
butter/mas/tests/api_test.py::TestPacketBuilderMethods::testAddParameters,butter.mas.tests.api_test,testAddParameters,butter/mas/tests/packets/packet_builder_test.py,,,passed,,0.0003432929515838623
butter/mas/tests/clients/client_tcp_test.py::TestClientApiMethods::testGetAvailableMotorRegisters,butter.mas.tests.clients.client_tcp_test,testGetAvailableMotorRegisters,butter/mas/tests/clients/client_test.py,,,failed,AttributeError: 'NoneType' object has no attribute 'getAvailableMotorRegisters',0.0003650188446044922
butter/mas/tests/clients/client_test.py::TestClientApiMethods::testResumeAudio,butter.mas.tests.clients.client_test,testResumeAudio,butter/mas/tests/clients/client_test.py,,,failed,AttributeError: 'NoneType' object has no attribute 'resumeAudio',0.00036347657442092896
butter/mas/tests/api_test.py::TestHttpClientApiMethods::testPauseAudio,butter.mas.tests.api_test,testPauseAudio,butter/mas/tests/clients/client_test.py,,,passed,,0.002978026866912842
butter/mas/tests/clients/client_test.py::TestClientApiMethods::testResumeAnimation,butter.mas.tests.clients.client_test,testResumeAnimation,butter/mas/tests/clients/client_test.py,,,failed,AttributeError: 'NoneType' object has no attribute 'resumeAnimation',0.00036396831274032593
butter/mas/tests/api_test.py::TestUdpClientApiMethods::testMoveMotorInTime,butter.mas.tests.api_test,testMoveMotorInTime,butter/mas/tests/clients/client_test.py,,,passed,,5.00732809305191
butter/mas/tests/clients/client_test.py::TestClientApiMethods::testPlayAudio,butter.mas.tests.clients.client_test,testPlayAudio,butter/mas/tests/clients/client_test.py,,,failed,AttributeError: 'NoneType' object has no attribute 'playAudio',0.0005660355091094971
butter/mas/tests/api_test.py::TestHttpClientApiMethods::testMoveMotorToPosition,butter.mas.tests.api_test,testMoveMotorToPosition,butter/mas/tests/clients/client_test.py,,,passed,,0.00874277949333191
butter/mas/tests/api_test.py::TestTcpClientApiMethods::testPlayAudio,butter.mas.tests.api_test,testPlayAudio,butter/mas/tests/clients/client_test.py,,,passed,,0.0013821795582771301
butter/mas/tests/clients/client_tcp_test.py::TestTcpClientApiMethods::testResumeAnimation,butter.mas.tests.clients.client_tcp_test,testResumeAnimation,butter/mas/tests/clients/client_test.py,,,passed,,0.0011385530233383179
butter/mas/tests/clients/client_http_test.py::TestClientApiMethods::testSetMotorRegister,butter.mas.tests.clients.client_http_test,testSetMotorRegister,butter/mas/tests/clients/client_test.py,,,failed,AttributeError: 'NoneType' object has no attribute 'setMotorRegister',0.0004789978265762329
butter/mas/tests/clients/client_http_test.py::TestClientApiMethods::testGetAvailableSounds,butter.mas.tests.clients.client_http_test,testGetAvailableSounds,butter/mas/tests/clients/client_test.py,,,failed,AttributeError: 'NoneType' object has no attribute 'getAvailableSounds',0.0003584623336791992
butter/mas/tests/api_test.py::TestPacketBuilderMethods::testAddParameter,butter.mas.tests.api_test,testAddParameter,butter/mas/tests/packets/packet_builder_test.py,,,passed,,0.0005487874150276184
butter/mas/tests/packets/packet_builder_test.py::TestPacketBuilderMethods::testAddArgument,butter.mas.tests.packets.packet_builder_test,testAddArgument,butter/mas/tests/packets/packet_builder_test.py,,,passed,,0.0004511326551437378
butter/mas/tests/api_test.py::TestPacketBuilderMethods::testAddCommand,butter.mas.tests.api_test,testAddCommand,butter/mas/tests/packets/packet_builder_test.py,,,passed,,0.00037626177072525024
butter/mas/tests/clients/client_udp_test.py::TestUdpClientApiMethods::testGetMotorRegister,butter.mas.tests.clients.client_udp_test,testGetMotorRegister,butter/mas/tests/clients/client_test.py,,,passed,,5.004871606826782
butter/mas/tests/packets/packet_builder_test.py::TestPacketBuilderMethods::testAddParameters,butter.mas.tests.packets.packet_builder_test,testAddParameters,butter/mas/tests/packets/packet_builder_test.py,,,passed,,0.0009089112281799316
butter/mas/tests/clients/client_http_test.py::TestHttpClientApiMethods::testGetAvailableHandlers,butter.mas.tests.clients.client_http_test,testGetAvailableHandlers,butter/mas/tests/clients/client_test.py,,,passed,,0.007062986493110657
butter/mas/tests/clients/client_udp_test.py::TestUdpClientApiMethods::testResumeAnimation,butter.mas.tests.clients.client_udp_test,testResumeAnimation,butter/mas/tests/clients/client_test.py,,,passed,,5.007846355438232
butter/mas/tests/clients/client_http_test.py::TestClientApiMethods::testGetAvailableAnimations,butter.mas.tests.clients.client_http_test,testGetAvailableAnimations,butter/mas/tests/clients/client_test.py,,,failed,AttributeError: 'NoneType' object has no attribute 'getAvailableAnimations',0.0005684792995452881
butter/mas/tests/packets/packet_builder_test.py::TestPacketBuilderMethods::testAddCommand,butter.mas.tests.packets.packet_builder_test,testAddCommand,butter/mas/tests/packets/packet_builder_test.py,,,passed,,0.0004024505615234375
butter/mas/tests/api_test.py::TestHttpClientApiMethods::testPauseAnimation,butter.mas.tests.api_test,testPauseAnimation,butter/mas/tests/clients/client_test.py,,,passed,,0.004875406622886658
butter/mas/tests/clients/client_tcp_test.py::TestTcpClientApiMethods::testPlayAnimation,butter.mas.tests.clients.client_tcp_test,testPlayAnimation,butter/mas/tests/clients/client_test.py,,,passed,,0.0008034408092498779
butter/mas/tests/api_test.py::TestTcpClientApiMethods::testGetAvailableMotorRegisters,butter.mas.tests.api_test,testGetAvailableMotorRegisters,butter/mas/tests/clients/client_test.py,,,passed,,0.0006369948387145996
butter/mas/tests/clients/client_http_test.py::TestHttpClientApiMethods::testStopAudio,butter.mas.tests.clients.client_http_test,testStopAudio,butter/mas/tests/clients/client_test.py,,,passed,,0.0030026882886886597
butter/mas/tests/clients/client_tcp_test.py::TestClientApiMethods::testPauseAudio,butter.mas.tests.clients.client_tcp_test,testPauseAudio,butter/mas/tests/clients/client_test.py,,,failed,AttributeError: 'NoneType' object has no attribute 'pauseAudio',0.00037144124507904053
butter/mas/tests/api_test.py::TestHttpClientApiMethods::testResumeAnimation,butter.mas.tests.api_test,testResumeAnimation,butter/mas/tests/clients/client_test.py,,,passed,,0.0031160488724708557
butter/mas/tests/clients/client_tcp_test.py::TestClientApiMethods::testResumeAnimation,butter.mas.tests.clients.client_tcp_test,testResumeAnimation,butter/mas/tests/clients/client_test.py,,,failed,AttributeError: 'NoneType' object has no attribute 'resumeAnimation',0.00036863982677459717
butter/mas/tests/clients/client_udp_test.py::TestUdpClientApiMethods::testGetAvailableSounds,butter.mas.tests.clients.client_udp_test,testGetAvailableSounds,butter/mas/tests/clients/client_test.py,,,passed,,5.008667327463627
butter/mas/tests/clients/client_test.py::TestClientApiMethods::testGetAvailableSounds,butter.mas.tests.clients.client_test,testGetAvailableSounds,butter/mas/tests/clients/client_test.py,,,failed,AttributeError: 'NoneType' object has no attribute 'getAvailableSounds',0.0008193030953407288
butter/mas/tests/api_test.py::TestHttpClientApiMethods::testGetAvailableHandlers,butter.mas.tests.api_test,testGetAvailableHandlers,butter/mas/tests/clients/client_test.py,,,passed,,0.006344683468341827
butter/mas/tests/clients/client_udp_test.py::TestUdpClientApiMethods::testGetMotorRegisterRange,butter.mas.tests.clients.client_udp_test,testGetMotorRegisterRange,butter/mas/tests/clients/client_test.py,,,passed,,5.005960360169411
butter/mas/tests/clients/client_test.py::TestClientApiMethods::testMoveMotorInDirection,butter.mas.tests.clients.client_test,testMoveMotorInDirection,butter/mas/tests/clients/client_test.py,,,failed,AttributeError: 'NoneType' object has no attribute 'moveMotorToPosition',0.0006422325968742371
butter/mas/tests/clients/client_udp_test.py::TestClientApiMethods::testSetMotorRegister,butter.mas.tests.clients.client_udp_test,testSetMotorRegister,butter/mas/tests/clients/client_test.py,,,failed,AttributeError: 'NoneType' object has no attribute 'setMotorRegister',0.0034749209880828857
butter/mas/tests/api_test.py::TestUdpClientApiMethods::testResumeAudio,butter.mas.tests.api_test,testResumeAudio,butter/mas/tests/clients/client_test.py,,,passed,,5.009053707122803
butter/mas/tests/clients/client_tcp_test.py::TestTcpClientApiMethods::testPauseAnimation,butter.mas.tests.clients.client_tcp_test,testPauseAnimation,butter/mas/tests/clients/client_test.py,,,passed,,0.0017507672309875488
butter/mas/tests/clients/client_udp_test.py::TestUdpClientApiMethods::testGetAvailableMotorRegisters,butter.mas.tests.clients.client_udp_test,testGetAvailableMotorRegisters,butter/mas/tests/clients/client_test.py,,,passed,,5.007761970162392
butter/mas/tests/clients/client_tcp_test.py::TestClientApiMethods::testResumeAudio,butter.mas.tests.clients.client_tcp_test,testResumeAudio,butter/mas/tests/clients/client_test.py,,,failed,AttributeError: 'NoneType' object has no attribute 'resumeAudio',0.0007810965180397034
butter/mas/tests/api_test.py::TestHttpClientApiMethods::testPlayAnimation,butter.mas.tests.api_test,testPlayAnimation,butter/mas/tests/clients/client_test.py,,,passed,,0.0054684653878211975
butter/mas/tests/packets/packet_tcp_test.py::TestTcpPacketMethods::testSend,butter.mas.tests.packets.packet_tcp_test,testSend,butter/mas/tests/packets/packet_tcp_test.py,,,passed,,0.0008100122213363647
butter/mas/tests/clients/client_tcp_test.py::TestClientApiMethods::testMoveMotorInDirection,butter.mas.tests.clients.client_tcp_test,testMoveMotorInDirection,butter/mas/tests/clients/client_test.py,,,failed,AttributeError: 'NoneType' object has no attribute 'moveMotorToPosition',0.00035984814167022705
butter/mas/tests/packets/packet_builder_test.py::TestPacketBuilderMethods::testAddArguments,butter.mas.tests.packets.packet_builder_test,testAddArguments,butter/mas/tests/packets/packet_builder_test.py,,,passed,,0.0003950446844100952
butter/mas/tests/clients/client_http_test.py::TestHttpClientApiMethods::testMoveMotorInTime,butter.mas.tests.clients.client_http_test,testMoveMotorInTime,butter/mas/tests/clients/client_test.py,,,passed,,0.0031428784132003784
butter/mas/tests/clients/client_http_test.py::TestClientApiMethods::testResumeAudio,butter.mas.tests.clients.client_http_test,testResumeAudio,butter/mas/tests/clients/client_test.py,,,failed,AttributeError: 'NoneType' object has no attribute 'resumeAudio',0.000361807644367218
