tests/test___init__.py::TestLinuxNoXDG::test_noxdg_cache,Sun Oct 10 13:43:51 UTC 2021
tests/test___init__.py::TestLinuxNoXDG::test_noxdg_config,Sun Oct 10 13:43:55 UTC 2021
tests/test___init__.py::TestLinuxNoXDG::test_noxdg_data,Sun Oct 10 13:44:00 UTC 2021
tests/test___init__.py::TestMacForceUnix::test_noxdg_cache,Sun Oct 10 13:44:04 UTC 2021
tests/test___init__.py::TestMacForceUnix::test_noxdg_config,Sun Oct 10 13:44:09 UTC 2021
tests/test___init__.py::TestMacForceUnix::test_noxdg_data,Sun Oct 10 13:44:14 UTC 2021
tests/test___init__.py::TestMacNoXDG::test_noxdg_cache,Sun Oct 10 13:44:26 UTC 2021
tests/test___init__.py::TestMacNoXDG::test_noxdg_config,Sun Oct 10 13:44:30 UTC 2021
tests/test___init__.py::TestMacNoXDG::test_noxdg_data,Sun Oct 10 13:44:34 UTC 2021
tests/test___init__.py::TestWindowsNoXDG::test_noxdg_cache,Sun Oct 10 13:44:38 UTC 2021
tests/test___init__.py::TestWindowsNoXDG::test_noxdg_config,Sun Oct 10 13:44:42 UTC 2021
tests/test___init__.py::TestWindowsNoXDG::test_noxdg_data,Sun Oct 10 13:44:46 UTC 2021
