tests/test___init__.py::TestLinuxNoXDG::test_noxdg_cache,d25e6eb4bb0bc08f63a5441238404b23
tests/test___init__.py::TestLinuxNoXDG::test_noxdg_config,368519d29584742f7acb1c36a5aa128f
tests/test___init__.py::TestLinuxNoXDG::test_noxdg_data,04b05e80095649a78fcb154856573c40
tests/test___init__.py::TestMacForceUnix::test_noxdg_cache,baac313ec1b8a86fde7946369ed5cbd9
tests/test___init__.py::TestMacForceUnix::test_noxdg_config,4f5cfad78f0845c6ff4352455665fcc8
tests/test___init__.py::TestMacForceUnix::test_noxdg_data,ac8c325840ba17d882685e95cd9071ed
tests/test___init__.py::TestMacNoXDG::test_noxdg_cache,8be8000f1ca8f599e17ab42221b3921c
tests/test___init__.py::TestMacNoXDG::test_noxdg_config,8cf3f4f1c3609a21a564349b289d9679
tests/test___init__.py::TestMacNoXDG::test_noxdg_data,5420cfa32c97ea5624e923261be36280
tests/test___init__.py::TestWindowsNoXDG::test_noxdg_cache,7f28fd5703b9cead38a48c7bd3238005
tests/test___init__.py::TestWindowsNoXDG::test_noxdg_config,5ac58ee2b580dd7d18923a4362b3dff7
tests/test___init__.py::TestWindowsNoXDG::test_noxdg_data,7a9f005061cd1e0eccaf219515893860
