id,module,name,file,doc,markers,status,message,duration
tests/test_addon_baidu.py::test_baidu,tests.test_addon_baidu,test_baidu,../../../../ifix/datavol/Repo/music-dl/tests/test_addon_baidu.py,,,failed,"requests.exceptions.ConnectionError: HTTPConnectionPool(host='musicapi.qianqian.com', port=80): Max retries exceeded with url: /v1/restserver/ting?query=%E8%AE%B8%E5%B7%8D&method=baidu.ting.search.common&format=json&page_no=1&page_size=5 (Caused by NewConnectionError('<urllib3.connection.HTTPConnection object at 0x7f2f5c9902e0>: Failed to establish a new connection: [Errno 111] Connection refused'))",0.25953849870711565
tests/test_addon_kugou.py::test_kugou,tests.test_addon_kugou,test_kugou,../../../../ifix/datavol/Repo/music-dl/tests/test_addon_kugou.py,,,passed,,0.545457486063242
tests/test_config.py::test_get,tests.test_config,test_get,../../../../ifix/datavol/Repo/music-dl/tests/test_config.py,,,passed,,0.0004921611398458481
tests/test_config.py::test_set,tests.test_config,test_set,../../../../ifix/datavol/Repo/music-dl/tests/test_config.py,,,passed,,0.00047387927770614624
tests/test_config.py::test_init,tests.test_config,test_init,../../../../ifix/datavol/Repo/music-dl/tests/test_config.py,,,passed,,0.00045755133032798767
tests/test_utils.py::test_color,tests.test_utils,test_color,../../../../ifix/datavol/Repo/music-dl/tests/test_utils.py,,,passed,,0.0004799049347639084
tests/test_main.py::test_main,tests.test_main,test_main,../../../../ifix/datavol/Repo/music-dl/tests/test_main.py,,,passed,,0.0002368539571762085
tests/test_main.py::test_run,tests.test_main,test_run,../../../../ifix/datavol/Repo/music-dl/tests/test_main.py,,,passed,,0.0002346457913517952
tests/test_song.py::test_music,tests.test_song,test_music,../../../../ifix/datavol/Repo/music-dl/tests/test_song.py,,,passed,,0.8112098993733525
tests/test_addon_netease.py::test_netease,tests.test_addon_netease,test_netease,../../../../ifix/datavol/Repo/music-dl/tests/test_addon_netease.py,,,passed,,0.6892966469749808
tests/test_source.py::test_search,tests.test_source,test_search,../../../../ifix/datavol/Repo/music-dl/tests/test_source.py,,,passed,,0.24901606142520905
tests/test_addon_qq.py::test_qq,tests.test_addon_qq,test_qq,../../../../ifix/datavol/Repo/music-dl/tests/test_addon_qq.py,,,failed,music_dl.exceptions.RequestError,0.4322709972038865
