{"target": "cynergy/tests/test_register_multiple.py::test_register_multiple", "type": "victim", "patch": true, "polluter": {"cynergy/tests/test_register_multiple.py::test_multiple_list_arguments": [{"cleaner": "cynergy/tests/test_class_mapping.py::test_class_mapping", "patch": {"diff": "37a38\n>     container.initialize()\n", "patched_test_file": "ipflakies_result/0e3e3632/patch/test_register_multiple_PatchProcessed_06d164b9.py#", "patch_file": "ipflakies_result/0e3e3632/patch/test_register_multiple_patch_06d164b9.patch", "time": 10.492438378999964, "fixed_polluter(s)": ["cynergy/tests/test_register_multiple.py::test_multiple_list_arguments", "cynergy/tests/test_register_multiple.py::test_multiple_list_arguments_with_wrap", "cynergy/tests/test_register_multiple.py::test_register_multiple_when_onc_instance_is_already_registered"]}}], "cynergy/tests/test_register_multiple.py::test_multiple_list_arguments_with_wrap": [], "cynergy/tests/test_register_multiple.py::test_register_multiple_when_onc_instance_is_already_registered": []}, "time": 103.16417384147644}