tests/test_conf.py::test_cofig_writing[.env-ARG1=VAL1\nARG2=VAL2],Sun Oct 10 17:46:57 UTC 2021
tests/test_conf.py::test_cofig_writing[env.py-ARG1 = 'VAL1'\nARG2 = 'VAL2'],Sun Oct 10 17:47:02 UTC 2021
tests/test_conf.py::test_cofig_writing_with_dump[.env-ARG1=VAL1\nARG3=3\nARG2=VAL2],Sun Oct 10 17:47:11 UTC 2021
tests/test_conf.py::test_cofig_writing_with_dump[env.py-ARG1 = 'VAL1'\nARG3 = 3\nARG2 = 'VAL2'],Sun Oct 10 17:47:17 UTC 2021
tests/test_conf.py::test_cofig_writing_with_filter_prefix[.env-ARG1=VAL1\nARG2=VAL2],Sun Oct 10 17:47:21 UTC 2021
tests/test_conf.py::test_cofig_writing_with_filter_prefix[env.py-ARG1 = 'VAL1'\nARG2 = 'VAL2'],Sun Oct 10 17:47:26 UTC 2021
tests/test_conf.py::test_config_reading[.env],Sun Oct 10 17:47:30 UTC 2021
tests/test_conf.py::test_config_reading[env.py],Sun Oct 10 17:47:35 UTC 2021
