tests/test_conf.py::test_cofig_writing[.env-ARG1=VAL1\nARG2=VAL2],f62bfe922e16e541683d497294be2cff
tests/test_conf.py::test_cofig_writing[env.py-ARG1 = 'VAL1'\nARG2 = 'VAL2'],87359d29816179cc7626c1257e3cf3e4
tests/test_conf.py::test_cofig_writing_with_dump[.env-ARG1=VAL1\nARG3=3\nARG2=VAL2],af7b64ee306d7ffbae08e03fad368445
tests/test_conf.py::test_cofig_writing_with_dump[env.py-ARG1 = 'VAL1'\nARG3 = 3\nARG2 = 'VAL2'],65cb26412d87e103f4866f7abed08193
tests/test_conf.py::test_cofig_writing_with_filter_prefix[.env-ARG1=VAL1\nARG2=VAL2],f35b1a109e9c4696352936ad2125eaf9
tests/test_conf.py::test_cofig_writing_with_filter_prefix[env.py-ARG1 = 'VAL1'\nARG2 = 'VAL2'],22a2052fc76dac373fead8ead8e20ce0
tests/test_conf.py::test_config_reading[.env],1ef681a67ec448805adc3d9e265dad52
tests/test_conf.py::test_config_reading[env.py],d1aadcac3d9a7d4384cfaf70f6b30b42
