id,module,name,file,doc,markers,status,message,duration
cynergy/tests/test_life_cycle.py::test_single,cynergy.tests.test_life_cycle,test_single,cynergy/tests/test_life_cycle.py,,,passed,,0.0010387089999994714
cynergy/tests/test_life_cycle.py::test_no_lifecycle,cynergy.tests.test_life_cycle,test_no_lifecycle,cynergy/tests/test_life_cycle.py,,,passed,,0.0008483750000323198
cynergy/tests/test_life_cycle.py::test_multi,cynergy.tests.test_life_cycle,test_multi,cynergy/tests/test_life_cycle.py,,,passed,,0.0010049579999531488
cynergy/tests/test_register_multiple.py::test_register_multiple_when_onc_instance_is_already_registered,cynergy.tests.test_register_multiple,test_register_multiple_when_onc_instance_is_already_registered,cynergy/tests/test_register_multiple.py,,,passed,,0.025877583000010418
cynergy/tests/test_register_multiple.py::test_multiple_list_arguments,cynergy.tests.test_register_multiple,test_multiple_list_arguments,cynergy/tests/test_register_multiple.py,,,passed,,0.0028328339999461605
cynergy/tests/test_register_multiple.py::test_multiple_list_arguments_with_wrap,cynergy.tests.test_register_multiple,test_multiple_list_arguments_with_wrap,cynergy/tests/test_register_multiple.py,,,passed,,0.002980707999995502
cynergy/tests/test_register_multiple.py::test_register_multiple,cynergy.tests.test_register_multiple,test_register_multiple,cynergy/tests/test_register_multiple.py,,,failed,"AssertionError: assert <class 'cynergy.tests.test_register_multiple.Example2'> is Example1
 +  where <class 'cynergy.tests.test_register_multiple.Example2'> = type(<cynergy.tests.test_register_multiple.Example2 object at 0x40039f0520>)",0.0014961670000275262
cynergy/tests/test_config.py::test_config_provider_is_not_initialized,cynergy.tests.test_config,test_config_provider_is_not_initialized,cynergy/tests/test_config.py,,,passed,,0.002153334000013274
cynergy/tests/test_config.py::test_argument_injection,cynergy.tests.test_config,test_argument_injection,cynergy/tests/test_config.py,,,passed,,0.0011221659999591793
cynergy/tests/test_config.py::test_argument_not_in_config_and_no_default,cynergy.tests.test_config,test_argument_not_in_config_and_no_default,cynergy/tests/test_config.py,,,passed,,0.0010017089999792006
cynergy/tests/test_sanity.py::test_recursive_injection,cynergy.tests.test_sanity,test_recursive_injection,cynergy/tests/test_sanity.py,,,passed,,0.002403583000045728
cynergy/tests/test_sanity.py::test_class_with_default_arguments,cynergy.tests.test_sanity,test_class_with_default_arguments,cynergy/tests/test_sanity.py,,,passed,,0.0009359169999925143
cynergy/tests/test_class_mapping.py::test_class_mapping_from_init,cynergy.tests.test_class_mapping,test_class_mapping_from_init,cynergy/tests/test_class_mapping.py,,,passed,,0.0013280419999546211
cynergy/tests/test_class_mapping.py::test_class_mapping,cynergy.tests.test_class_mapping,test_class_mapping,cynergy/tests/test_class_mapping.py,,,passed,,0.001231917000040994
