id,module,name,file,doc,markers,status,message,duration
cynergy/tests/test_register_multiple.py::test_register_multiple_when_onc_instance_is_already_registered,cynergy.tests.test_register_multiple,test_register_multiple_when_onc_instance_is_already_registered,cynergy/tests/test_register_multiple.py,,,passed,,0.02575295899998764
cynergy/tests/test_register_multiple.py::test_multiple_list_arguments_with_wrap,cynergy.tests.test_register_multiple,test_multiple_list_arguments_with_wrap,cynergy/tests/test_register_multiple.py,,,passed,,0.003097958000012113
cynergy/tests/test_register_multiple.py::test_multiple_list_arguments,cynergy.tests.test_register_multiple,test_multiple_list_arguments,cynergy/tests/test_register_multiple.py,,,passed,,0.0027649170000358936
cynergy/tests/test_register_multiple.py::test_register_multiple,cynergy.tests.test_register_multiple,test_register_multiple,cynergy/tests/test_register_multiple.py,,,failed,"AssertionError: assert <class 'cynergy.tests.test_register_multiple.Example2'> is Example1
 +  where <class 'cynergy.tests.test_register_multiple.Example2'> = type(<cynergy.tests.test_register_multiple.Example2 object at 0x40039a7d90>)",0.0015060419999599617
cynergy/tests/test_life_cycle.py::test_single,cynergy.tests.test_life_cycle,test_single,cynergy/tests/test_life_cycle.py,,,passed,,0.0008772499999167849
cynergy/tests/test_life_cycle.py::test_no_lifecycle,cynergy.tests.test_life_cycle,test_no_lifecycle,cynergy/tests/test_life_cycle.py,,,passed,,0.0008602499999597057
cynergy/tests/test_life_cycle.py::test_multi,cynergy.tests.test_life_cycle,test_multi,cynergy/tests/test_life_cycle.py,,,passed,,0.0009935000000496075
cynergy/tests/test_config.py::test_argument_not_in_config_and_no_default,cynergy.tests.test_config,test_argument_not_in_config_and_no_default,cynergy/tests/test_config.py,,,passed,,0.0018119579999620328
cynergy/tests/test_config.py::test_config_provider_is_not_initialized,cynergy.tests.test_config,test_config_provider_is_not_initialized,cynergy/tests/test_config.py,,,passed,,0.0012276669999664591
cynergy/tests/test_config.py::test_argument_injection,cynergy.tests.test_config,test_argument_injection,cynergy/tests/test_config.py,,,passed,,0.0010665000000926739
cynergy/tests/test_sanity.py::test_class_with_default_arguments,cynergy.tests.test_sanity,test_class_with_default_arguments,cynergy/tests/test_sanity.py,,,passed,,0.0009227499999724387
cynergy/tests/test_sanity.py::test_recursive_injection,cynergy.tests.test_sanity,test_recursive_injection,cynergy/tests/test_sanity.py,,,passed,,0.002316374999963955
cynergy/tests/test_class_mapping.py::test_class_mapping,cynergy.tests.test_class_mapping,test_class_mapping,cynergy/tests/test_class_mapping.py,,,passed,,0.0012696669999741061
cynergy/tests/test_class_mapping.py::test_class_mapping_from_init,cynergy.tests.test_class_mapping,test_class_mapping_from_init,cynergy/tests/test_class_mapping.py,,,passed,,0.0012056250000114233
