id,module,name,file,doc,markers,status,message,duration
cynergy/tests/test_register_multiple.py::test_register_multiple_when_onc_instance_is_already_registered,cynergy.tests.test_register_multiple,test_register_multiple_when_onc_instance_is_already_registered,cynergy/tests/test_register_multiple.py,,,passed,,0.02634837499999776
cynergy/tests/test_register_multiple.py::test_multiple_list_arguments,cynergy.tests.test_register_multiple,test_multiple_list_arguments,cynergy/tests/test_register_multiple.py,,,passed,,0.0028533749999724023
cynergy/tests/test_register_multiple.py::test_register_multiple,cynergy.tests.test_register_multiple,test_register_multiple,cynergy/tests/test_register_multiple.py,,,failed,"AssertionError: assert <class 'cynergy.tests.test_register_multiple.Example2'> is Example1
 +  where <class 'cynergy.tests.test_register_multiple.Example2'> = type(<cynergy.tests.test_register_multiple.Example2 object at 0x4003d1b490>)",0.0015003329999672133
cynergy/tests/test_register_multiple.py::test_multiple_list_arguments_with_wrap,cynergy.tests.test_register_multiple,test_multiple_list_arguments_with_wrap,cynergy/tests/test_register_multiple.py,,,passed,,0.003211791000012454
cynergy/tests/test_class_mapping.py::test_class_mapping_from_init,cynergy.tests.test_class_mapping,test_class_mapping_from_init,cynergy/tests/test_class_mapping.py,,,passed,,0.0013228750000280343
cynergy/tests/test_class_mapping.py::test_class_mapping,cynergy.tests.test_class_mapping,test_class_mapping,cynergy/tests/test_class_mapping.py,,,passed,,0.001253708999911396
cynergy/tests/test_config.py::test_argument_not_in_config_and_no_default,cynergy.tests.test_config,test_argument_not_in_config_and_no_default,cynergy/tests/test_config.py,,,passed,,0.001213000000007014
cynergy/tests/test_config.py::test_argument_injection,cynergy.tests.test_config,test_argument_injection,cynergy/tests/test_config.py,,,passed,,0.0010946249999506108
cynergy/tests/test_config.py::test_config_provider_is_not_initialized,cynergy.tests.test_config,test_config_provider_is_not_initialized,cynergy/tests/test_config.py,,,passed,,0.001196250000020882
cynergy/tests/test_life_cycle.py::test_no_lifecycle,cynergy.tests.test_life_cycle,test_no_lifecycle,cynergy/tests/test_life_cycle.py,,,passed,,0.0008451249999552601
cynergy/tests/test_life_cycle.py::test_multi,cynergy.tests.test_life_cycle,test_multi,cynergy/tests/test_life_cycle.py,,,passed,,0.0010170419999440128
cynergy/tests/test_life_cycle.py::test_single,cynergy.tests.test_life_cycle,test_single,cynergy/tests/test_life_cycle.py,,,passed,,0.0008217089999789096
cynergy/tests/test_sanity.py::test_recursive_injection,cynergy.tests.test_sanity,test_recursive_injection,cynergy/tests/test_sanity.py,,,passed,,0.002346249999959582
cynergy/tests/test_sanity.py::test_class_with_default_arguments,cynergy.tests.test_sanity,test_class_with_default_arguments,cynergy/tests/test_sanity.py,,,passed,,0.0009348749999844586
