id,module,name,file,doc,markers,status,message,duration
cynergy/tests/test_config.py::test_argument_injection,cynergy.tests.test_config,test_argument_injection,cynergy/tests/test_config.py,,,passed,,0.001200084000060997
cynergy/tests/test_config.py::test_argument_not_in_config_and_no_default,cynergy.tests.test_config,test_argument_not_in_config_and_no_default,cynergy/tests/test_config.py,,,passed,,0.001854291999961788
cynergy/tests/test_config.py::test_config_provider_is_not_initialized,cynergy.tests.test_config,test_config_provider_is_not_initialized,cynergy/tests/test_config.py,,,passed,,0.0012849590000314492
cynergy/tests/test_life_cycle.py::test_multi,cynergy.tests.test_life_cycle,test_multi,cynergy/tests/test_life_cycle.py,,,passed,,0.0010631670000975646
cynergy/tests/test_life_cycle.py::test_single,cynergy.tests.test_life_cycle,test_single,cynergy/tests/test_life_cycle.py,,,passed,,0.000807249999979831
cynergy/tests/test_life_cycle.py::test_no_lifecycle,cynergy.tests.test_life_cycle,test_no_lifecycle,cynergy/tests/test_life_cycle.py,,,passed,,0.0008158749999438442
cynergy/tests/test_class_mapping.py::test_class_mapping_from_init,cynergy.tests.test_class_mapping,test_class_mapping_from_init,cynergy/tests/test_class_mapping.py,,,passed,,0.02586266599996634
cynergy/tests/test_class_mapping.py::test_class_mapping,cynergy.tests.test_class_mapping,test_class_mapping,cynergy/tests/test_class_mapping.py,,,passed,,0.0012999169999829974
cynergy/tests/test_sanity.py::test_class_with_default_arguments,cynergy.tests.test_sanity,test_class_with_default_arguments,cynergy/tests/test_sanity.py,,,passed,,0.0009710419999464648
cynergy/tests/test_sanity.py::test_recursive_injection,cynergy.tests.test_sanity,test_recursive_injection,cynergy/tests/test_sanity.py,,,passed,,0.0024282499999799256
cynergy/tests/test_register_multiple.py::test_multiple_list_arguments_with_wrap,cynergy.tests.test_register_multiple,test_multiple_list_arguments_with_wrap,cynergy/tests/test_register_multiple.py,,,passed,,0.003299249999940912
cynergy/tests/test_register_multiple.py::test_register_multiple_when_onc_instance_is_already_registered,cynergy.tests.test_register_multiple,test_register_multiple_when_onc_instance_is_already_registered,cynergy/tests/test_register_multiple.py,,,passed,,0.0017080000000078144
cynergy/tests/test_register_multiple.py::test_register_multiple,cynergy.tests.test_register_multiple,test_register_multiple,cynergy/tests/test_register_multiple.py,,,failed,"AssertionError: assert <class 'cynergy.tests.test_register_multiple.Example2'> is Example1
 +  where <class 'cynergy.tests.test_register_multiple.Example2'> = type(<cynergy.tests.test_register_multiple.Example2 object at 0x4003890dc0>)",0.0015194590000646713
cynergy/tests/test_register_multiple.py::test_multiple_list_arguments,cynergy.tests.test_register_multiple,test_multiple_list_arguments,cynergy/tests/test_register_multiple.py,,,passed,,0.002990834000001996
