id,module,name,file,doc,markers,status,message,duration
cynergy/tests/test_config.py::test_config_provider_is_not_initialized,cynergy.tests.test_config,test_config_provider_is_not_initialized,cynergy/tests/test_config.py,,,passed,,0.0015144580000878705
cynergy/tests/test_config.py::test_argument_injection,cynergy.tests.test_config,test_argument_injection,cynergy/tests/test_config.py,,,passed,,0.0017408749999958673
cynergy/tests/test_config.py::test_argument_not_in_config_and_no_default,cynergy.tests.test_config,test_argument_not_in_config_and_no_default,cynergy/tests/test_config.py,,,passed,,0.0010435840000582175
cynergy/tests/test_class_mapping.py::test_class_mapping,cynergy.tests.test_class_mapping,test_class_mapping,cynergy/tests/test_class_mapping.py,,,passed,,0.025631792000012865
cynergy/tests/test_class_mapping.py::test_class_mapping_from_init,cynergy.tests.test_class_mapping,test_class_mapping_from_init,cynergy/tests/test_class_mapping.py,,,passed,,0.0012722909999638432
cynergy/tests/test_register_multiple.py::test_register_multiple,cynergy.tests.test_register_multiple,test_register_multiple,cynergy/tests/test_register_multiple.py,,,passed,,0.0018970410000065385
cynergy/tests/test_register_multiple.py::test_multiple_list_arguments,cynergy.tests.test_register_multiple,test_multiple_list_arguments,cynergy/tests/test_register_multiple.py,,,passed,,0.0028027079999901616
cynergy/tests/test_register_multiple.py::test_register_multiple_when_onc_instance_is_already_registered,cynergy.tests.test_register_multiple,test_register_multiple_when_onc_instance_is_already_registered,cynergy/tests/test_register_multiple.py,,,passed,,0.0015798340000401367
cynergy/tests/test_register_multiple.py::test_multiple_list_arguments_with_wrap,cynergy.tests.test_register_multiple,test_multiple_list_arguments_with_wrap,cynergy/tests/test_register_multiple.py,,,passed,,0.0030151669999440855
cynergy/tests/test_sanity.py::test_class_with_default_arguments,cynergy.tests.test_sanity,test_class_with_default_arguments,cynergy/tests/test_sanity.py,,,passed,,0.000995665999994344
cynergy/tests/test_sanity.py::test_recursive_injection,cynergy.tests.test_sanity,test_recursive_injection,cynergy/tests/test_sanity.py,,,passed,,0.0022475839999742675
cynergy/tests/test_life_cycle.py::test_no_lifecycle,cynergy.tests.test_life_cycle,test_no_lifecycle,cynergy/tests/test_life_cycle.py,,,passed,,0.0008347079999566631
cynergy/tests/test_life_cycle.py::test_single,cynergy.tests.test_life_cycle,test_single,cynergy/tests/test_life_cycle.py,,,passed,,0.0007973749999337088
cynergy/tests/test_life_cycle.py::test_multi,cynergy.tests.test_life_cycle,test_multi,cynergy/tests/test_life_cycle.py,,,passed,,0.0009772500000053697
