id,module,name,file,doc,markers,status,message,duration
tests/test_coinsta.py::TestCoinsta::test_historical_snapshot,tests.test_coinsta,test_historical_snapshot,../../../../ifix/datavol/Repo/Coinsta/tests/test_coinsta.py,,,failed,AssertionError: 1000 != 10,1.2240029126405716
tests/test_coinsta.py::TestCoinsta::test_historical_ticker,tests.test_coinsta,test_historical_ticker,../../../../ifix/datavol/Repo/Coinsta/tests/test_coinsta.py,,,passed,,0.7832046169787645
tests/test_coinsta.py::TestCoinsta::test_snapshot_strings,tests.test_coinsta,test_snapshot_strings,../../../../ifix/datavol/Repo/Coinsta/tests/test_coinsta.py,,,failed,AssertionError: 1000 != 10,1.1470880266278982
tests/test_coinsta.py::TestCoinsta::test_from_strings,tests.test_coinsta,test_from_strings,../../../../ifix/datavol/Repo/Coinsta/tests/test_coinsta.py,,,passed,,0.00040362589061260223
tests/test_coinsta.py::TestCoinsta::test_historical,tests.test_coinsta,test_historical,../../../../ifix/datavol/Repo/Coinsta/tests/test_coinsta.py,,,passed,,0.00031319912523031235
tests/test_coinsta.py::TestCoinsta::test_get_data,tests.test_coinsta,test_get_data,../../../../ifix/datavol/Repo/Coinsta/tests/test_coinsta.py,,,failed,ValueError: No tables found,4.794136103242636
tests/test_coinsta.py::TestCoinsta::test_global_info,tests.test_coinsta,test_global_info,../../../../ifix/datavol/Repo/Coinsta/tests/test_coinsta.py,,,failed,AssertionError: 26 != 11,0.1531807268038392
tests/test_coinsta.py::TestCoinsta::test_top_100,tests.test_coinsta,test_top_100,../../../../ifix/datavol/Repo/Coinsta/tests/test_coinsta.py,,,failed,AssertionError: 26 != 20,0.3043325077742338
tests/test_coinsta.py::TestCoinsta::test_get_current,tests.test_coinsta,test_get_current,../../../../ifix/datavol/Repo/Coinsta/tests/test_coinsta.py,,,failed,AssertionError: 19 != 13,0.1827052216976881
tests/test_coinsta.py::TestCoinsta::test_historical_start,tests.test_coinsta,test_historical_start,../../../../ifix/datavol/Repo/Coinsta/tests/test_coinsta.py,,,passed,,0.0005046911537647247
tests/test_coinsta.py::TestCoinsta::test_snapshot_strings2,tests.test_coinsta,test_snapshot_strings2,../../../../ifix/datavol/Repo/Coinsta/tests/test_coinsta.py,,,failed,AssertionError: 1000 != 10,1.1039436990395188
tests/test_coinsta.py::TestCoinsta::test_snapshot_period,tests.test_coinsta,test_snapshot_period,../../../../ifix/datavol/Repo/Coinsta/tests/test_coinsta.py,,,passed,,1.3971899328753352
tests/test_coinsta.py::TestCoinsta::test_from_strings_2,tests.test_coinsta,test_from_strings_2,../../../../ifix/datavol/Repo/Coinsta/tests/test_coinsta.py,,,passed,,0.0006958330050110817
