id,module,name,file,doc,markers,status,message,duration
tests/test_coinsta.py::TestCoinsta::test_snapshot_strings2,tests.test_coinsta,test_snapshot_strings2,../../../../ifix/datavol/Repo/Coinsta/tests/test_coinsta.py,,,failed,AssertionError: 1000 != 10,1.1001738850027323
tests/test_coinsta.py::TestCoinsta::test_get_current,tests.test_coinsta,test_get_current,../../../../ifix/datavol/Repo/Coinsta/tests/test_coinsta.py,,,failed,AssertionError: 19 != 13,0.20227020978927612
tests/test_coinsta.py::TestCoinsta::test_top_100,tests.test_coinsta,test_top_100,../../../../ifix/datavol/Repo/Coinsta/tests/test_coinsta.py,,,failed,AssertionError: 26 != 20,0.22704692464321852
tests/test_coinsta.py::TestCoinsta::test_from_strings_2,tests.test_coinsta,test_from_strings_2,../../../../ifix/datavol/Repo/Coinsta/tests/test_coinsta.py,,,passed,,0.000409943051636219
tests/test_coinsta.py::TestCoinsta::test_from_strings,tests.test_coinsta,test_from_strings,../../../../ifix/datavol/Repo/Coinsta/tests/test_coinsta.py,,,passed,,0.0010427767410874367
tests/test_coinsta.py::TestCoinsta::test_get_data,tests.test_coinsta,test_get_data,../../../../ifix/datavol/Repo/Coinsta/tests/test_coinsta.py,,,failed,ValueError: No tables found,4.958551604300737
tests/test_coinsta.py::TestCoinsta::test_snapshot_period,tests.test_coinsta,test_snapshot_period,../../../../ifix/datavol/Repo/Coinsta/tests/test_coinsta.py,,,passed,,0.7369241351261735
tests/test_coinsta.py::TestCoinsta::test_historical_ticker,tests.test_coinsta,test_historical_ticker,../../../../ifix/datavol/Repo/Coinsta/tests/test_coinsta.py,,,passed,,0.7086277613416314
tests/test_coinsta.py::TestCoinsta::test_snapshot_strings,tests.test_coinsta,test_snapshot_strings,../../../../ifix/datavol/Repo/Coinsta/tests/test_coinsta.py,,,failed,AssertionError: 1000 != 10,0.7842025384306908
tests/test_coinsta.py::TestCoinsta::test_global_info,tests.test_coinsta,test_global_info,../../../../ifix/datavol/Repo/Coinsta/tests/test_coinsta.py,,,failed,AssertionError: 26 != 11,0.1963555235415697
tests/test_coinsta.py::TestCoinsta::test_historical_start,tests.test_coinsta,test_historical_start,../../../../ifix/datavol/Repo/Coinsta/tests/test_coinsta.py,,,passed,,0.0005483031272888184
tests/test_coinsta.py::TestCoinsta::test_historical,tests.test_coinsta,test_historical,../../../../ifix/datavol/Repo/Coinsta/tests/test_coinsta.py,,,passed,,0.0003010667860507965
tests/test_coinsta.py::TestCoinsta::test_historical_snapshot,tests.test_coinsta,test_historical_snapshot,../../../../ifix/datavol/Repo/Coinsta/tests/test_coinsta.py,,,failed,AssertionError: 1000 != 10,0.8519017538055778
