id,module,name,file,doc,markers,status,message,duration
tests/test_coinsta.py::TestCoinsta::test_get_data,tests.test_coinsta,test_get_data,../../../../ifix/datavol/Repo/Coinsta/tests/test_coinsta.py,,,failed,ValueError: No tables found,4.9474251149222255
tests/test_coinsta.py::TestCoinsta::test_get_current,tests.test_coinsta,test_get_current,../../../../ifix/datavol/Repo/Coinsta/tests/test_coinsta.py,,,failed,AssertionError: 19 != 13,0.18632325250655413
tests/test_coinsta.py::TestCoinsta::test_global_info,tests.test_coinsta,test_global_info,../../../../ifix/datavol/Repo/Coinsta/tests/test_coinsta.py,,,failed,AssertionError: 26 != 11,0.17017518542706966
tests/test_coinsta.py::TestCoinsta::test_historical,tests.test_coinsta,test_historical,../../../../ifix/datavol/Repo/Coinsta/tests/test_coinsta.py,,,passed,,0.000554908998310566
tests/test_coinsta.py::TestCoinsta::test_historical_start,tests.test_coinsta,test_historical_start,../../../../ifix/datavol/Repo/Coinsta/tests/test_coinsta.py,,,passed,,0.0005000950768589973
tests/test_coinsta.py::TestCoinsta::test_historical_snapshot,tests.test_coinsta,test_historical_snapshot,../../../../ifix/datavol/Repo/Coinsta/tests/test_coinsta.py,,,failed,AssertionError: 1000 != 10,1.0137766683474183
tests/test_coinsta.py::TestCoinsta::test_snapshot_period,tests.test_coinsta,test_snapshot_period,../../../../ifix/datavol/Repo/Coinsta/tests/test_coinsta.py,,,passed,,0.7300434587523341
tests/test_coinsta.py::TestCoinsta::test_historical_ticker,tests.test_coinsta,test_historical_ticker,../../../../ifix/datavol/Repo/Coinsta/tests/test_coinsta.py,,,passed,,0.695153970271349
tests/test_coinsta.py::TestCoinsta::test_from_strings_2,tests.test_coinsta,test_from_strings_2,../../../../ifix/datavol/Repo/Coinsta/tests/test_coinsta.py,,,passed,,0.0022673439234495163
tests/test_coinsta.py::TestCoinsta::test_from_strings,tests.test_coinsta,test_from_strings,../../../../ifix/datavol/Repo/Coinsta/tests/test_coinsta.py,,,passed,,0.0006939033046364784
tests/test_coinsta.py::TestCoinsta::test_snapshot_strings,tests.test_coinsta,test_snapshot_strings,../../../../ifix/datavol/Repo/Coinsta/tests/test_coinsta.py,,,failed,AssertionError: 1000 != 10,0.8983567953109741
tests/test_coinsta.py::TestCoinsta::test_top_100,tests.test_coinsta,test_top_100,../../../../ifix/datavol/Repo/Coinsta/tests/test_coinsta.py,,,failed,AssertionError: 26 != 20,0.22348373848944902
tests/test_coinsta.py::TestCoinsta::test_snapshot_strings2,tests.test_coinsta,test_snapshot_strings2,../../../../ifix/datavol/Repo/Coinsta/tests/test_coinsta.py,,,failed,AssertionError: 1000 != 10,0.7973234942182899
