id,module,name,file,doc,markers,status,message,duration
tests/test_coinsta.py::TestCoinsta::test_get_current,tests.test_coinsta,test_get_current,../../../../ifix/datavol/Repo/Coinsta/tests/test_coinsta.py,,,failed,AssertionError: 19 != 13,0.1967406254261732
tests/test_coinsta.py::TestCoinsta::test_snapshot_strings2,tests.test_coinsta,test_snapshot_strings2,../../../../ifix/datavol/Repo/Coinsta/tests/test_coinsta.py,,,failed,AssertionError: 1000 != 10,1.2901249518617988
tests/test_coinsta.py::TestCoinsta::test_from_strings_2,tests.test_coinsta,test_from_strings_2,../../../../ifix/datavol/Repo/Coinsta/tests/test_coinsta.py,,,passed,,0.0006363587453961372
tests/test_coinsta.py::TestCoinsta::test_from_strings,tests.test_coinsta,test_from_strings,../../../../ifix/datavol/Repo/Coinsta/tests/test_coinsta.py,,,passed,,0.0016177948564291
tests/test_coinsta.py::TestCoinsta::test_historical_ticker,tests.test_coinsta,test_historical_ticker,../../../../ifix/datavol/Repo/Coinsta/tests/test_coinsta.py,,,passed,,0.5727423708885908
tests/test_coinsta.py::TestCoinsta::test_top_100,tests.test_coinsta,test_top_100,../../../../ifix/datavol/Repo/Coinsta/tests/test_coinsta.py,,,failed,AssertionError: 26 != 20,0.249991818331182
tests/test_coinsta.py::TestCoinsta::test_historical,tests.test_coinsta,test_historical,../../../../ifix/datavol/Repo/Coinsta/tests/test_coinsta.py,,,passed,,0.00032556429505348206
tests/test_coinsta.py::TestCoinsta::test_snapshot_strings,tests.test_coinsta,test_snapshot_strings,../../../../ifix/datavol/Repo/Coinsta/tests/test_coinsta.py,,,failed,AssertionError: 1000 != 10,1.6930263228714466
tests/test_coinsta.py::TestCoinsta::test_global_info,tests.test_coinsta,test_global_info,../../../../ifix/datavol/Repo/Coinsta/tests/test_coinsta.py,,,failed,AssertionError: 26 != 11,0.1502689691260457
tests/test_coinsta.py::TestCoinsta::test_snapshot_period,tests.test_coinsta,test_snapshot_period,../../../../ifix/datavol/Repo/Coinsta/tests/test_coinsta.py,,,passed,,1.0307367201894522
tests/test_coinsta.py::TestCoinsta::test_historical_snapshot,tests.test_coinsta,test_historical_snapshot,../../../../ifix/datavol/Repo/Coinsta/tests/test_coinsta.py,,,failed,AssertionError: 1000 != 10,0.9587989123538136
tests/test_coinsta.py::TestCoinsta::test_historical_start,tests.test_coinsta,test_historical_start,../../../../ifix/datavol/Repo/Coinsta/tests/test_coinsta.py,,,passed,,0.00038159359246492386
tests/test_coinsta.py::TestCoinsta::test_get_data,tests.test_coinsta,test_get_data,../../../../ifix/datavol/Repo/Coinsta/tests/test_coinsta.py,,,failed,ValueError: No tables found,5.096153409220278
