id,module,name,file,doc,markers,status,message,duration
tests/test_coinsta.py::TestCoinsta::test_snapshot_period,tests.test_coinsta,test_snapshot_period,../../../../ifix/datavol/Repo/Coinsta/tests/test_coinsta.py,,,passed,,1.223719011992216
tests/test_coinsta.py::TestCoinsta::test_historical_snapshot,tests.test_coinsta,test_historical_snapshot,../../../../ifix/datavol/Repo/Coinsta/tests/test_coinsta.py,,,failed,AssertionError: 1000 != 10,1.1735820472240448
tests/test_coinsta.py::TestCoinsta::test_top_100,tests.test_coinsta,test_top_100,../../../../ifix/datavol/Repo/Coinsta/tests/test_coinsta.py,,,failed,AssertionError: 26 != 20,0.2726996187120676
tests/test_coinsta.py::TestCoinsta::test_global_info,tests.test_coinsta,test_global_info,../../../../ifix/datavol/Repo/Coinsta/tests/test_coinsta.py,,,failed,AssertionError: 26 != 11,0.17395064793527126
tests/test_coinsta.py::TestCoinsta::test_snapshot_strings2,tests.test_coinsta,test_snapshot_strings2,../../../../ifix/datavol/Repo/Coinsta/tests/test_coinsta.py,,,failed,AssertionError: 1000 != 10,1.1628062166273594
tests/test_coinsta.py::TestCoinsta::test_from_strings_2,tests.test_coinsta,test_from_strings_2,../../../../ifix/datavol/Repo/Coinsta/tests/test_coinsta.py,,,passed,,0.0007543303072452545
tests/test_coinsta.py::TestCoinsta::test_historical_ticker,tests.test_coinsta,test_historical_ticker,../../../../ifix/datavol/Repo/Coinsta/tests/test_coinsta.py,,,passed,,0.6333069652318954
tests/test_coinsta.py::TestCoinsta::test_get_data,tests.test_coinsta,test_get_data,../../../../ifix/datavol/Repo/Coinsta/tests/test_coinsta.py,,,failed,ValueError: No tables found,6.136621031910181
tests/test_coinsta.py::TestCoinsta::test_get_current,tests.test_coinsta,test_get_current,../../../../ifix/datavol/Repo/Coinsta/tests/test_coinsta.py,,,failed,AssertionError: 19 != 13,0.214194156229496
tests/test_coinsta.py::TestCoinsta::test_historical,tests.test_coinsta,test_historical,../../../../ifix/datavol/Repo/Coinsta/tests/test_coinsta.py,,,passed,,0.0005507608875632286
tests/test_coinsta.py::TestCoinsta::test_historical_start,tests.test_coinsta,test_historical_start,../../../../ifix/datavol/Repo/Coinsta/tests/test_coinsta.py,,,passed,,0.00046132225543260574
tests/test_coinsta.py::TestCoinsta::test_snapshot_strings,tests.test_coinsta,test_snapshot_strings,../../../../ifix/datavol/Repo/Coinsta/tests/test_coinsta.py,,,failed,AssertionError: 1000 != 10,1.203831734135747
tests/test_coinsta.py::TestCoinsta::test_from_strings,tests.test_coinsta,test_from_strings,../../../../ifix/datavol/Repo/Coinsta/tests/test_coinsta.py,,,passed,,0.0004473775625228882
